story_id,feature_area,persona,user_story,frontend_steps,expected_persisted_result,permission_negative_path,test_requirements,priority,current_status,inventory_basis,source_reference,current_candidate_commit,planned_test_reference,current_execution_evidence,gap_or_blocker
US-SP-AUTH-001,Authentication and identity,registered user,"As a registered user, I want to sign in with valid credentials.",Open login; enter fixture credentials; submit; open Chats; reload.,The same authorized identity persists and only its permitted data is visible.,"An unsigned, expired or different-user session cannot access the protected action or disclose its result.",REAL_LOGIN; SIGNED_IDENTITIES; NEGATIVE_SERVER,P0,PARTIAL,HISTORICAL_SOURCE_DERIVED,static/login.js; static/onboarding.js; static/panels.js,WebUI HEAD 451acb916a33d9267713eaf57aba7f93e462993c; engine HEAD 97fbbecd35984d5e28a3482d60a1165121333fc9. Exact tested file fingerprints: evidence/source-provenance.json. Frozen run 20260909-080212-676633000; commits and content fingerprints are distinct provenance. Any explicitly permitted post-run operator additions are recorded separately as post_run_operator_scripts and are not browser-tested source.,test-kit/tests/e2e/full/authentication.spec.ts:2 | test-kit/tests/e2e/full/authentication.spec.ts:9,"PASS subset [20260909-080212-676633000]: US-SP-AUTH-001 actual password login rejects invalid input then establishes authenticated session; Actual invalid-password error followed by successful password login and HTTP-only authenticated cookie. Frozen source: True; current spec: True; all tested source files unchanged: True. Any permitted new operator scripts have separate provenance and no browser certification. Delivered report: evidence/executed-scenarios.csv (match test title and run ID). | PASS subset [20260909-080212-676633000]: US-SP-AUTH-ANONYMOUS authenticated data APIs reject absent cookie; Unsigned separate browser receives 401 from sessions, governance users and memory APIs. Frozen source: True; current spec: True; all tested source files unchanged: True. Any permitted new operator scripts have separate provenance and no browser certification. Delivered report: evidence/executed-scenarios.csv (match test title and run ID).","Only the listed assertions are evidenced; complete the remaining explicit frontend, persistence and permission requirements in this row."
US-SP-AUTH-002,Authentication and identity,registered user,"As a registered user, I want to recover from invalid credentials.",Enter an incorrect fixture password; submit; then correct it.,The rejected attempt creates no usable authenticated session; correction succeeds without a stuck state.,"An unsigned, expired or different-user session cannot access the protected action or disclose its result.",REAL_LOGIN; SIGNED_IDENTITIES; NEGATIVE_SERVER,P0,PARTIAL,HISTORICAL_SOURCE_DERIVED,static/login.js; static/onboarding.js; static/panels.js,WebUI HEAD 451acb916a33d9267713eaf57aba7f93e462993c; engine HEAD 97fbbecd35984d5e28a3482d60a1165121333fc9. Exact tested file fingerprints: evidence/source-provenance.json. Frozen run 20260909-080212-676633000; commits and content fingerprints are distinct provenance. Any explicitly permitted post-run operator additions are recorded separately as post_run_operator_scripts and are not browser-tested source.,test-kit/tests/e2e/full/authentication.spec.ts:2 | test-kit/tests/e2e/full/authentication.spec.ts:9,"PASS subset [20260909-080212-676633000]: US-SP-AUTH-001 actual password login rejects invalid input then establishes authenticated session; Actual invalid-password error followed by successful password login and HTTP-only authenticated cookie. Frozen source: True; current spec: True; all tested source files unchanged: True. Any permitted new operator scripts have separate provenance and no browser certification. Delivered report: evidence/executed-scenarios.csv (match test title and run ID). | PASS subset [20260909-080212-676633000]: US-SP-AUTH-ANONYMOUS authenticated data APIs reject absent cookie; Unsigned separate browser receives 401 from sessions, governance users and memory APIs. Frozen source: True; current spec: True; all tested source files unchanged: True. Any permitted new operator scripts have separate provenance and no browser certification. Delivered report: evidence/executed-scenarios.csv (match test title and run ID).","Only the listed assertions are evidenced; complete the remaining explicit frontend, persistence and permission requirements in this row."
US-SP-AUTH-003,Authentication and identity,registered user,"As a registered user, I want to sign out cleanly.",Open Settings; activate Sign out; use Back; reload the previous chat URL.,The session is invalidated and protected content is unavailable through history or direct requests.,"An unsigned, expired or different-user session cannot access the protected action or disclose its result.",REAL_LOGIN; SIGNED_IDENTITIES; NEGATIVE_SERVER,P0,PARTIAL,HISTORICAL_SOURCE_DERIVED,static/login.js; static/onboarding.js; static/panels.js,WebUI HEAD 451acb916a33d9267713eaf57aba7f93e462993c; engine HEAD 97fbbecd35984d5e28a3482d60a1165121333fc9. Exact tested file fingerprints: evidence/source-provenance.json. Frozen run 20260909-080212-676633000; commits and content fingerprints are distinct provenance. Any explicitly permitted post-run operator additions are recorded separately as post_run_operator_scripts and are not browser-tested source.,test-kit/tests/e2e/full/authentication.spec.ts:6 | test-kit/tests/e2e/full/authentication.spec.ts:9,"PASS subset [20260909-080212-676633000]: US-SP-AUTH-LOGOUT sign out revokes browser access and redirects to login; Actual login, sign out, and subsequent protected root redirect to login. Frozen source: True; current spec: True; all tested source files unchanged: True. Any permitted new operator scripts have separate provenance and no browser certification. Delivered report: evidence/executed-scenarios.csv (match test title and run ID). | PASS subset [20260909-080212-676633000]: US-SP-AUTH-ANONYMOUS authenticated data APIs reject absent cookie; Unsigned separate browser receives 401 from sessions, governance users and memory APIs. Frozen source: True; current spec: True; all tested source files unchanged: True. Any permitted new operator scripts have separate provenance and no browser certification. Delivered report: evidence/executed-scenarios.csv (match test title and run ID).","Only the listed assertions are evidenced; complete the remaining explicit frontend, persistence and permission requirements in this row."
US-SP-AUTH-004,Authentication and identity,registered user,"As a registered user, I want to handle session expiry.",Open a fixture-owned chat; expire that session through the fixture controller; click a protected action; reauthenticate.,A recoverable authentication state appears and no failed action is reported as successful.,"An unsigned, expired or different-user session cannot access the protected action or disclose its result.",REAL_LOGIN; SIGNED_IDENTITIES; NEGATIVE_SERVER,P0,NOT RUN,HISTORICAL_SOURCE_DERIVED,static/login.js; static/onboarding.js; static/panels.js,WebUI HEAD 451acb916a33d9267713eaf57aba7f93e462993c; engine HEAD 97fbbecd35984d5e28a3482d60a1165121333fc9. Exact tested file fingerprints: evidence/source-provenance.json. Frozen run 20260909-080212-676633000; commits and content fingerprints are distinct provenance. Any explicitly permitted post-run operator additions are recorded separately as post_run_operator_scripts and are not browser-tested source.,NOT YET MAPPED TO EXECUTED FRONTEND CASE,NONE: no semantically matching actual frontend assertion found in current isolated run reports.,"LOCALLY MISSING: verify current exposure/contract and implement the stated real-browser workflow, fixture and negative path. Historical provenance alone does not establish current availability."
US-SP-AUTH-005,Authentication and identity,registered user,"As a registered user, I want to keep separate users isolated.",Use two browser contexts for Alice and Bob; open the same panels; switch profiles in one; reload both.,"Identity, private data and cached catalogs remain scoped to the respective user.","An unsigned, expired or different-user session cannot access the protected action or disclose its result.",REAL_LOGIN; SIGNED_IDENTITIES; NEGATIVE_SERVER,P0,PARTIAL,HISTORICAL_SOURCE_DERIVED,static/login.js; static/onboarding.js; static/panels.js,WebUI HEAD 451acb916a33d9267713eaf57aba7f93e462993c; engine HEAD 97fbbecd35984d5e28a3482d60a1165121333fc9. Exact tested file fingerprints: evidence/source-provenance.json. Frozen run 20260909-080212-676633000; commits and content fingerprints are distinct provenance. Any explicitly permitted post-run operator additions are recorded separately as post_run_operator_scripts and are not browser-tested source.,test-kit/tests/e2e/full/governance-policy.spec.ts:53,PASS subset [20260909-080212-676633000]: US-SP-AUTH-CSRF cross-origin cookie-auth mutation without CSRF is rejected; Cookie-authenticated cross-origin session creation receives 403; this is CSRF coverage only. Frozen source: True; current spec: True; all tested source files unchanged: True. Any permitted new operator scripts have separate provenance and no browser certification. Delivered report: evidence/executed-scenarios.csv (match test title and run ID).,"Only the listed assertions are evidenced; complete the remaining explicit frontend, persistence and permission requirements in this row."
US-SP-AUTH-006,Authentication and identity,registered user,"As a registered user, I want to open an authorized deep link.",Copy a fixture chat link; open it in a fresh authenticated tab; reload.,The correct permitted conversation/profile restores without changing another session.,"An unsigned, expired or different-user session cannot access the protected action or disclose its result.",REAL_LOGIN; SIGNED_IDENTITIES; NEGATIVE_SERVER,P0,NOT RUN,HISTORICAL_SOURCE_DERIVED,static/login.js; static/onboarding.js; static/panels.js,WebUI HEAD 451acb916a33d9267713eaf57aba7f93e462993c; engine HEAD 97fbbecd35984d5e28a3482d60a1165121333fc9. Exact tested file fingerprints: evidence/source-provenance.json. Frozen run 20260909-080212-676633000; commits and content fingerprints are distinct provenance. Any explicitly permitted post-run operator additions are recorded separately as post_run_operator_scripts and are not browser-tested source.,NOT YET MAPPED TO EXECUTED FRONTEND CASE,NONE: no semantically matching actual frontend assertion found in current isolated run reports.,"LOCALLY MISSING: verify current exposure/contract and implement the stated real-browser workflow, fixture and negative path. Historical provenance alone does not establish current availability."
US-SP-AUTH-007,Authentication and identity,registered user,"As a registered user, I want to refuse an unauthorized deep link.",Open an outsider-owned chat or file URL in Alice's tab.,Protected data is absent; denied/not-found feedback is clear; no private payload is returned.,"An unsigned, expired or different-user session cannot access the protected action or disclose its result.",REAL_LOGIN; SIGNED_IDENTITIES; NEGATIVE_SERVER,P0,PARTIAL,HISTORICAL_SOURCE_DERIVED,static/login.js; static/onboarding.js; static/panels.js,WebUI HEAD 451acb916a33d9267713eaf57aba7f93e462993c; engine HEAD 97fbbecd35984d5e28a3482d60a1165121333fc9. Exact tested file fingerprints: evidence/source-provenance.json. Frozen run 20260909-080212-676633000; commits and content fingerprints are distinct provenance. Any explicitly permitted post-run operator additions are recorded separately as post_run_operator_scripts and are not browser-tested source.,test-kit/tests/e2e/full/authentication.spec.ts:9,"PASS subset [20260909-080212-676633000]: US-SP-AUTH-ANONYMOUS authenticated data APIs reject absent cookie; Unsigned separate browser receives 401 from sessions, governance users and memory APIs. Frozen source: True; current spec: True; all tested source files unchanged: True. Any permitted new operator scripts have separate provenance and no browser certification. Delivered report: evidence/executed-scenarios.csv (match test title and run ID).","Only the listed assertions are evidenced; complete the remaining explicit frontend, persistence and permission requirements in this row."
US-SP-AUTH-008,Authentication and identity,registered user,"As a registered user, I want to handle unavailable authentication service.",Make the fixture login service unavailable; submit; restore it; retry.,"Failure is visible, submit recovers and no authenticated state is invented.","An unsigned, expired or different-user session cannot access the protected action or disclose its result.",REAL_LOGIN; SIGNED_IDENTITIES; NEGATIVE_SERVER,P0,NOT RUN,HISTORICAL_SOURCE_DERIVED,static/login.js; static/onboarding.js; static/panels.js,WebUI HEAD 451acb916a33d9267713eaf57aba7f93e462993c; engine HEAD 97fbbecd35984d5e28a3482d60a1165121333fc9. Exact tested file fingerprints: evidence/source-provenance.json. Frozen run 20260909-080212-676633000; commits and content fingerprints are distinct provenance. Any explicitly permitted post-run operator additions are recorded separately as post_run_operator_scripts and are not browser-tested source.,NOT YET MAPPED TO EXECUTED FRONTEND CASE,NONE: no semantically matching actual frontend assertion found in current isolated run reports.,"LOCALLY MISSING: verify current exposure/contract and implement the stated real-browser workflow, fixture and negative path. Historical provenance alone does not establish current availability."
US-SP-AUTH-009,Authentication and identity,registered user,"As a registered user, I want to register and use a passkey.",Open Settings > System; register a browser virtual-authenticator passkey; sign out; sign in with it.,The credential belongs to the correct fixture account and survives reload.,"Another account cannot list, use or delete it.",VIRTUAL_AUTHENTICATOR; REAL_LOGIN; RELOAD; NEGATIVE_SERVER,P0,PARTIAL,HISTORICAL_SOURCE_DERIVED,static/login.js; static/onboarding.js; static/panels.js,WebUI HEAD 451acb916a33d9267713eaf57aba7f93e462993c; engine HEAD 97fbbecd35984d5e28a3482d60a1165121333fc9. Exact tested file fingerprints: evidence/source-provenance.json. Frozen run 20260909-080212-676633000; commits and content fingerprints are distinct provenance. Any explicitly permitted post-run operator additions are recorded separately as post_run_operator_scripts and are not browser-tested source.,test-kit/tests/e2e/full/settings-complete.spec.ts:58,"PASS subset [20260909-080212-676633000]: US-SP-AUTH-009 virtual authenticator registers signs in and removes an actual passkey; Virtual CTAP2 authenticator registers, reloads, signs in as expected identity, cancels then confirms passkey removal. Real device not exercised. Frozen source: True; current spec: True; all tested source files unchanged: True. Any permitted new operator scripts have separate provenance and no browser certification. Delivered report: evidence/executed-scenarios.csv (match test title and run ID).",Virtual CTAP2 register/reload/login proves the browser protocol and identity. Another-account list/use/delete probes and physical device compatibility remain.
US-SP-AUTH-010,Authentication and identity,registered user,"As a registered user, I want to remove a passkey.",Register two fixture passkeys; remove one in Settings; reload; retry that credential.,Only the chosen credential is removed; the remaining one works.,A non-owner cannot remove the credential.,VIRTUAL_AUTHENTICATOR; RELOAD; NEGATIVE_SERVER,P0,PARTIAL,HISTORICAL_SOURCE_DERIVED,static/login.js; static/onboarding.js; static/panels.js,WebUI HEAD 451acb916a33d9267713eaf57aba7f93e462993c; engine HEAD 97fbbecd35984d5e28a3482d60a1165121333fc9. Exact tested file fingerprints: evidence/source-provenance.json. Frozen run 20260909-080212-676633000; commits and content fingerprints are distinct provenance. Any explicitly permitted post-run operator additions are recorded separately as post_run_operator_scripts and are not browser-tested source.,test-kit/tests/e2e/full/settings-complete.spec.ts:58,"PASS subset [20260909-080212-676633000]: US-SP-AUTH-009 virtual authenticator registers signs in and removes an actual passkey; Virtual CTAP2 authenticator registers, reloads, signs in as expected identity, cancels then confirms passkey removal. Real device not exercised. Frozen source: True; current spec: True; all tested source files unchanged: True. Any permitted new operator scripts have separate provenance and no browser certification. Delivered report: evidence/executed-scenarios.csv (match test title and run ID).","Cancel/confirm removal of one virtual credential is covered. Two independent credentials, retained-credential login and revoked-credential retry plus non-owner delete remain."
US-SP-CHAT-001,"Composer, responses and runtime",authorized chat user,"As an authorized chat user, I want to start a new conversation.",Click New chat; choose a permitted bot; type a unique prompt; click Send.,One conversation and user turn persist; the selected bot produces the expected deterministic answer.,"Without chat, profile, model or tool access the server denies the action and no protected provider/tool dispatch occurs.",REAL_BROWSER; DETERMINISTIC_PROVIDER; RELOAD; NEGATIVE_SERVER,P1,PARTIAL,HISTORICAL_SOURCE_DERIVED,static/messages.js; static/commands.js; static/index.html; chat-experience-v2/browser_qa.cjs,WebUI HEAD 451acb916a33d9267713eaf57aba7f93e462993c; engine HEAD 97fbbecd35984d5e28a3482d60a1165121333fc9. Exact tested file fingerprints: evidence/source-provenance.json. Frozen run 20260909-080212-676633000; commits and content fingerprints are distinct provenance. Any explicitly permitted post-run operator additions are recorded separately as post_run_operator_scripts and are not browser-tested source.,test-kit/tests/e2e/full/chat.spec.ts:3,"PASS subset [20260909-080212-676633000]: US-SP-CHAT-001 real composer dispatches through real engine and deterministic provider, persists reload; Rendered new conversation and composer dispatch through actual engine to deterministic provider; exact assistant marker persists via API and reload. Frozen source: True; current spec: True; all tested source files unchanged: True. Any permitted new operator scripts have separate provenance and no browser certification. Delivered report: evidence/executed-scenarios.csv (match test title and run ID).",Remaining story-specific lifecycle/renderer assertions and direct denied-dispatch probes; successful dispatch alone does not establish the role/profile/model/tool negative path.
US-SP-CHAT-002,"Composer, responses and runtime",authorized chat user,"As an authorized chat user, I want to switch Chat and Super agent modes.",Click each mode control; send a distinct prompt in each; reload.,The chosen mode persists and the engine uses its appropriate tool surface.,"Without chat, profile, model or tool access the server denies the action and no protected provider/tool dispatch occurs.",REAL_BROWSER; DETERMINISTIC_PROVIDER; RELOAD; NEGATIVE_SERVER,P1,PARTIAL,HISTORICAL_SOURCE_DERIVED,static/messages.js; static/commands.js; static/index.html; chat-experience-v2/browser_qa.cjs,WebUI HEAD 451acb916a33d9267713eaf57aba7f93e462993c; engine HEAD 97fbbecd35984d5e28a3482d60a1165121333fc9. Exact tested file fingerprints: evidence/source-provenance.json. Frozen run 20260909-080212-676633000; commits and content fingerprints are distinct provenance. Any explicitly permitted post-run operator additions are recorded separately as post_run_operator_scripts and are not browser-tested source.,test-kit/tests/e2e/full/chat.spec.ts:10,PASS subset [20260909-080212-676633000]: US-SP-CHAT-002 modes change through header and survive reload; Chat and Super modes save to session and normal mode survives reload. Frozen source: True; current spec: True; all tested source files unchanged: True. Any permitted new operator scripts have separate provenance and no browser certification. Delivered report: evidence/executed-scenarios.csv (match test title and run ID).,Remaining story-specific lifecycle/renderer assertions and direct denied-dispatch probes; successful dispatch alone does not establish the role/profile/model/tool negative path.
US-SP-CHAT-003,"Composer, responses and runtime",authorized chat user,"As an authorized chat user, I want to preserve model and provider together.",Choose a permitted model/provider pair; create a chat; send; reload.,The exact pair remains in the UI and actual worker request.,"Without chat, profile, model or tool access the server denies the action and no protected provider/tool dispatch occurs.",REAL_BROWSER; DETERMINISTIC_PROVIDER; RELOAD; NEGATIVE_SERVER,P1,NOT RUN,HISTORICAL_SOURCE_DERIVED,static/messages.js; static/commands.js; static/index.html; chat-experience-v2/browser_qa.cjs,WebUI HEAD 451acb916a33d9267713eaf57aba7f93e462993c; engine HEAD 97fbbecd35984d5e28a3482d60a1165121333fc9. Exact tested file fingerprints: evidence/source-provenance.json. Frozen run 20260909-080212-676633000; commits and content fingerprints are distinct provenance. Any explicitly permitted post-run operator additions are recorded separately as post_run_operator_scripts and are not browser-tested source.,NOT YET MAPPED TO EXECUTED FRONTEND CASE,NONE: no semantically matching actual frontend assertion found in current isolated run reports.,"LOCALLY MISSING: verify current exposure/contract and implement the stated real-browser workflow, fixture and negative path. Historical provenance alone does not establish current availability."
US-SP-CHAT-004,"Composer, responses and runtime",authorized chat user,"As an authorized chat user, I want to use the configured send shortcut.",Set each send-key preference; type multiline text; exercise send/newline keys.,The action happens once and stored text preserves intended line breaks.,A disabled composer cannot submit through keyboard.,REAL_BROWSER; KEYBOARD; RELOAD,P1,PARTIAL,HISTORICAL_SOURCE_DERIVED,static/messages.js; static/commands.js; static/index.html; chat-experience-v2/browser_qa.cjs,WebUI HEAD 451acb916a33d9267713eaf57aba7f93e462993c; engine HEAD 97fbbecd35984d5e28a3482d60a1165121333fc9. Exact tested file fingerprints: evidence/source-provenance.json. Frozen run 20260909-080212-676633000; commits and content fingerprints are distinct provenance. Any explicitly permitted post-run operator additions are recorded separately as post_run_operator_scripts and are not browser-tested source.,test-kit/tests/e2e/full/chat.spec.ts:16 | test-kit/tests/e2e/full/settings-complete.spec.ts:81,PASS subset [20260909-080212-676633000]: US-SP-CHAT-004 Shift Enter inserts newline without sending; Shift+Enter inserts newline while actual persisted message list remains empty; other send-key permutations remain. Frozen source: True; current spec: True; all tested source files unchanged: True. Any permitted new operator scripts have separate provenance and no browser certification. Delivered report: evidence/executed-scenarios.csv (match test title and run ID). | PASS subset [20260909-080212-676633000]: US-SP-PREF-SELECT-send_key every offered option saves and restores; Every offered send_key option saves and original choice reloads; actual downstream behavior remains. Frozen source: True; current spec: True; all tested source files unchanged: True. Any permitted new operator scripts have separate provenance and no browser certification. Delivered report: evidence/executed-scenarios.csv (match test title and run ID).,Remaining story-specific lifecycle/renderer assertions and direct denied-dispatch probes; successful dispatch alone does not establish the role/profile/model/tool negative path.
US-SP-CHAT-005,"Composer, responses and runtime",authorized chat user,"As an authorized chat user, I want to prevent duplicate sending.",Double-click Send and press the send key during a delayed submit response.,Only one logical message/turn is stored and busy state is truthful.,"Without chat, profile, model or tool access the server denies the action and no protected provider/tool dispatch occurs.",REAL_BROWSER; DETERMINISTIC_PROVIDER; RELOAD; NEGATIVE_SERVER,P1,NOT RUN,HISTORICAL_SOURCE_DERIVED,static/messages.js; static/commands.js; static/index.html; chat-experience-v2/browser_qa.cjs,WebUI HEAD 451acb916a33d9267713eaf57aba7f93e462993c; engine HEAD 97fbbecd35984d5e28a3482d60a1165121333fc9. Exact tested file fingerprints: evidence/source-provenance.json. Frozen run 20260909-080212-676633000; commits and content fingerprints are distinct provenance. Any explicitly permitted post-run operator additions are recorded separately as post_run_operator_scripts and are not browser-tested source.,NOT YET MAPPED TO EXECUTED FRONTEND CASE,NONE: no semantically matching actual frontend assertion found in current isolated run reports.,"LOCALLY MISSING: verify current exposure/contract and implement the stated real-browser workflow, fixture and negative path. Historical provenance alone does not establish current availability."
US-SP-CHAT-006,"Composer, responses and runtime",authorized chat user,"As an authorized chat user, I want to queue a follow-up while busy.",Start a delayed response; choose Queue follow-up; submit another prompt; finish the first.,The follow-up executes in order with no lost draft or duplicate user message.,"Without chat, profile, model or tool access the server denies the action and no protected provider/tool dispatch occurs.",REAL_BROWSER; DETERMINISTIC_PROVIDER; RELOAD; NEGATIVE_SERVER,P1,PARTIAL,HISTORICAL_SOURCE_DERIVED,static/messages.js; static/commands.js; static/index.html; chat-experience-v2/browser_qa.cjs,WebUI HEAD 451acb916a33d9267713eaf57aba7f93e462993c; engine HEAD 97fbbecd35984d5e28a3482d60a1165121333fc9. Exact tested file fingerprints: evidence/source-provenance.json. Frozen run 20260909-080212-676633000; commits and content fingerprints are distinct provenance. Any explicitly permitted post-run operator additions are recorded separately as post_run_operator_scripts and are not browser-tested source.,test-kit/tests/e2e/full/chat-lifecycle.spec.ts:5,"PASS subset [20260909-080212-676633000]: US-SP-CHAT-006 queue follow-up waits then produces two persisted ordered turns; Actual queued follow-up waits for the first run, then exactly two ordered turns persist and the queue clears. Frozen source: True; current spec: True; all tested source files unchanged: True. Any permitted new operator scripts have separate provenance and no browser certification. Delivered report: evidence/executed-scenarios.csv (match test title and run ID).",Remaining story-specific lifecycle/renderer assertions and direct denied-dispatch probes; successful dispatch alone does not establish the role/profile/model/tool negative path.
US-SP-CHAT-007,"Composer, responses and runtime",authorized chat user,"As an authorized chat user, I want to steer a running turn.",Start a delayed response; choose Steer; submit a correction; complete the run.,The correction reaches the active run and the stored transcript matches the supported lifecycle.,"Without chat, profile, model or tool access the server denies the action and no protected provider/tool dispatch occurs.",REAL_BROWSER; DETERMINISTIC_PROVIDER; RELOAD; NEGATIVE_SERVER,P1,PARTIAL,HISTORICAL_SOURCE_DERIVED,static/messages.js; static/commands.js; static/index.html; chat-experience-v2/browser_qa.cjs,WebUI HEAD 451acb916a33d9267713eaf57aba7f93e462993c; engine HEAD 97fbbecd35984d5e28a3482d60a1165121333fc9. Exact tested file fingerprints: evidence/source-provenance.json. Frozen run 20260909-080212-676633000; commits and content fingerprints are distinct provenance. Any explicitly permitted post-run operator additions are recorded separately as post_run_operator_scripts and are not browser-tested source.,test-kit/tests/e2e/full/chat-lifecycle.spec.ts:20,PASS subset [20260909-080212-676633000]: US-SP-CHAT-007 actual steer accepted mid-turn influences next model iteration; Actual mid-run steer is accepted by the real endpoint and changes the next deterministic model iteration. Frozen source: True; current spec: True; all tested source files unchanged: True. Any permitted new operator scripts have separate provenance and no browser certification. Delivered report: evidence/executed-scenarios.csv (match test title and run ID).,Remaining story-specific lifecycle/renderer assertions and direct denied-dispatch probes; successful dispatch alone does not establish the role/profile/model/tool negative path.
US-SP-CHAT-008,"Composer, responses and runtime",authorized chat user,"As an authorized chat user, I want to interrupt a running turn.",Start a delayed response; choose Interrupt; submit replacement instructions.,The first run is interrupted and its late events cannot overwrite the replacement.,"Without chat, profile, model or tool access the server denies the action and no protected provider/tool dispatch occurs.",REAL_BROWSER; DETERMINISTIC_PROVIDER; RELOAD; NEGATIVE_SERVER,P1,PARTIAL,HISTORICAL_SOURCE_DERIVED,static/messages.js; static/commands.js; static/index.html; chat-experience-v2/browser_qa.cjs,WebUI HEAD 451acb916a33d9267713eaf57aba7f93e462993c; engine HEAD 97fbbecd35984d5e28a3482d60a1165121333fc9. Exact tested file fingerprints: evidence/source-provenance.json. Frozen run 20260909-080212-676633000; commits and content fingerprints are distinct provenance. Any explicitly permitted post-run operator additions are recorded separately as post_run_operator_scripts and are not browser-tested source.,test-kit/tests/e2e/full/chat-lifecycle.spec.ts:17,PASS subset [20260909-080212-676633000]: US-SP-CHAT-008 explicit interrupt cancels first response and starts requested next message; Actual interrupt cancels the first response and runs the replacement exactly once without losing its queued prompt. Frozen source: True; current spec: True; all tested source files unchanged: True. Any permitted new operator scripts have separate provenance and no browser certification. Delivered report: evidence/executed-scenarios.csv (match test title and run ID).,Remaining story-specific lifecycle/renderer assertions and direct denied-dispatch probes; successful dispatch alone does not establish the role/profile/model/tool negative path.
US-SP-CHAT-009,"Composer, responses and runtime",authorized chat user,"As an authorized chat user, I want to stop an active response.",Start a streaming response; click Stop; wait; reload.,The stopped outcome survives reload; no invented completion or stuck composer remains.,"Without chat, profile, model or tool access the server denies the action and no protected provider/tool dispatch occurs.",REAL_BROWSER; DETERMINISTIC_PROVIDER; RELOAD; NEGATIVE_SERVER,P1,PARTIAL,HISTORICAL_SOURCE_DERIVED,static/messages.js; static/commands.js; static/index.html; chat-experience-v2/browser_qa.cjs,WebUI HEAD 451acb916a33d9267713eaf57aba7f93e462993c; engine HEAD 97fbbecd35984d5e28a3482d60a1165121333fc9. Exact tested file fingerprints: evidence/source-provenance.json. Frozen run 20260909-080212-676633000; commits and content fingerprints are distinct provenance. Any explicitly permitted post-run operator additions are recorded separately as post_run_operator_scripts and are not browser-tested source.,test-kit/tests/e2e/full/chat-lifecycle.spec.ts:8,"PASS subset [20260909-080212-676633000]: US-SP-CHAT-009 Stop generation cancels in-flight run and accepts a fresh next turn; Stop cancels the actual active run, leaves no fabricated initial assistant completion and a fresh next turn succeeds. Frozen source: True; current spec: True; all tested source files unchanged: True. Any permitted new operator scripts have separate provenance and no browser certification. Delivered report: evidence/executed-scenarios.csv (match test title and run ID).",Remaining story-specific lifecycle/renderer assertions and direct denied-dispatch probes; successful dispatch alone does not establish the role/profile/model/tool negative path.
US-SP-CHAT-010,"Composer, responses and runtime",authorized chat user,"As an authorized chat user, I want to retain a draft after send failure.",Type text and attach a fixture file; fail submit; retry after recovery.,Draft and attachment remain recoverable; retry stores one turn.,"Without chat, profile, model or tool access the server denies the action and no protected provider/tool dispatch occurs.",REAL_BROWSER; DETERMINISTIC_PROVIDER; RELOAD; NEGATIVE_SERVER,P1,NOT RUN,HISTORICAL_SOURCE_DERIVED,static/messages.js; static/commands.js; static/index.html; chat-experience-v2/browser_qa.cjs,WebUI HEAD 451acb916a33d9267713eaf57aba7f93e462993c; engine HEAD 97fbbecd35984d5e28a3482d60a1165121333fc9. Exact tested file fingerprints: evidence/source-provenance.json. Frozen run 20260909-080212-676633000; commits and content fingerprints are distinct provenance. Any explicitly permitted post-run operator additions are recorded separately as post_run_operator_scripts and are not browser-tested source.,NOT YET MAPPED TO EXECUTED FRONTEND CASE,NONE: no semantically matching actual frontend assertion found in current isolated run reports.,"LOCALLY MISSING: verify current exposure/contract and implement the stated real-browser workflow, fixture and negative path. Historical provenance alone does not establish current availability."
US-SP-CHAT-011,"Composer, responses and runtime",authorized chat user,"As an authorized chat user, I want to restore an unsent draft.",Type a unique draft; switch conversations; return; hard reload.,The draft restores only for its user/session and is not automatically submitted.,"Without chat, profile, model or tool access the server denies the action and no protected provider/tool dispatch occurs.",REAL_BROWSER; DETERMINISTIC_PROVIDER; RELOAD; NEGATIVE_SERVER,P1,PARTIAL,HISTORICAL_SOURCE_DERIVED,static/messages.js; static/commands.js; static/index.html; chat-experience-v2/browser_qa.cjs,WebUI HEAD 451acb916a33d9267713eaf57aba7f93e462993c; engine HEAD 97fbbecd35984d5e28a3482d60a1165121333fc9. Exact tested file fingerprints: evidence/source-provenance.json. Frozen run 20260909-080212-676633000; commits and content fingerprints are distinct provenance. Any explicitly permitted post-run operator additions are recorded separately as post_run_operator_scripts and are not browser-tested source.,test-kit/tests/e2e/full/chat-lifecycle.spec.ts:14,PASS subset [20260909-080212-676633000]: US-SP-CHAT-011 persisted unsent draft survives hard reload without creating a turn; A unique unsent session draft survives hard reload without creating an actual turn; switching sessions and another account remain. Frozen source: True; current spec: True; all tested source files unchanged: True. Any permitted new operator scripts have separate provenance and no browser certification. Delivered report: evidence/executed-scenarios.csv (match test title and run ID).,Remaining story-specific lifecycle/renderer assertions and direct denied-dispatch probes; successful dispatch alone does not establish the role/profile/model/tool negative path.
US-SP-CHAT-012,"Composer, responses and runtime",authorized chat user,"As an authorized chat user, I want to recover a stream after reload.",Start a multi-event response; reload while active; complete; reload again.,Recovered text/activity/final state match storage without duplicate turns.,"Without chat, profile, model or tool access the server denies the action and no protected provider/tool dispatch occurs.",REAL_BROWSER; DETERMINISTIC_PROVIDER; RELOAD; NEGATIVE_SERVER,P1,PARTIAL,HISTORICAL_SOURCE_DERIVED,static/messages.js; static/commands.js; static/index.html; chat-experience-v2/browser_qa.cjs,WebUI HEAD 451acb916a33d9267713eaf57aba7f93e462993c; engine HEAD 97fbbecd35984d5e28a3482d60a1165121333fc9. Exact tested file fingerprints: evidence/source-provenance.json. Frozen run 20260909-080212-676633000; commits and content fingerprints are distinct provenance. Any explicitly permitted post-run operator additions are recorded separately as post_run_operator_scripts and are not browser-tested source.,test-kit/tests/e2e/full/chat-lifecycle.spec.ts:11,PASS subset [20260909-080212-676633000]: US-SP-CHAT-012 hard reload mid-stream restores the same session and finished response once; Hard reload during a live run restores the same conversation and one finished assistant response. Frozen source: True; current spec: True; all tested source files unchanged: True. Any permitted new operator scripts have separate provenance and no browser certification. Delivered report: evidence/executed-scenarios.csv (match test title and run ID).,Remaining story-specific lifecycle/renderer assertions and direct denied-dispatch probes; successful dispatch alone does not establish the role/profile/model/tool negative path.
US-SP-CHAT-013,"Composer, responses and runtime",authorized chat user,"As an authorized chat user, I want to show an early access failure.",Revoke selected-bot access before worker dispatch; click Send.,A visible access error clears busy state and no provider request occurs.,"Without chat, profile, model or tool access the server denies the action and no protected provider/tool dispatch occurs.",REAL_BROWSER; DETERMINISTIC_PROVIDER; RELOAD; NEGATIVE_SERVER,P1,NOT RUN,HISTORICAL_SOURCE_DERIVED,static/messages.js; static/commands.js; static/index.html; chat-experience-v2/browser_qa.cjs,WebUI HEAD 451acb916a33d9267713eaf57aba7f93e462993c; engine HEAD 97fbbecd35984d5e28a3482d60a1165121333fc9. Exact tested file fingerprints: evidence/source-provenance.json. Frozen run 20260909-080212-676633000; commits and content fingerprints are distinct provenance. Any explicitly permitted post-run operator additions are recorded separately as post_run_operator_scripts and are not browser-tested source.,NOT YET MAPPED TO EXECUTED FRONTEND CASE,NONE: no semantically matching actual frontend assertion found in current isolated run reports.,"LOCALLY MISSING: verify current exposure/contract and implement the stated real-browser workflow, fixture and negative path. Historical provenance alone does not establish current availability."
US-SP-CHAT-014,"Composer, responses and runtime",authorized chat user,"As an authorized chat user, I want to render rich responses safely.","Render fixture Markdown, code, table, math and hostile HTML; open viewers; copy output.",Supported content renders and hostile text stays inert; copied content matches the fixture.,Other-session content cannot enter the transcript.,REAL_BROWSER; HOSTILE_CONTENT; CLIPBOARD; RELOAD,P1,NOT RUN,HISTORICAL_SOURCE_DERIVED,static/messages.js; static/commands.js; static/index.html; chat-experience-v2/browser_qa.cjs,WebUI HEAD 451acb916a33d9267713eaf57aba7f93e462993c; engine HEAD 97fbbecd35984d5e28a3482d60a1165121333fc9. Exact tested file fingerprints: evidence/source-provenance.json. Frozen run 20260909-080212-676633000; commits and content fingerprints are distinct provenance. Any explicitly permitted post-run operator additions are recorded separately as post_run_operator_scripts and are not browser-tested source.,NOT YET MAPPED TO EXECUTED FRONTEND CASE,NONE: no semantically matching actual frontend assertion found in current isolated run reports.,"LOCALLY MISSING: verify current exposure/contract and implement the stated real-browser workflow, fixture and negative path. Historical provenance alone does not establish current availability."
US-SP-CHAT-015,"Composer, responses and runtime",authorized chat user,"As an authorized chat user, I want to switch structured code Tree and Raw views.",Open long JSON/YAML; click Tree/Raw; expand/collapse; copy raw text.,Both views represent the same content and remain usable.,"Without chat, profile, model or tool access the server denies the action and no protected provider/tool dispatch occurs.",REAL_BROWSER; DETERMINISTIC_PROVIDER; RELOAD; NEGATIVE_SERVER,P1,NOT RUN,HISTORICAL_SOURCE_DERIVED,static/messages.js; static/commands.js; static/index.html; chat-experience-v2/browser_qa.cjs,WebUI HEAD 451acb916a33d9267713eaf57aba7f93e462993c; engine HEAD 97fbbecd35984d5e28a3482d60a1165121333fc9. Exact tested file fingerprints: evidence/source-provenance.json. Frozen run 20260909-080212-676633000; commits and content fingerprints are distinct provenance. Any explicitly permitted post-run operator additions are recorded separately as post_run_operator_scripts and are not browser-tested source.,NOT YET MAPPED TO EXECUTED FRONTEND CASE,NONE: no semantically matching actual frontend assertion found in current isolated run reports.,"LOCALLY MISSING: verify current exposure/contract and implement the stated real-browser workflow, fixture and negative path. Historical provenance alone does not establish current availability."
US-SP-CHAT-016,"Composer, responses and runtime",authorized chat user,"As an authorized chat user, I want to navigate a long transcript.",Load a seeded long chat; scroll up; load older messages; use Start/End and outline links.,Correct messages are reached without missing/duplicate turns and settings govern scroll behavior.,"Without chat, profile, model or tool access the server denies the action and no protected provider/tool dispatch occurs.",REAL_BROWSER; DETERMINISTIC_PROVIDER; RELOAD; NEGATIVE_SERVER,P1,NOT RUN,HISTORICAL_SOURCE_DERIVED,static/messages.js; static/commands.js; static/index.html; chat-experience-v2/browser_qa.cjs,WebUI HEAD 451acb916a33d9267713eaf57aba7f93e462993c; engine HEAD 97fbbecd35984d5e28a3482d60a1165121333fc9. Exact tested file fingerprints: evidence/source-provenance.json. Frozen run 20260909-080212-676633000; commits and content fingerprints are distinct provenance. Any explicitly permitted post-run operator additions are recorded separately as post_run_operator_scripts and are not browser-tested source.,NOT YET MAPPED TO EXECUTED FRONTEND CASE,NONE: no semantically matching actual frontend assertion found in current isolated run reports.,"LOCALLY MISSING: verify current exposure/contract and implement the stated real-browser workflow, fixture and negative path. Historical provenance alone does not establish current availability."
US-SP-CHAT-017,"Composer, responses and runtime",authorized chat user,"As an authorized chat user, I want to inspect delegated workers.",Run two actual engine children; open their activity rows; complete; reload.,Each child retains its task/status/tool counts with no private reasoning or false completion.,"Without chat, profile, model or tool access the server denies the action and no protected provider/tool dispatch occurs.",REAL_BROWSER; DETERMINISTIC_PROVIDER; RELOAD; NEGATIVE_SERVER,P1,PARTIAL,HISTORICAL_SOURCE_DERIVED,static/messages.js; static/commands.js; static/index.html; chat-experience-v2/browser_qa.cjs,WebUI HEAD 451acb916a33d9267713eaf57aba7f93e462993c; engine HEAD 97fbbecd35984d5e28a3482d60a1165121333fc9. Exact tested file fingerprints: evidence/source-provenance.json. Frozen run 20260909-080212-676633000; commits and content fingerprints are distinct provenance. Any explicitly permitted post-run operator additions are recorded separately as post_run_operator_scripts and are not browser-tested source.,test-kit/tests/e2e/full/delegation.spec.ts:2,"PASS subset [20260909-080212-676633000]: US-SP-CHAT-017 actual delegate tool spawns two real child agents and renders their completion; Actual delegate tool starts two real engine children; their distinct completion markers persist and the frontend identifies subagents. Child expansion, reload and denied inheritance remain. Frozen source: True; current spec: True; all tested source files unchanged: True. Any permitted new operator scripts have separate provenance and no browser certification. Delivered report: evidence/executed-scenarios.csv (match test title and run ID).",Remaining story-specific lifecycle/renderer assertions and direct denied-dispatch probes; successful dispatch alone does not establish the role/profile/model/tool negative path.
US-SP-CHAT-018,"Composer, responses and runtime",authorized chat user,"As an authorized chat user, I want to retain terminal error outcomes.",Run a deterministic provider/worker failure; inspect activity/final state; reload.,The error remains authoritative and a later valid prompt can run.,"Without chat, profile, model or tool access the server denies the action and no protected provider/tool dispatch occurs.",REAL_BROWSER; DETERMINISTIC_PROVIDER; RELOAD; NEGATIVE_SERVER,P1,NOT RUN,HISTORICAL_SOURCE_DERIVED,static/messages.js; static/commands.js; static/index.html; chat-experience-v2/browser_qa.cjs,WebUI HEAD 451acb916a33d9267713eaf57aba7f93e462993c; engine HEAD 97fbbecd35984d5e28a3482d60a1165121333fc9. Exact tested file fingerprints: evidence/source-provenance.json. Frozen run 20260909-080212-676633000; commits and content fingerprints are distinct provenance. Any explicitly permitted post-run operator additions are recorded separately as post_run_operator_scripts and are not browser-tested source.,NOT YET MAPPED TO EXECUTED FRONTEND CASE,NONE: no semantically matching actual frontend assertion found in current isolated run reports.,"LOCALLY MISSING: verify current exposure/contract and implement the stated real-browser workflow, fixture and negative path. Historical provenance alone does not establish current availability."
US-SP-SESS-001,Conversation list and lifecycle,conversation owner,"As a conversation owner, I want to search conversations by title and content.",Seed several chats; search by title and unique message text; clear search.,Only matching authorized chats appear; clear restores the permitted list.,"An outsider cannot enumerate, mutate, export or share the conversation through UI, copied URLs or direct requests.",REAL_BROWSER; RELOAD; TWO_USERS; NEGATIVE_SERVER,P1,PARTIAL,HISTORICAL_SOURCE_DERIVED,static/sessions.js,WebUI HEAD 451acb916a33d9267713eaf57aba7f93e462993c; engine HEAD 97fbbecd35984d5e28a3482d60a1165121333fc9. Exact tested file fingerprints: evidence/source-provenance.json. Frozen run 20260909-080212-676633000; commits and content fingerprints are distinct provenance. Any explicitly permitted post-run operator additions are recorded separately as post_run_operator_scripts and are not browser-tested source.,test-kit/tests/e2e/full/session-discovery-share.spec.ts:16,"PASS subset [20260909-080212-676633000]: US-SP-SESS-DISCOVERY rename Enter and Escape plus title content and URL search select persisted conversation; Rendered rename with Enter persists; Escape discards edit; title, content and exact session-URL searches find the correct conversation; no-match and clear restore the list. Frozen source: True; current spec: True; all tested source files unchanged: True. Any permitted new operator scripts have separate provenance and no browser certification. Delivered report: evidence/executed-scenarios.csv (match test title and run ID).","Remaining listed interaction variants and a separate outsider browser proving copied-URL, enumeration and mutation/export/share restrictions."
US-SP-SESS-002,Conversation list and lifecycle,conversation owner,"As a conversation owner, I want to filter conversation sources.",Enable supported source categories; switch WebUI/CLI/messaging/cron filters; reload.,The chosen filter restores where supported; unauthorized external sessions stay absent.,"An outsider cannot enumerate, mutate, export or share the conversation through UI, copied URLs or direct requests.",REAL_BROWSER; RELOAD; TWO_USERS; NEGATIVE_SERVER,P1,NOT RUN,HISTORICAL_SOURCE_DERIVED,static/sessions.js,WebUI HEAD 451acb916a33d9267713eaf57aba7f93e462993c; engine HEAD 97fbbecd35984d5e28a3482d60a1165121333fc9. Exact tested file fingerprints: evidence/source-provenance.json. Frozen run 20260909-080212-676633000; commits and content fingerprints are distinct provenance. Any explicitly permitted post-run operator additions are recorded separately as post_run_operator_scripts and are not browser-tested source.,NOT YET MAPPED TO EXECUTED FRONTEND CASE,NONE: no semantically matching actual frontend assertion found in current isolated run reports.,"LOCALLY MISSING: verify current exposure/contract and implement the stated real-browser workflow, fixture and negative path. Historical provenance alone does not establish current availability."
US-SP-SESS-003,Conversation list and lifecycle,conversation owner,"As a conversation owner, I want to rename a conversation.",Open a fixture chat menu; Rename; save a unique name; reload.,Only the intended conversation name changes.,"An outsider cannot enumerate, mutate, export or share the conversation through UI, copied URLs or direct requests.",REAL_BROWSER; RELOAD; TWO_USERS; NEGATIVE_SERVER,P1,PARTIAL,HISTORICAL_SOURCE_DERIVED,static/sessions.js,WebUI HEAD 451acb916a33d9267713eaf57aba7f93e462993c; engine HEAD 97fbbecd35984d5e28a3482d60a1165121333fc9. Exact tested file fingerprints: evidence/source-provenance.json. Frozen run 20260909-080212-676633000; commits and content fingerprints are distinct provenance. Any explicitly permitted post-run operator additions are recorded separately as post_run_operator_scripts and are not browser-tested source.,test-kit/tests/e2e/full/session-discovery-share.spec.ts:16,"PASS subset [20260909-080212-676633000]: US-SP-SESS-DISCOVERY rename Enter and Escape plus title content and URL search select persisted conversation; Rendered rename with Enter persists; Escape discards edit; title, content and exact session-URL searches find the correct conversation; no-match and clear restore the list. Frozen source: True; current spec: True; all tested source files unchanged: True. Any permitted new operator scripts have separate provenance and no browser certification. Delivered report: evidence/executed-scenarios.csv (match test title and run ID).","Remaining listed interaction variants and a separate outsider browser proving copied-URL, enumeration and mutation/export/share restrictions."
US-SP-SESS-004,Conversation list and lifecycle,conversation owner,"As a conversation owner, I want to pin and unpin within the limit.",Pin to the fixture limit; attempt one more; unpin; pin another.,Pinned state persists and the limit is consistent without data loss.,"An outsider cannot enumerate, mutate, export or share the conversation through UI, copied URLs or direct requests.",REAL_BROWSER; RELOAD; TWO_USERS; NEGATIVE_SERVER,P1,PARTIAL,HISTORICAL_SOURCE_DERIVED,static/sessions.js,WebUI HEAD 451acb916a33d9267713eaf57aba7f93e462993c; engine HEAD 97fbbecd35984d5e28a3482d60a1165121333fc9. Exact tested file fingerprints: evidence/source-provenance.json. Frozen run 20260909-080212-676633000; commits and content fingerprints are distinct provenance. Any explicitly permitted post-run operator additions are recorded separately as post_run_operator_scripts and are not browser-tested source.,test-kit/tests/e2e/full/session-lifecycle.spec.ts:5,"PASS subset [20260909-080212-676633000]: US-SP-SESS-ACTIONS pin duplicate and delete operate on chosen persisted session; Chosen session is pinned with API readback, duplicated with transcript, and duplicate deleted while original remains. Frozen source: True; current spec: True; all tested source files unchanged: True. Any permitted new operator scripts have separate provenance and no browser certification. Delivered report: evidence/executed-scenarios.csv (match test title and run ID).","Remaining listed interaction variants and a separate outsider browser proving copied-URL, enumeration and mutation/export/share restrictions."
US-SP-SESS-005,Conversation list and lifecycle,conversation owner,"As a conversation owner, I want to archive and restore a conversation.",Archive a fixture chat; open archived list; restore it; reload.,The chat moves between lists with history intact.,"An outsider cannot enumerate, mutate, export or share the conversation through UI, copied URLs or direct requests.",REAL_BROWSER; RELOAD; TWO_USERS; NEGATIVE_SERVER,P1,PARTIAL,HISTORICAL_SOURCE_DERIVED,static/sessions.js,WebUI HEAD 451acb916a33d9267713eaf57aba7f93e462993c; engine HEAD 97fbbecd35984d5e28a3482d60a1165121333fc9. Exact tested file fingerprints: evidence/source-provenance.json. Frozen run 20260909-080212-676633000; commits and content fingerprints are distinct provenance. Any explicitly permitted post-run operator additions are recorded separately as post_run_operator_scripts and are not browser-tested source.,test-kit/tests/e2e/full/session-discovery-share.spec.ts:38,PASS subset [20260909-080212-676633000]: US-SP-SESS-ARCHIVE archive reload show archived and restore preserve authoritative transcript; Actual archive removes the conversation from the normal list after reload; Show archived exposes it; Restore preserves the exact transcript across another reload. Frozen source: True; current spec: True; all tested source files unchanged: True. Any permitted new operator scripts have separate provenance and no browser certification. Delivered report: evidence/executed-scenarios.csv (match test title and run ID).,"Remaining listed interaction variants and a separate outsider browser proving copied-URL, enumeration and mutation/export/share restrictions."
US-SP-SESS-006,Conversation list and lifecycle,conversation owner,"As a conversation owner, I want to delete a conversation.",Delete a disposable fixture chat through confirmation; reload its old URL.,The intended record disappears and cannot return from stale sidecar/cache state.,"An outsider cannot enumerate, mutate, export or share the conversation through UI, copied URLs or direct requests.",REAL_BROWSER; RELOAD; TWO_USERS; NEGATIVE_SERVER,P1,PARTIAL,HISTORICAL_SOURCE_DERIVED,static/sessions.js,WebUI HEAD 451acb916a33d9267713eaf57aba7f93e462993c; engine HEAD 97fbbecd35984d5e28a3482d60a1165121333fc9. Exact tested file fingerprints: evidence/source-provenance.json. Frozen run 20260909-080212-676633000; commits and content fingerprints are distinct provenance. Any explicitly permitted post-run operator additions are recorded separately as post_run_operator_scripts and are not browser-tested source.,test-kit/tests/e2e/full/session-lifecycle.spec.ts:5,"PASS subset [20260909-080212-676633000]: US-SP-SESS-ACTIONS pin duplicate and delete operate on chosen persisted session; Chosen session is pinned with API readback, duplicated with transcript, and duplicate deleted while original remains. Frozen source: True; current spec: True; all tested source files unchanged: True. Any permitted new operator scripts have separate provenance and no browser certification. Delivered report: evidence/executed-scenarios.csv (match test title and run ID).","Remaining listed interaction variants and a separate outsider browser proving copied-URL, enumeration and mutation/export/share restrictions."
US-SP-SESS-007,Conversation list and lifecycle,conversation owner,"As a conversation owner, I want to cancel destructive confirmation.",Open Delete; cancel; reload.,The fixture chat and history remain unchanged.,"An outsider cannot enumerate, mutate, export or share the conversation through UI, copied URLs or direct requests.",REAL_BROWSER; RELOAD; TWO_USERS; NEGATIVE_SERVER,P1,PARTIAL,HISTORICAL_SOURCE_DERIVED,static/sessions.js,WebUI HEAD 451acb916a33d9267713eaf57aba7f93e462993c; engine HEAD 97fbbecd35984d5e28a3482d60a1165121333fc9. Exact tested file fingerprints: evidence/source-provenance.json. Frozen run 20260909-080212-676633000; commits and content fingerprints are distinct provenance. Any explicitly permitted post-run operator additions are recorded separately as post_run_operator_scripts and are not browser-tested source.,test-kit/tests/e2e/full/session-lifecycle.spec.ts:13,PASS subset [20260909-080212-676633000]: US-SP-SESS-CLEAR clear cancel preserves messages and confirm clears persisted transcript; Clear-conversation cancel preserves authoritative messages; confirm clears and subsequent real reply survives reload. Frozen source: True; current spec: True; all tested source files unchanged: True. Any permitted new operator scripts have separate provenance and no browser certification. Delivered report: evidence/executed-scenarios.csv (match test title and run ID).,"Remaining listed interaction variants and a separate outsider browser proving copied-URL, enumeration and mutation/export/share restrictions."
US-SP-SESS-008,Conversation list and lifecycle,conversation owner,"As a conversation owner, I want to duplicate a conversation.",Choose Duplicate on a seeded chat; open both; add a turn to the duplicate.,The copy has its own identity and later messages do not alter the original.,"An outsider cannot enumerate, mutate, export or share the conversation through UI, copied URLs or direct requests.",REAL_BROWSER; RELOAD; TWO_USERS; NEGATIVE_SERVER,P1,PARTIAL,HISTORICAL_SOURCE_DERIVED,static/sessions.js,WebUI HEAD 451acb916a33d9267713eaf57aba7f93e462993c; engine HEAD 97fbbecd35984d5e28a3482d60a1165121333fc9. Exact tested file fingerprints: evidence/source-provenance.json. Frozen run 20260909-080212-676633000; commits and content fingerprints are distinct provenance. Any explicitly permitted post-run operator additions are recorded separately as post_run_operator_scripts and are not browser-tested source.,test-kit/tests/e2e/full/session-lifecycle.spec.ts:5,"PASS subset [20260909-080212-676633000]: US-SP-SESS-ACTIONS pin duplicate and delete operate on chosen persisted session; Chosen session is pinned with API readback, duplicated with transcript, and duplicate deleted while original remains. Frozen source: True; current spec: True; all tested source files unchanged: True. Any permitted new operator scripts have separate provenance and no browser certification. Delivered report: evidence/executed-scenarios.csv (match test title and run ID).","Remaining listed interaction variants and a separate outsider browser proving copied-URL, enumeration and mutation/export/share restrictions."
US-SP-SESS-009,Conversation list and lifecycle,conversation owner,"As a conversation owner, I want to copy an internal conversation link.",Choose Copy link; open the copied URL in a fresh same-user tab.,The URL resolves to the intended permitted chat.,An outsider using the same link is refused.,REAL_BROWSER; CLIPBOARD; TWO_USERS; NEGATIVE_SERVER,P1,NOT RUN,HISTORICAL_SOURCE_DERIVED,static/sessions.js,WebUI HEAD 451acb916a33d9267713eaf57aba7f93e462993c; engine HEAD 97fbbecd35984d5e28a3482d60a1165121333fc9. Exact tested file fingerprints: evidence/source-provenance.json. Frozen run 20260909-080212-676633000; commits and content fingerprints are distinct provenance. Any explicitly permitted post-run operator additions are recorded separately as post_run_operator_scripts and are not browser-tested source.,NOT YET MAPPED TO EXECUTED FRONTEND CASE,NONE: no semantically matching actual frontend assertion found in current isolated run reports.,"LOCALLY MISSING: verify current exposure/contract and implement the stated real-browser workflow, fixture and negative path. Historical provenance alone does not establish current availability."
US-SP-SESS-010,Conversation list and lifecycle,conversation owner,"As a conversation owner, I want to create a public share.",Share a synthetic non-sensitive chat; open its link unsigned.,Only the intended share snapshot is readable; private metadata/files are excluded.,Unshared sessions and underlying private endpoints remain protected.,REAL_BROWSER; UNSIGNED_CONTEXT; PRIVACY_MARKERS; NEGATIVE_SERVER,P1,PARTIAL,HISTORICAL_SOURCE_DERIVED,static/sessions.js,WebUI HEAD 451acb916a33d9267713eaf57aba7f93e462993c; engine HEAD 97fbbecd35984d5e28a3482d60a1165121333fc9. Exact tested file fingerprints: evidence/source-provenance.json. Frozen run 20260909-080212-676633000; commits and content fingerprints are distinct provenance. Any explicitly permitted post-run operator additions are recorded separately as post_run_operator_scripts and are not browser-tested source.,test-kit/tests/e2e/full/session-discovery-share.spec.ts:52 | test-kit/tests/e2e/full/session-discovery-share.spec.ts:107,"PASS subset [20260909-080212-676633000]: US-SP-SESS-SHARE create public snapshot read anonymously cancel revoke then revoke invalidates public link; Visible Share creates a real public snapshot readable in an unsigned browser; only the five public metadata fields and user/assistant messages are exposed, and no composer exists. Later chat turns leave the snapshot unchanged until explicit Share refresh. Anonymous create/revoke fail401 and cross-origin revoke403. Reload retains sharing metadata; cancel-revoke leaves the URL live, confirmed revoke clears the token and unsigned reload returns404 without the transcript while the original conversation remains. Desktop/mobile layout is checked. Private image/path adversarial cases are separate backend tests, not browser assertions here. Frozen source: True; current spec: True; all tested source files unchanged: True. Any permitted new operator scripts have separate provenance and no browser certification. Delivered report: evidence/executed-scenarios.csv (match test title and run ID). | PASS subset [20260909-080212-676633000]: US-SP-SESS-SHARE-AUTH a readable group participant cannot publish or revoke its owners snapshot; Alice owns a group conversation which Bob can read. Bob receives404 for direct create/revoke; Alice can publish and revoke, with the public URL200 before and404 after revocation. This is the readable participant boundary, not every unrelated-user, profile or workspace variant. Frozen source: True; current spec: True; all tested source files unchanged: True. Any permitted new operator scripts have separate provenance and no browser certification. Delivered report: evidence/executed-scenarios.csv (match test title and run ID).","The new browser cases assert public snapshot create/read/explicit refresh, narrow public payload, anonymous mutation denial, cross-origin revoke denial and readable-participant publication denial. Adversarial private-media, malformed snapshot and source-profile/workspace cases remain separate backend evidence; no blanket public-data sanitization claim follows from ordinary text fixtures."
US-SP-SESS-011,Conversation list and lifecycle,conversation owner,"As a conversation owner, I want to revoke a public share.",Create a fixture share; revoke; reopen the old URL unsigned.,The old share is unreadable after reload.,A non-owner cannot create or revoke it.,REAL_BROWSER; RELOAD; UNSIGNED_CONTEXT; NEGATIVE_SERVER,P1,PARTIAL,HISTORICAL_SOURCE_DERIVED,static/sessions.js,WebUI HEAD 451acb916a33d9267713eaf57aba7f93e462993c; engine HEAD 97fbbecd35984d5e28a3482d60a1165121333fc9. Exact tested file fingerprints: evidence/source-provenance.json. Frozen run 20260909-080212-676633000; commits and content fingerprints are distinct provenance. Any explicitly permitted post-run operator additions are recorded separately as post_run_operator_scripts and are not browser-tested source.,test-kit/tests/e2e/full/session-discovery-share.spec.ts:52 | test-kit/tests/e2e/full/session-discovery-share.spec.ts:107,"PASS subset [20260909-080212-676633000]: US-SP-SESS-SHARE create public snapshot read anonymously cancel revoke then revoke invalidates public link; Visible Share creates a real public snapshot readable in an unsigned browser; only the five public metadata fields and user/assistant messages are exposed, and no composer exists. Later chat turns leave the snapshot unchanged until explicit Share refresh. Anonymous create/revoke fail401 and cross-origin revoke403. Reload retains sharing metadata; cancel-revoke leaves the URL live, confirmed revoke clears the token and unsigned reload returns404 without the transcript while the original conversation remains. Desktop/mobile layout is checked. Private image/path adversarial cases are separate backend tests, not browser assertions here. Frozen source: True; current spec: True; all tested source files unchanged: True. Any permitted new operator scripts have separate provenance and no browser certification. Delivered report: evidence/executed-scenarios.csv (match test title and run ID). | PASS subset [20260909-080212-676633000]: US-SP-SESS-SHARE-AUTH a readable group participant cannot publish or revoke its owners snapshot; Alice owns a group conversation which Bob can read. Bob receives404 for direct create/revoke; Alice can publish and revoke, with the public URL200 before and404 after revocation. This is the readable participant boundary, not every unrelated-user, profile or workspace variant. Frozen source: True; current spec: True; all tested source files unchanged: True. Any permitted new operator scripts have separate provenance and no browser certification. Delivered report: evidence/executed-scenarios.csv (match test title and run ID).","The new browser cases assert cancel/confirm revocation,404 on unsigned old-URL reload, retained original transcript and rejection of a readable non-owner participant. Source access loss, owner deletion and persistence-failure recovery remain separate cases. Owners who lose source access need an authorized administrator to revoke."
US-SP-SESS-012,Conversation list and lifecycle,conversation owner,"As a conversation owner, I want to export a chat as HTML.",Choose Export HTML; capture download; open the artifact.,The file contains the selected authorized chat with safe rendering.,Export cannot contain other-chat private markers.,REAL_BROWSER; DOWNLOAD_BYTES; HOSTILE_CONTENT; PRIVACY_MARKERS,P1,PARTIAL,HISTORICAL_SOURCE_DERIVED,static/sessions.js,WebUI HEAD 451acb916a33d9267713eaf57aba7f93e462993c; engine HEAD 97fbbecd35984d5e28a3482d60a1165121333fc9. Exact tested file fingerprints: evidence/source-provenance.json. Frozen run 20260909-080212-676633000; commits and content fingerprints are distinct provenance. Any explicitly permitted post-run operator additions are recorded separately as post_run_operator_scripts and are not browser-tested source.,test-kit/tests/e2e/full/session-lifecycle.spec.ts:10,PASS subset [20260909-080212-676633000]: US-SP-SESS-EXPORT-HTML actual download includes persisted transcript; Actual HTML download contains both exact user and assistant transcript markers. Frozen source: True; current spec: True; all tested source files unchanged: True. Any permitted new operator scripts have separate provenance and no browser certification. Delivered report: evidence/executed-scenarios.csv (match test title and run ID).,"Remaining listed interaction variants and a separate outsider browser proving copied-URL, enumeration and mutation/export/share restrictions."
US-SP-SESS-013,Conversation list and lifecycle,conversation owner,"As a conversation owner, I want to apply bulk session actions.",Select disposable chats; apply supported archive/project actions; reload.,Exactly the selected permitted records change once.,"An outsider cannot enumerate, mutate, export or share the conversation through UI, copied URLs or direct requests.",REAL_BROWSER; RELOAD; TWO_USERS; NEGATIVE_SERVER,P1,NOT RUN,HISTORICAL_SOURCE_DERIVED,static/sessions.js,WebUI HEAD 451acb916a33d9267713eaf57aba7f93e462993c; engine HEAD 97fbbecd35984d5e28a3482d60a1165121333fc9. Exact tested file fingerprints: evidence/source-provenance.json. Frozen run 20260909-080212-676633000; commits and content fingerprints are distinct provenance. Any explicitly permitted post-run operator additions are recorded separately as post_run_operator_scripts and are not browser-tested source.,NOT YET MAPPED TO EXECUTED FRONTEND CASE,NONE: no semantically matching actual frontend assertion found in current isolated run reports.,"LOCALLY MISSING: verify current exposure/contract and implement the stated real-browser workflow, fixture and negative path. Historical provenance alone does not establish current availability."
US-SP-SESS-014,Conversation list and lifecycle,conversation owner,"As a conversation owner, I want to assign a conversation to a project.",Open its project picker; choose a permitted project; reload list and project.,The assignment persists under current participant/project access.,"An outsider cannot enumerate, mutate, export or share the conversation through UI, copied URLs or direct requests.",REAL_BROWSER; RELOAD; TWO_USERS; NEGATIVE_SERVER,P1,NOT RUN,HISTORICAL_SOURCE_DERIVED,static/sessions.js,WebUI HEAD 451acb916a33d9267713eaf57aba7f93e462993c; engine HEAD 97fbbecd35984d5e28a3482d60a1165121333fc9. Exact tested file fingerprints: evidence/source-provenance.json. Frozen run 20260909-080212-676633000; commits and content fingerprints are distinct provenance. Any explicitly permitted post-run operator additions are recorded separately as post_run_operator_scripts and are not browser-tested source.,NOT YET MAPPED TO EXECUTED FRONTEND CASE,NONE: no semantically matching actual frontend assertion found in current isolated run reports.,"LOCALLY MISSING: verify current exposure/contract and implement the stated real-browser workflow, fixture and negative path. Historical provenance alone does not establish current availability."
US-SP-SESS-015,Conversation list and lifecycle,conversation owner,"As a conversation owner, I want to continue an imported external session.",Open a permitted external session; import/continue; send a fixture prompt.,The import relationship and new WebUI activity have correct ownership.,"An outsider cannot enumerate, mutate, export or share the conversation through UI, copied URLs or direct requests.",REAL_BROWSER; RELOAD; TWO_USERS; NEGATIVE_SERVER,P1,NOT RUN,HISTORICAL_SOURCE_DERIVED,static/sessions.js,WebUI HEAD 451acb916a33d9267713eaf57aba7f93e462993c; engine HEAD 97fbbecd35984d5e28a3482d60a1165121333fc9. Exact tested file fingerprints: evidence/source-provenance.json. Frozen run 20260909-080212-676633000; commits and content fingerprints are distinct provenance. Any explicitly permitted post-run operator additions are recorded separately as post_run_operator_scripts and are not browser-tested source.,NOT YET MAPPED TO EXECUTED FRONTEND CASE,NONE: no semantically matching actual frontend assertion found in current isolated run reports.,"LOCALLY MISSING: verify current exposure/contract and implement the stated real-browser workflow, fixture and negative path. Historical provenance alone does not establish current availability."
US-SP-SESS-016,Conversation list and lifecycle,conversation owner,"As a conversation owner, I want to inspect conversation lineage.",Expand seeded parent/child/fork groups; open children; return; reload.,Links identify correct conversations without hiding active or exposing forbidden records.,"An outsider cannot enumerate, mutate, export or share the conversation through UI, copied URLs or direct requests.",REAL_BROWSER; RELOAD; TWO_USERS; NEGATIVE_SERVER,P1,NOT RUN,HISTORICAL_SOURCE_DERIVED,static/sessions.js,WebUI HEAD 451acb916a33d9267713eaf57aba7f93e462993c; engine HEAD 97fbbecd35984d5e28a3482d60a1165121333fc9. Exact tested file fingerprints: evidence/source-provenance.json. Frozen run 20260909-080212-676633000; commits and content fingerprints are distinct provenance. Any explicitly permitted post-run operator additions are recorded separately as post_run_operator_scripts and are not browser-tested source.,NOT YET MAPPED TO EXECUTED FRONTEND CASE,NONE: no semantically matching actual frontend assertion found in current isolated run reports.,"LOCALLY MISSING: verify current exposure/contract and implement the stated real-browser workflow, fixture and negative path. Historical provenance alone does not establish current availability."
US-SP-SESS-017,Conversation list and lifecycle,conversation owner,"As a conversation owner, I want to retain unread and completion state.",Complete a fixture run in a background chat; open it; reload.,The intended indicator clears while other conversations retain correct state.,"An outsider cannot enumerate, mutate, export or share the conversation through UI, copied URLs or direct requests.",REAL_BROWSER; RELOAD; TWO_USERS; NEGATIVE_SERVER,P1,NOT RUN,HISTORICAL_SOURCE_DERIVED,static/sessions.js,WebUI HEAD 451acb916a33d9267713eaf57aba7f93e462993c; engine HEAD 97fbbecd35984d5e28a3482d60a1165121333fc9. Exact tested file fingerprints: evidence/source-provenance.json. Frozen run 20260909-080212-676633000; commits and content fingerprints are distinct provenance. Any explicitly permitted post-run operator additions are recorded separately as post_run_operator_scripts and are not browser-tested source.,NOT YET MAPPED TO EXECUTED FRONTEND CASE,NONE: no semantically matching actual frontend assertion found in current isolated run reports.,"LOCALLY MISSING: verify current exposure/contract and implement the stated real-browser workflow, fixture and negative path. Historical provenance alone does not establish current availability."
US-SP-SESS-018,Conversation list and lifecycle,authorized conversation owner,"As an authorized conversation owner, I want to import a JSON transcript through the visible file chooser.",Open conversation settings; choose a valid JSON file through Import; reopen the created session; then choose malformed JSON.,A new session ID holds the exact title and user/assistant content after reload. Malformed JSON creates no import request or additional session and preserves the prior transcript.,An unpermitted importer cannot create a session or forge ownership/profile/workspace authority through JSON fields; the original session is not overwritten.,REAL_BROWSER; FILE_CHOOSER; RELOAD; AUTHORITATIVE_READBACK; NEGATIVE_SERVER,P1,PARTIAL,CURRENT_SOURCE_AND_RUNTIME_DISCOVERED,static/boot.js (btnImportJSON/importFileInput); api/routes.py (_handle_session_import),WebUI HEAD 451acb916a33d9267713eaf57aba7f93e462993c; engine HEAD 97fbbecd35984d5e28a3482d60a1165121333fc9. Exact tested file fingerprints: evidence/source-provenance.json. Frozen run 20260909-080212-676633000; commits and content fingerprints are distinct provenance. Any explicitly permitted post-run operator additions are recorded separately as post_run_operator_scripts and are not browser-tested source.,test-kit/tests/e2e/full/additional-clicks.spec.ts:89 | test-kit/tests/e2e/full/session-import-authority.spec.ts:7,"PASS subset [20260909-080212-676633000]: US-SP-SESS-IMPORT-CLICKS visible JSON chooser imports exact transcript and malformed JSON creates no session; Actual Import button opens the browser chooser; valid JSON creates a different session ID with exact title and ordered user/assistant text, confirmed by API and reload. Malformed JSON gives visible feedback, sends no import request and changes neither session IDs nor the imported transcript. Workspace and forged identity authority are asserted by the separate import-authority case. Frozen source: True; current spec: True; all tested source files unchanged: True. Any permitted new operator scripts have separate provenance and no browser certification. Delivered report: evidence/executed-scenarios.csv (match test title and run ID). | PASS subset [20260909-080212-676633000]: US-SP-SESS-IMPORT-AUTHORITY JSON chooser rejects unauthorized workspace before creating a session and allowed import ignores forged identity; The signed-in member uses the real JSON chooser with an administrator-owned workspace absent from their catalog. Import returns403 with visible failure feedback and no new session in either member or administrator catalogs; private file bytes stay unchanged. The same transcript imports successfully into the permitted workspace with a fresh ID, exact title/messages after reload, the current member owner and default profile; forged owner/profile/participant fields are ignored. Reading the protected nested file through the allowed imported session still returns403 without its marker. This does not assert a globally chat-denied importer, forged existing session ID, or every unsupported JSON shape. Frozen source: True; current spec: True; all tested source files unchanged: True. Any permitted new operator scripts have separate provenance and no browser certification. Delivered report: evidence/executed-scenarios.csv (match test title and run ID).","Valid and malformed JSON chooser paths have exact new-session/transcript and no-mutation assertions. The separate authority case denies an unauthorized workspace before creation and confirms forged owner/profile/participant fields cannot alter the current owner/default profile on a permitted import. A globally chat-denied importer, forged existing session ID and unsupported but syntactically valid shapes remain separate cases. This is not foreign CLI/gateway continuation."
US-SP-SESS-019,Conversation list and lifecycle,authorized conversation owner,"As a conversation owner, I want to fork from a selected completed message and continue the exact copied prefix independently.",Complete two fixture exchanges; click Fork from here on the first assistant reply; reload the new conversation; send a new child-only turn.,"The new session ID initially contains exactly the selected first exchange, inherits the source workspace/profile, omits later parent messages, and retains that prefix after reload. Its new exchange persists while the original parent transcript remains byte-for-byte unchanged.",A different signed-in user receives404 when reading or forking either private parent or child and receives none of their transcript markers.,REAL_BROWSER; PROVIDER_FIXTURE; RELOAD; AUTHORITATIVE_READBACK; NEGATIVE_SERVER,P1,PASS,CURRENT_SOURCE_AND_RUNTIME_DISCOVERED,static/commands.js (forkFromMessage); static/ui.js (message fork button); api/routes.py (/api/session/branch),WebUI HEAD 451acb916a33d9267713eaf57aba7f93e462993c; engine HEAD 97fbbecd35984d5e28a3482d60a1165121333fc9. Exact tested file fingerprints: evidence/source-provenance.json. Frozen run 20260909-080212-676633000; commits and content fingerprints are distinct provenance. Any explicitly permitted post-run operator additions are recorded separately as post_run_operator_scripts and are not browser-tested source.,test-kit/tests/e2e/full/additional-affordances.spec.ts:245,"PASS acceptance [20260909-080212-676633000]: US-SP-AFFORDANCE-MESSAGE-FORK selected message creates an exact persistent prefix and child continuation leaves the private parent unchanged; The real message action sends keep_count2 for the first assistant reply. A new child has exactly that first exchange with the parent workspace/profile and none of the later exchange; reload preserves the prefix. A new child-only exchange persists while the parent stays exactly unchanged. Bob receives404 with no transcript marker for reads and fork requests against both private sessions. This does not assert sidebar lineage expansion, paginated/streaming forks or every inherited session setting. Frozen source: True; current spec: True; all tested source files unchanged: True. Any permitted new operator scripts have separate provenance and no browser certification. Delivered report: evidence/executed-scenarios.csv (match test title and run ID).",None for this stated acceptance scope. Broader persona/security/device coverage remains in the dedicated catalog stories.
US-SP-GROUP-001,"People, mentions and shared conversations",authorized team member,"As an authorized team member, I want to open and close the people picker.",Click people; inspect private state; open/close with Cancel and Escape.,The conversation stays private until an audience change is committed.,"Unknown users, non-members and revoked recipients cannot read/change the group, attachments or runtime context.",REAL_BROWSER; TWO_USERS; TWO_BOTS; RELOAD; NEGATIVE_SERVER,P0,PARTIAL,HISTORICAL_SOURCE_DERIVED,chat-experience-v2/browser_qa.cjs; September 6 chat-mentions release evidence,WebUI HEAD 451acb916a33d9267713eaf57aba7f93e462993c; engine HEAD 97fbbecd35984d5e28a3482d60a1165121333fc9. Exact tested file fingerprints: evidence/source-provenance.json. Frozen run 20260909-080212-676633000; commits and content fingerprints are distinct provenance. Any explicitly permitted post-run operator additions are recorded separately as post_run_operator_scripts and are not browser-tested source.,test-kit/tests/e2e/full/chat.spec.ts:20,PASS subset [20260909-080212-676633000]: US-SP-GROUP-001 selecting named colleague stages participants and persists actual group; People picker selects Bob and submitted conversation stores his canonical participant identity. Frozen source: True; current spec: True; all tested source files unchanged: True. Any permitted new operator scripts have separate provenance and no browser certification. Delivered report: evidence/executed-scenarios.csv (match test title and run ID).,"Only the listed assertions are evidenced; complete the remaining explicit frontend, persistence and permission requirements in this row."
US-SP-GROUP-002,"People, mentions and shared conversations",authorized team member,"As an authorized team member, I want to choose colleagues for a group.",Select two fixture colleagues in the people picker; save; send.,Participants persist and permitted members can reopen the chat.,"Unknown users, non-members and revoked recipients cannot read/change the group, attachments or runtime context.",REAL_BROWSER; TWO_USERS; TWO_BOTS; RELOAD; NEGATIVE_SERVER,P0,PARTIAL,HISTORICAL_SOURCE_DERIVED,chat-experience-v2/browser_qa.cjs; September 6 chat-mentions release evidence,WebUI HEAD 451acb916a33d9267713eaf57aba7f93e462993c; engine HEAD 97fbbecd35984d5e28a3482d60a1165121333fc9. Exact tested file fingerprints: evidence/source-provenance.json. Frozen run 20260909-080212-676633000; commits and content fingerprints are distinct provenance. Any explicitly permitted post-run operator additions are recorded separately as post_run_operator_scripts and are not browser-tested source.,test-kit/tests/e2e/full/chat.spec.ts:20,PASS subset [20260909-080212-676633000]: US-SP-GROUP-001 selecting named colleague stages participants and persists actual group; People picker selects Bob and submitted conversation stores his canonical participant identity. Frozen source: True; current spec: True; all tested source files unchanged: True. Any permitted new operator scripts have separate provenance and no browser certification. Delivered report: evidence/executed-scenarios.csv (match test title and run ID).,"Only the listed assertions are evidenced; complete the remaining explicit frontend, persistence and permission requirements in this row."
US-SP-GROUP-003,"People, mentions and shared conversations",authorized team member,"As an authorized team member, I want to remove a group participant.",Remove Bob in audience controls; retain Bob's tab; attempt refresh/send.,"Bob loses chat, stream and file access despite retained cookies.","Unknown users, non-members and revoked recipients cannot read/change the group, attachments or runtime context.",REAL_BROWSER; TWO_USERS; TWO_BOTS; RELOAD; NEGATIVE_SERVER,P0,NOT RUN,HISTORICAL_SOURCE_DERIVED,chat-experience-v2/browser_qa.cjs; September 6 chat-mentions release evidence,WebUI HEAD 451acb916a33d9267713eaf57aba7f93e462993c; engine HEAD 97fbbecd35984d5e28a3482d60a1165121333fc9. Exact tested file fingerprints: evidence/source-provenance.json. Frozen run 20260909-080212-676633000; commits and content fingerprints are distinct provenance. Any explicitly permitted post-run operator additions are recorded separately as post_run_operator_scripts and are not browser-tested source.,NOT YET MAPPED TO EXECUTED FRONTEND CASE,NONE: no semantically matching actual frontend assertion found in current isolated run reports.,"LOCALLY MISSING: verify current exposure/contract and implement the stated real-browser workflow, fixture and negative path. Historical provenance alone does not establish current availability."
US-SP-GROUP-004,"People, mentions and shared conversations",authorized team member,"As an authorized team member, I want to mention a person with keyboard.",Type @ and partial name; use arrows; confirm Enter.,The canonical person is staged once with the supported mention representation.,"Unknown users, non-members and revoked recipients cannot read/change the group, attachments or runtime context.",REAL_BROWSER; TWO_USERS; TWO_BOTS; RELOAD; NEGATIVE_SERVER,P0,NOT RUN,HISTORICAL_SOURCE_DERIVED,chat-experience-v2/browser_qa.cjs; September 6 chat-mentions release evidence,WebUI HEAD 451acb916a33d9267713eaf57aba7f93e462993c; engine HEAD 97fbbecd35984d5e28a3482d60a1165121333fc9. Exact tested file fingerprints: evidence/source-provenance.json. Frozen run 20260909-080212-676633000; commits and content fingerprints are distinct provenance. Any explicitly permitted post-run operator additions are recorded separately as post_run_operator_scripts and are not browser-tested source.,NOT YET MAPPED TO EXECUTED FRONTEND CASE,NONE: no semantically matching actual frontend assertion found in current isolated run reports.,"LOCALLY MISSING: verify current exposure/contract and implement the stated real-browser workflow, fixture and negative path. Historical provenance alone does not establish current availability."
US-SP-GROUP-005,"People, mentions and shared conversations",authorized team member,"As an authorized team member, I want to mention a bot with touch.",At 390px type @; tap a bot; send.,The literal selected bot receives the prompt and attribution survives reload.,"Unknown users, non-members and revoked recipients cannot read/change the group, attachments or runtime context.",REAL_BROWSER; TWO_USERS; TWO_BOTS; RELOAD; NEGATIVE_SERVER,P0,NOT RUN,HISTORICAL_SOURCE_DERIVED,chat-experience-v2/browser_qa.cjs; September 6 chat-mentions release evidence,WebUI HEAD 451acb916a33d9267713eaf57aba7f93e462993c; engine HEAD 97fbbecd35984d5e28a3482d60a1165121333fc9. Exact tested file fingerprints: evidence/source-provenance.json. Frozen run 20260909-080212-676633000; commits and content fingerprints are distinct provenance. Any explicitly permitted post-run operator additions are recorded separately as post_run_operator_scripts and are not browser-tested source.,NOT YET MAPPED TO EXECUTED FRONTEND CASE,NONE: no semantically matching actual frontend assertion found in current isolated run reports.,"LOCALLY MISSING: verify current exposure/contract and implement the stated real-browser workflow, fixture and negative path. Historical provenance alone does not establish current availability."
US-SP-GROUP-006,"People, mentions and shared conversations",authorized team member,"As an authorized team member, I want to distinguish identical friendly names.",Seed a person and bots with overlapping names; select each through labels; send.,Canonical recipients match the selection; prefixes/punctuation do not misroute.,"Unknown users, non-members and revoked recipients cannot read/change the group, attachments or runtime context.",REAL_BROWSER; TWO_USERS; TWO_BOTS; RELOAD; NEGATIVE_SERVER,P0,NOT RUN,HISTORICAL_SOURCE_DERIVED,chat-experience-v2/browser_qa.cjs; September 6 chat-mentions release evidence,WebUI HEAD 451acb916a33d9267713eaf57aba7f93e462993c; engine HEAD 97fbbecd35984d5e28a3482d60a1165121333fc9. Exact tested file fingerprints: evidence/source-provenance.json. Frozen run 20260909-080212-676633000; commits and content fingerprints are distinct provenance. Any explicitly permitted post-run operator additions are recorded separately as post_run_operator_scripts and are not browser-tested source.,NOT YET MAPPED TO EXECUTED FRONTEND CASE,NONE: no semantically matching actual frontend assertion found in current isolated run reports.,"LOCALLY MISSING: verify current exposure/contract and implement the stated real-browser workflow, fixture and negative path. Historical provenance alone does not establish current availability."
US-SP-GROUP-007,"People, mentions and shared conversations",authorized team member,"As an authorized team member, I want to start a fresh group from private chat.",Seed private history/file/memory markers; mention a colleague from that chat; send.,"A fresh group excludes earlier private history, files, workspace and personal context.","Unknown users, non-members and revoked recipients cannot read/change the group, attachments or runtime context.",REAL_BROWSER; TWO_USERS; TWO_BOTS; RELOAD; NEGATIVE_SERVER,P0,NOT RUN,HISTORICAL_SOURCE_DERIVED,chat-experience-v2/browser_qa.cjs; September 6 chat-mentions release evidence,WebUI HEAD 451acb916a33d9267713eaf57aba7f93e462993c; engine HEAD 97fbbecd35984d5e28a3482d60a1165121333fc9. Exact tested file fingerprints: evidence/source-provenance.json. Frozen run 20260909-080212-676633000; commits and content fingerprints are distinct provenance. Any explicitly permitted post-run operator additions are recorded separately as post_run_operator_scripts and are not browser-tested source.,NOT YET MAPPED TO EXECUTED FRONTEND CASE,NONE: no semantically matching actual frontend assertion found in current isolated run reports.,"LOCALLY MISSING: verify current exposure/contract and implement the stated real-browser workflow, fixture and negative path. Historical provenance alone does not establish current availability."
US-SP-GROUP-008,"People, mentions and shared conversations",authorized team member,"As an authorized team member, I want to select multiple mentioned bots.",Mention two permitted bots and a person; send; inspect roster/dispatch.,Bots join the roster; only the documented initial recipient runs absent explicit parallel work.,"Unknown users, non-members and revoked recipients cannot read/change the group, attachments or runtime context.",REAL_BROWSER; TWO_USERS; TWO_BOTS; RELOAD; NEGATIVE_SERVER,P0,NOT RUN,HISTORICAL_SOURCE_DERIVED,chat-experience-v2/browser_qa.cjs; September 6 chat-mentions release evidence,WebUI HEAD 451acb916a33d9267713eaf57aba7f93e462993c; engine HEAD 97fbbecd35984d5e28a3482d60a1165121333fc9. Exact tested file fingerprints: evidence/source-provenance.json. Frozen run 20260909-080212-676633000; commits and content fingerprints are distinct provenance. Any explicitly permitted post-run operator additions are recorded separately as post_run_operator_scripts and are not browser-tested source.,NOT YET MAPPED TO EXECUTED FRONTEND CASE,NONE: no semantically matching actual frontend assertion found in current isolated run reports.,"LOCALLY MISSING: verify current exposure/contract and implement the stated real-browser workflow, fixture and negative path. Historical provenance alone does not establish current availability."
US-SP-GROUP-009,"People, mentions and shared conversations",authorized team member,"As an authorized team member, I want to preserve drafts during catalog failure.",Type mentions while people loading is delayed; fail it; retry.,Bot discovery remains usable as designed; draft survives and unknown recipients cannot submit.,"Unknown users, non-members and revoked recipients cannot read/change the group, attachments or runtime context.",REAL_BROWSER; TWO_USERS; TWO_BOTS; RELOAD; NEGATIVE_SERVER,P0,NOT RUN,HISTORICAL_SOURCE_DERIVED,chat-experience-v2/browser_qa.cjs; September 6 chat-mentions release evidence,WebUI HEAD 451acb916a33d9267713eaf57aba7f93e462993c; engine HEAD 97fbbecd35984d5e28a3482d60a1165121333fc9. Exact tested file fingerprints: evidence/source-provenance.json. Frozen run 20260909-080212-676633000; commits and content fingerprints are distinct provenance. Any explicitly permitted post-run operator additions are recorded separately as post_run_operator_scripts and are not browser-tested source.,NOT YET MAPPED TO EXECUTED FRONTEND CASE,NONE: no semantically matching actual frontend assertion found in current isolated run reports.,"LOCALLY MISSING: verify current exposure/contract and implement the stated real-browser workflow, fixture and negative path. Historical provenance alone does not establish current availability."
US-SP-GROUP-010,"People, mentions and shared conversations",authorized team member,"As an authorized team member, I want to collapse and expand the roster.",Collapse; reload; expand; repeat in another account.,The preference is scoped to the signed-in account.,"Unknown users, non-members and revoked recipients cannot read/change the group, attachments or runtime context.",REAL_BROWSER; TWO_USERS; TWO_BOTS; RELOAD; NEGATIVE_SERVER,P0,PARTIAL,HISTORICAL_SOURCE_DERIVED,chat-experience-v2/browser_qa.cjs; September 6 chat-mentions release evidence,WebUI HEAD 451acb916a33d9267713eaf57aba7f93e462993c; engine HEAD 97fbbecd35984d5e28a3482d60a1165121333fc9. Exact tested file fingerprints: evidence/source-provenance.json. Frozen run 20260909-080212-676633000; commits and content fingerprints are distinct provenance. Any explicitly permitted post-run operator additions are recorded separately as post_run_operator_scripts and are not browser-tested source.,test-kit/tests/e2e/full/chat.spec.ts:34,PASS subset [20260909-080212-676633000]: US-SP-CHAT-ROSTER bot roster hides and shows through its real toggle; Default and Research bot roster buttons hide and reappear through the visible toggle. Frozen source: True; current spec: True; all tested source files unchanged: True. Any permitted new operator scripts have separate provenance and no browser certification. Delivered report: evidence/executed-scenarios.csv (match test title and run ID).,"Only the listed assertions are evidenced; complete the remaining explicit frontend, persistence and permission requirements in this row."
US-SP-GROUP-011,"People, mentions and shared conversations",authorized team member,"As an authorized team member, I want to download a group attachment.",Upload/send unique fixture bytes; download as another participant.,Members receive the exact bytes.,Outsider and a different private session cannot access its URL.,REAL_BROWSER; TWO_USERS; FILE_BYTES; NEGATIVE_SERVER,P0,NOT RUN,HISTORICAL_SOURCE_DERIVED,chat-experience-v2/browser_qa.cjs; September 6 chat-mentions release evidence,WebUI HEAD 451acb916a33d9267713eaf57aba7f93e462993c; engine HEAD 97fbbecd35984d5e28a3482d60a1165121333fc9. Exact tested file fingerprints: evidence/source-provenance.json. Frozen run 20260909-080212-676633000; commits and content fingerprints are distinct provenance. Any explicitly permitted post-run operator additions are recorded separately as post_run_operator_scripts and are not browser-tested source.,NOT YET MAPPED TO EXECUTED FRONTEND CASE,NONE: no semantically matching actual frontend assertion found in current isolated run reports.,"LOCALLY MISSING: verify current exposure/contract and implement the stated real-browser workflow, fixture and negative path. Historical provenance alone does not establish current availability."
US-SP-GROUP-012,"People, mentions and shared conversations",authorized team member,"As an authorized team member, I want to retain bot attribution after reload.",Send two group turns to a selected bot; reload; send another.,Selected bot identity and message attribution remain correct.,"Unknown users, non-members and revoked recipients cannot read/change the group, attachments or runtime context.",REAL_BROWSER; TWO_USERS; TWO_BOTS; RELOAD; NEGATIVE_SERVER,P0,NOT RUN,HISTORICAL_SOURCE_DERIVED,chat-experience-v2/browser_qa.cjs; September 6 chat-mentions release evidence,WebUI HEAD 451acb916a33d9267713eaf57aba7f93e462993c; engine HEAD 97fbbecd35984d5e28a3482d60a1165121333fc9. Exact tested file fingerprints: evidence/source-provenance.json. Frozen run 20260909-080212-676633000; commits and content fingerprints are distinct provenance. Any explicitly permitted post-run operator additions are recorded separately as post_run_operator_scripts and are not browser-tested source.,NOT YET MAPPED TO EXECUTED FRONTEND CASE,NONE: no semantically matching actual frontend assertion found in current isolated run reports.,"LOCALLY MISSING: verify current exposure/contract and implement the stated real-browser workflow, fixture and negative path. Historical provenance alone does not establish current availability."
US-SP-BOT-001,Bot creation and editing,authorized bot creator,"As an authorized bot creator, I want to create a bot through the wizard.",Open Bots > Create; complete every step; inspect Review; final Save.,One correctly configured bot persists; no create request occurs before final Save.,A member without management rights cannot edit/clone/delete/widen the bot; a creator cannot select capabilities outside current grants.,REAL_BROWSER; TWO_BOTS; RELOAD; NEGATIVE_SERVER,P1,PARTIAL,HISTORICAL_SOURCE_DERIVED,bot-editor; chat-experience-v2/server_fixture.py; September 6 bot-editor release evidence,WebUI HEAD 451acb916a33d9267713eaf57aba7f93e462993c; engine HEAD 97fbbecd35984d5e28a3482d60a1165121333fc9. Exact tested file fingerprints: evidence/source-provenance.json. Frozen run 20260909-080212-676633000; commits and content fingerprints are distinct provenance. Any explicitly permitted post-run operator additions are recorded separately as post_run_operator_scripts and are not browser-tested source.,test-kit/tests/e2e/full/workflows.spec.ts:4,"PASS subset [20260909-080212-676633000]: US-SP-BOT-001 wizard validates, preserves draft back navigation and creates real bot; Wizard required-ID validation, Back/Continue draft preservation, skill selection and created-bot API readback. Frozen source: True; current spec: True; all tested source files unchanged: True. Any permitted new operator scripts have separate provenance and no browser certification. Delivered report: evidence/executed-scenarios.csv (match test title and run ID).","Only the listed assertions are evidenced; complete the remaining explicit frontend, persistence and permission requirements in this row."
US-SP-BOT-002,Bot creation and editing,authorized bot creator,"As an authorized bot creator, I want to cancel bot creation.",Start Create; fill two steps; cancel; reopen list.,No partial published bot/runtime profile remains.,A member without management rights cannot edit/clone/delete/widen the bot; a creator cannot select capabilities outside current grants.,REAL_BROWSER; TWO_BOTS; RELOAD; NEGATIVE_SERVER,P1,NOT RUN,HISTORICAL_SOURCE_DERIVED,bot-editor; chat-experience-v2/server_fixture.py; September 6 bot-editor release evidence,WebUI HEAD 451acb916a33d9267713eaf57aba7f93e462993c; engine HEAD 97fbbecd35984d5e28a3482d60a1165121333fc9. Exact tested file fingerprints: evidence/source-provenance.json. Frozen run 20260909-080212-676633000; commits and content fingerprints are distinct provenance. Any explicitly permitted post-run operator additions are recorded separately as post_run_operator_scripts and are not browser-tested source.,NOT YET MAPPED TO EXECUTED FRONTEND CASE,NONE: no semantically matching actual frontend assertion found in current isolated run reports.,"LOCALLY MISSING: verify current exposure/contract and implement the stated real-browser workflow, fixture and negative path. Historical provenance alone does not establish current availability."
US-SP-BOT-003,Bot creation and editing,authorized bot creator,"As an authorized bot creator, I want to move Back and Continue without draft loss.",Fill all steps; navigate Back/Continue; inspect Review.,All edits remain on this draft and navigation does not double-submit.,A member without management rights cannot edit/clone/delete/widen the bot; a creator cannot select capabilities outside current grants.,REAL_BROWSER; TWO_BOTS; RELOAD; NEGATIVE_SERVER,P1,PARTIAL,HISTORICAL_SOURCE_DERIVED,bot-editor; chat-experience-v2/server_fixture.py; September 6 bot-editor release evidence,WebUI HEAD 451acb916a33d9267713eaf57aba7f93e462993c; engine HEAD 97fbbecd35984d5e28a3482d60a1165121333fc9. Exact tested file fingerprints: evidence/source-provenance.json. Frozen run 20260909-080212-676633000; commits and content fingerprints are distinct provenance. Any explicitly permitted post-run operator additions are recorded separately as post_run_operator_scripts and are not browser-tested source.,test-kit/tests/e2e/full/workflows.spec.ts:4,"PASS subset [20260909-080212-676633000]: US-SP-BOT-001 wizard validates, preserves draft back navigation and creates real bot; Wizard required-ID validation, Back/Continue draft preservation, skill selection and created-bot API readback. Frozen source: True; current spec: True; all tested source files unchanged: True. Any permitted new operator scripts have separate provenance and no browser certification. Delivered report: evidence/executed-scenarios.csv (match test title and run ID).","Only the listed assertions are evidenced; complete the remaining explicit frontend, persistence and permission requirements in this row."
US-SP-BOT-004,Bot creation and editing,authorized bot creator,"As an authorized bot creator, I want to open all existing-bot tabs.",Open Bot A > Edit bot; click all six tabs; exercise each section deep link.,Each opens its requested section and Bot B is unchanged.,A member without management rights cannot edit/clone/delete/widen the bot; a creator cannot select capabilities outside current grants.,REAL_BROWSER; TWO_BOTS; RELOAD; NEGATIVE_SERVER,P1,PARTIAL,HISTORICAL_SOURCE_DERIVED,bot-editor; chat-experience-v2/server_fixture.py; September 6 bot-editor release evidence,WebUI HEAD 451acb916a33d9267713eaf57aba7f93e462993c; engine HEAD 97fbbecd35984d5e28a3482d60a1165121333fc9. Exact tested file fingerprints: evidence/source-provenance.json. Frozen run 20260909-080212-676633000; commits and content fingerprints are distinct provenance. Any explicitly permitted post-run operator additions are recorded separately as post_run_operator_scripts and are not browser-tested source.,test-kit/tests/e2e/full/workflows.spec.ts:14,"PASS subset [20260909-080212-676633000]: US-SP-BOT-004 six editor tabs, keyboard navigation, and save from instructions preserve real configuration; Six bot tabs open, keyboard ArrowRight selects tab, instructions save is read back. Other save-tab origins remain. Frozen source: True; current spec: True; all tested source files unchanged: True. Any permitted new operator scripts have separate provenance and no browser certification. Delivered report: evidence/executed-scenarios.csv (match test title and run ID).","Only the listed assertions are evidenced; complete the remaining explicit frontend, persistence and permission requirements in this row."
US-SP-BOT-005,Bot creation and editing,authorized bot creator,"As an authorized bot creator, I want to save from any editor tab.",Change a field; switch tabs; Save bot; reload.,All intended edits persist once from the active tab.,A member without management rights cannot edit/clone/delete/widen the bot; a creator cannot select capabilities outside current grants.,REAL_BROWSER; TWO_BOTS; RELOAD; NEGATIVE_SERVER,P1,PARTIAL,HISTORICAL_SOURCE_DERIVED,bot-editor; chat-experience-v2/server_fixture.py; September 6 bot-editor release evidence,WebUI HEAD 451acb916a33d9267713eaf57aba7f93e462993c; engine HEAD 97fbbecd35984d5e28a3482d60a1165121333fc9. Exact tested file fingerprints: evidence/source-provenance.json. Frozen run 20260909-080212-676633000; commits and content fingerprints are distinct provenance. Any explicitly permitted post-run operator additions are recorded separately as post_run_operator_scripts and are not browser-tested source.,test-kit/tests/e2e/full/deep-workflows.spec.ts:33 | test-kit/tests/e2e/full/workflows.spec.ts:14,"PASS subset [20260909-080212-676633000]: US-SP-BOT-DEEP all editable tab fields filter select save and delete lifecycle; Edited bot description/shared memory/skill/CLI/MCP/member/group fields save with authoritative readback; cancel/confirm delete verified. Frozen source: True; current spec: True; all tested source files unchanged: True. Any permitted new operator scripts have separate provenance and no browser certification. Delivered report: evidence/executed-scenarios.csv (match test title and run ID). | PASS subset [20260909-080212-676633000]: US-SP-BOT-004 six editor tabs, keyboard navigation, and save from instructions preserve real configuration; Six bot tabs open, keyboard ArrowRight selects tab, instructions save is read back. Other save-tab origins remain. Frozen source: True; current spec: True; all tested source files unchanged: True. Any permitted new operator scripts have separate provenance and no browser certification. Delivered report: evidence/executed-scenarios.csv (match test title and run ID).","Only the listed assertions are evidenced; complete the remaining explicit frontend, persistence and permission requirements in this row."
US-SP-BOT-006,Bot creation and editing,authorized bot creator,"As an authorized bot creator, I want to edit bot instructions.",Replace instructions; save; start a bot conversation; send a probe.,Saved instructions reach the real worker/provider request.,A member without management rights cannot edit/clone/delete/widen the bot; a creator cannot select capabilities outside current grants.,REAL_BROWSER; TWO_BOTS; RELOAD; NEGATIVE_SERVER,P1,PARTIAL,HISTORICAL_SOURCE_DERIVED,bot-editor; chat-experience-v2/server_fixture.py; September 6 bot-editor release evidence,WebUI HEAD 451acb916a33d9267713eaf57aba7f93e462993c; engine HEAD 97fbbecd35984d5e28a3482d60a1165121333fc9. Exact tested file fingerprints: evidence/source-provenance.json. Frozen run 20260909-080212-676633000; commits and content fingerprints are distinct provenance. Any explicitly permitted post-run operator additions are recorded separately as post_run_operator_scripts and are not browser-tested source.,test-kit/tests/e2e/full/workflows.spec.ts:14,"PASS subset [20260909-080212-676633000]: US-SP-BOT-004 six editor tabs, keyboard navigation, and save from instructions preserve real configuration; Six bot tabs open, keyboard ArrowRight selects tab, instructions save is read back. Other save-tab origins remain. Frozen source: True; current spec: True; all tested source files unchanged: True. Any permitted new operator scripts have separate provenance and no browser certification. Delivered report: evidence/executed-scenarios.csv (match test title and run ID).","Only the listed assertions are evidenced; complete the remaining explicit frontend, persistence and permission requirements in this row."
US-SP-BOT-007,Bot creation and editing,authorized bot creator,"As an authorized bot creator, I want to select skill CLI and MCP capabilities.",Select permitted fixtures; remove one; save/reload; run corresponding governed tools.,Selection persists and runtime intersects bot ceiling with caller rights.,A member without management rights cannot edit/clone/delete/widen the bot; a creator cannot select capabilities outside current grants.,REAL_BROWSER; TWO_BOTS; RELOAD; NEGATIVE_SERVER,P1,PARTIAL,HISTORICAL_SOURCE_DERIVED,bot-editor; chat-experience-v2/server_fixture.py; September 6 bot-editor release evidence,WebUI HEAD 451acb916a33d9267713eaf57aba7f93e462993c; engine HEAD 97fbbecd35984d5e28a3482d60a1165121333fc9. Exact tested file fingerprints: evidence/source-provenance.json. Frozen run 20260909-080212-676633000; commits and content fingerprints are distinct provenance. Any explicitly permitted post-run operator additions are recorded separately as post_run_operator_scripts and are not browser-tested source.,test-kit/tests/e2e/full/deep-workflows.spec.ts:33,PASS subset [20260909-080212-676633000]: US-SP-BOT-DEEP all editable tab fields filter select save and delete lifecycle; Edited bot description/shared memory/skill/CLI/MCP/member/group fields save with authoritative readback; cancel/confirm delete verified. Frozen source: True; current spec: True; all tested source files unchanged: True. Any permitted new operator scripts have separate provenance and no browser certification. Delivered report: evidence/executed-scenarios.csv (match test title and run ID).,"Only the listed assertions are evidenced; complete the remaining explicit frontend, persistence and permission requirements in this row."
US-SP-BOT-008,Bot creation and editing,authorized bot creator,"As an authorized bot creator, I want to preserve large legacy selections.","Load 554 skills, 154 CLI tools and 13 MCP entries; edit description; save/reload.",Valid unchanged selections survive without a 100-item rejection.,A member without management rights cannot edit/clone/delete/widen the bot; a creator cannot select capabilities outside current grants.,REAL_BROWSER; TWO_BOTS; RELOAD; NEGATIVE_SERVER,P1,NOT RUN,HISTORICAL_SOURCE_DERIVED,bot-editor; chat-experience-v2/server_fixture.py; September 6 bot-editor release evidence,WebUI HEAD 451acb916a33d9267713eaf57aba7f93e462993c; engine HEAD 97fbbecd35984d5e28a3482d60a1165121333fc9. Exact tested file fingerprints: evidence/source-provenance.json. Frozen run 20260909-080212-676633000; commits and content fingerprints are distinct provenance. Any explicitly permitted post-run operator additions are recorded separately as post_run_operator_scripts and are not browser-tested source.,NOT YET MAPPED TO EXECUTED FRONTEND CASE,NONE: no semantically matching actual frontend assertion found in current isolated run reports.,"LOCALLY MISSING: verify current exposure/contract and implement the stated real-browser workflow, fixture and negative path. Historical provenance alone does not establish current availability."
US-SP-BOT-009,Bot creation and editing,authorized bot creator,"As an authorized bot creator, I want to preserve unchanged model during discovery failure.",Make discovery unavailable; edit an unrelated field; save the bot.,The unchanged permitted pair survives; an unavailable new pair is refused.,A member without management rights cannot edit/clone/delete/widen the bot; a creator cannot select capabilities outside current grants.,REAL_BROWSER; TWO_BOTS; RELOAD; NEGATIVE_SERVER,P1,NOT RUN,HISTORICAL_SOURCE_DERIVED,bot-editor; chat-experience-v2/server_fixture.py; September 6 bot-editor release evidence,WebUI HEAD 451acb916a33d9267713eaf57aba7f93e462993c; engine HEAD 97fbbecd35984d5e28a3482d60a1165121333fc9. Exact tested file fingerprints: evidence/source-provenance.json. Frozen run 20260909-080212-676633000; commits and content fingerprints are distinct provenance. Any explicitly permitted post-run operator additions are recorded separately as post_run_operator_scripts and are not browser-tested source.,NOT YET MAPPED TO EXECUTED FRONTEND CASE,NONE: no semantically matching actual frontend assertion found in current isolated run reports.,"LOCALLY MISSING: verify current exposure/contract and implement the stated real-browser workflow, fixture and negative path. Historical provenance alone does not establish current availability."
US-SP-BOT-010,Bot creation and editing,authorized bot creator,"As an authorized bot creator, I want to assign users and groups.",Add fixture user/group; save; run as member; remove membership; retry.,Members can run; revoked members lose list/avatar/builder/chat access.,A member without management rights cannot edit/clone/delete/widen the bot; a creator cannot select capabilities outside current grants.,REAL_BROWSER; TWO_BOTS; RELOAD; NEGATIVE_SERVER,P1,PARTIAL,HISTORICAL_SOURCE_DERIVED,bot-editor; chat-experience-v2/server_fixture.py; September 6 bot-editor release evidence,WebUI HEAD 451acb916a33d9267713eaf57aba7f93e462993c; engine HEAD 97fbbecd35984d5e28a3482d60a1165121333fc9. Exact tested file fingerprints: evidence/source-provenance.json. Frozen run 20260909-080212-676633000; commits and content fingerprints are distinct provenance. Any explicitly permitted post-run operator additions are recorded separately as post_run_operator_scripts and are not browser-tested source.,test-kit/tests/e2e/full/deep-workflows.spec.ts:33,PASS subset [20260909-080212-676633000]: US-SP-BOT-DEEP all editable tab fields filter select save and delete lifecycle; Edited bot description/shared memory/skill/CLI/MCP/member/group fields save with authoritative readback; cancel/confirm delete verified. Frozen source: True; current spec: True; all tested source files unchanged: True. Any permitted new operator scripts have separate provenance and no browser certification. Delivered report: evidence/executed-scenarios.csv (match test title and run ID).,"Only the listed assertions are evidenced; complete the remaining explicit frontend, persistence and permission requirements in this row."
US-SP-BOT-011,Bot creation and editing,authorized bot creator,"As an authorized bot creator, I want to upload and reset a bot photo.",Upload known PNG; save/reload; inspect roster/chat; use supported reset.,Correct image/dimensions persist; reset leaves other bots unchanged.,A member without management rights cannot edit/clone/delete/widen the bot; a creator cannot select capabilities outside current grants.,REAL_BROWSER; TWO_BOTS; RELOAD; NEGATIVE_SERVER,P1,NOT RUN,HISTORICAL_SOURCE_DERIVED,bot-editor; chat-experience-v2/server_fixture.py; September 6 bot-editor release evidence,WebUI HEAD 451acb916a33d9267713eaf57aba7f93e462993c; engine HEAD 97fbbecd35984d5e28a3482d60a1165121333fc9. Exact tested file fingerprints: evidence/source-provenance.json. Frozen run 20260909-080212-676633000; commits and content fingerprints are distinct provenance. Any explicitly permitted post-run operator additions are recorded separately as post_run_operator_scripts and are not browser-tested source.,NOT YET MAPPED TO EXECUTED FRONTEND CASE,NONE: no semantically matching actual frontend assertion found in current isolated run reports.,"LOCALLY MISSING: verify current exposure/contract and implement the stated real-browser workflow, fixture and negative path. Historical provenance alone does not establish current availability."
US-SP-BOT-012,Bot creation and editing,authorized bot creator,"As an authorized bot creator, I want to handle stale edits.",Edit one bot in two tabs; save A; submit stale B; reload.,A visible conflict protects the newer revision.,A member without management rights cannot edit/clone/delete/widen the bot; a creator cannot select capabilities outside current grants.,REAL_BROWSER; TWO_BOTS; RELOAD; NEGATIVE_SERVER,P1,NOT RUN,HISTORICAL_SOURCE_DERIVED,bot-editor; chat-experience-v2/server_fixture.py; September 6 bot-editor release evidence,WebUI HEAD 451acb916a33d9267713eaf57aba7f93e462993c; engine HEAD 97fbbecd35984d5e28a3482d60a1165121333fc9. Exact tested file fingerprints: evidence/source-provenance.json. Frozen run 20260909-080212-676633000; commits and content fingerprints are distinct provenance. Any explicitly permitted post-run operator additions are recorded separately as post_run_operator_scripts and are not browser-tested source.,NOT YET MAPPED TO EXECUTED FRONTEND CASE,NONE: no semantically matching actual frontend assertion found in current isolated run reports.,"LOCALLY MISSING: verify current exposure/contract and implement the stated real-browser workflow, fixture and negative path. Historical provenance alone does not establish current availability."
US-SP-BOT-013,Bot creation and editing,authorized bot creator,"As an authorized bot creator, I want to ignore a late save after navigation.",Delay save; navigate to Bot B or another panel; complete response.,The old response cannot reclaim the panel or contaminate Bot B.,A member without management rights cannot edit/clone/delete/widen the bot; a creator cannot select capabilities outside current grants.,REAL_BROWSER; TWO_BOTS; RELOAD; NEGATIVE_SERVER,P1,NOT RUN,HISTORICAL_SOURCE_DERIVED,bot-editor; chat-experience-v2/server_fixture.py; September 6 bot-editor release evidence,WebUI HEAD 451acb916a33d9267713eaf57aba7f93e462993c; engine HEAD 97fbbecd35984d5e28a3482d60a1165121333fc9. Exact tested file fingerprints: evidence/source-provenance.json. Frozen run 20260909-080212-676633000; commits and content fingerprints are distinct provenance. Any explicitly permitted post-run operator additions are recorded separately as post_run_operator_scripts and are not browser-tested source.,NOT YET MAPPED TO EXECUTED FRONTEND CASE,NONE: no semantically matching actual frontend assertion found in current isolated run reports.,"LOCALLY MISSING: verify current exposure/contract and implement the stated real-browser workflow, fixture and negative path. Historical provenance alone does not establish current availability."
US-SP-BOT-014,Bot creation and editing,authorized bot creator,"As an authorized bot creator, I want to delete a disposable owned bot.",Delete a synthetic owned bot through confirmation; reopen direct link.,Only the intended bot becomes unavailable.,A member without management rights cannot edit/clone/delete/widen the bot; a creator cannot select capabilities outside current grants.,REAL_BROWSER; TWO_BOTS; RELOAD; NEGATIVE_SERVER,P1,PARTIAL,HISTORICAL_SOURCE_DERIVED,bot-editor; chat-experience-v2/server_fixture.py; September 6 bot-editor release evidence,WebUI HEAD 451acb916a33d9267713eaf57aba7f93e462993c; engine HEAD 97fbbecd35984d5e28a3482d60a1165121333fc9. Exact tested file fingerprints: evidence/source-provenance.json. Frozen run 20260909-080212-676633000; commits and content fingerprints are distinct provenance. Any explicitly permitted post-run operator additions are recorded separately as post_run_operator_scripts and are not browser-tested source.,test-kit/tests/e2e/full/deep-workflows.spec.ts:33,PASS subset [20260909-080212-676633000]: US-SP-BOT-DEEP all editable tab fields filter select save and delete lifecycle; Edited bot description/shared memory/skill/CLI/MCP/member/group fields save with authoritative readback; cancel/confirm delete verified. Frozen source: True; current spec: True; all tested source files unchanged: True. Any permitted new operator scripts have separate provenance and no browser certification. Delivered report: evidence/executed-scenarios.csv (match test title and run ID).,"Only the listed assertions are evidenced; complete the remaining explicit frontend, persistence and permission requirements in this row."
US-SP-KNOW-001,Bot knowledge and shared memory,bot owner,"As a bot owner, I want to upload without implicit selection.",Open Memory & knowledge; choose two real fixture files; upload.,Both enter this bot's catalog and remain unselected until explicitly saved.,Other owners/members cannot manage this catalog; selected knowledge does not bypass caller file/tool permissions.,REAL_BROWSER; TWO_BOTS; FILE_BYTES; RELOAD; NEGATIVE_SERVER,P0,PARTIAL,HISTORICAL_SOURCE_DERIVED,bot-editor/knowledge_qa.cjs; bot-editor/knowledge_lifecycle.cjs; bot-knowledge,WebUI HEAD 451acb916a33d9267713eaf57aba7f93e462993c; engine HEAD 97fbbecd35984d5e28a3482d60a1165121333fc9. Exact tested file fingerprints: evidence/source-provenance.json. Frozen run 20260909-080212-676633000; commits and content fingerprints are distinct provenance. Any explicitly permitted post-run operator additions are recorded separately as post_run_operator_scripts and are not browser-tested source.,test-kit/tests/e2e/full/workflows.spec.ts:21,PASS subset [20260909-080212-676633000]: US-SP-KNOW-001 upload does not select; explicit selection saves and survives editor reopen; Actual knowledge upload initially unchecked; explicit selection save is read back and remains on reopening tab. Frozen source: True; current spec: True; all tested source files unchanged: True. Any permitted new operator scripts have separate provenance and no browser certification. Delivered report: evidence/executed-scenarios.csv (match test title and run ID).,"Only the listed assertions are evidenced; complete the remaining explicit frontend, persistence and permission requirements in this row."
US-SP-KNOW-002,Bot knowledge and shared memory,bot owner,"As a bot owner, I want to search the catalog.",Upload distinct names; search partial name; clear.,Matching rows appear; hidden selections remain preserved.,Other owners/members cannot manage this catalog; selected knowledge does not bypass caller file/tool permissions.,REAL_BROWSER; TWO_BOTS; FILE_BYTES; RELOAD; NEGATIVE_SERVER,P0,NOT RUN,HISTORICAL_SOURCE_DERIVED,bot-editor/knowledge_qa.cjs; bot-editor/knowledge_lifecycle.cjs; bot-knowledge,WebUI HEAD 451acb916a33d9267713eaf57aba7f93e462993c; engine HEAD 97fbbecd35984d5e28a3482d60a1165121333fc9. Exact tested file fingerprints: evidence/source-provenance.json. Frozen run 20260909-080212-676633000; commits and content fingerprints are distinct provenance. Any explicitly permitted post-run operator additions are recorded separately as post_run_operator_scripts and are not browser-tested source.,NOT YET MAPPED TO EXECUTED FRONTEND CASE,NONE: no semantically matching actual frontend assertion found in current isolated run reports.,"LOCALLY MISSING: verify current exposure/contract and implement the stated real-browser workflow, fixture and negative path. Historical provenance alone does not establish current availability."
US-SP-KNOW-003,Bot knowledge and shared memory,bot owner,"As a bot owner, I want to select and explicitly save knowledge.",Check one uploaded file; Save knowledge; reload.,Exactly the selected reference persists for this bot.,Other owners/members cannot manage this catalog; selected knowledge does not bypass caller file/tool permissions.,REAL_BROWSER; TWO_BOTS; FILE_BYTES; RELOAD; NEGATIVE_SERVER,P0,PARTIAL,HISTORICAL_SOURCE_DERIVED,bot-editor/knowledge_qa.cjs; bot-editor/knowledge_lifecycle.cjs; bot-knowledge,WebUI HEAD 451acb916a33d9267713eaf57aba7f93e462993c; engine HEAD 97fbbecd35984d5e28a3482d60a1165121333fc9. Exact tested file fingerprints: evidence/source-provenance.json. Frozen run 20260909-080212-676633000; commits and content fingerprints are distinct provenance. Any explicitly permitted post-run operator additions are recorded separately as post_run_operator_scripts and are not browser-tested source.,test-kit/tests/e2e/full/workflows.spec.ts:21,PASS subset [20260909-080212-676633000]: US-SP-KNOW-001 upload does not select; explicit selection saves and survives editor reopen; Actual knowledge upload initially unchecked; explicit selection save is read back and remains on reopening tab. Frozen source: True; current spec: True; all tested source files unchanged: True. Any permitted new operator scripts have separate provenance and no browser certification. Delivered report: evidence/executed-scenarios.csv (match test title and run ID).,"Only the listed assertions are evidenced; complete the remaining explicit frontend, persistence and permission requirements in this row."
US-SP-KNOW-004,Bot knowledge and shared memory,bot owner,"As a bot owner, I want to deselect knowledge.",Uncheck; Save knowledge; reload; request fixture knowledge.,The removed reference is absent from selected runtime knowledge.,Other owners/members cannot manage this catalog; selected knowledge does not bypass caller file/tool permissions.,REAL_BROWSER; TWO_BOTS; FILE_BYTES; RELOAD; NEGATIVE_SERVER,P0,NOT RUN,HISTORICAL_SOURCE_DERIVED,bot-editor/knowledge_qa.cjs; bot-editor/knowledge_lifecycle.cjs; bot-knowledge,WebUI HEAD 451acb916a33d9267713eaf57aba7f93e462993c; engine HEAD 97fbbecd35984d5e28a3482d60a1165121333fc9. Exact tested file fingerprints: evidence/source-provenance.json. Frozen run 20260909-080212-676633000; commits and content fingerprints are distinct provenance. Any explicitly permitted post-run operator additions are recorded separately as post_run_operator_scripts and are not browser-tested source.,NOT YET MAPPED TO EXECUTED FRONTEND CASE,NONE: no semantically matching actual frontend assertion found in current isolated run reports.,"LOCALLY MISSING: verify current exposure/contract and implement the stated real-browser workflow, fixture and negative path. Historical provenance alone does not establish current availability."
US-SP-KNOW-005,Bot knowledge and shared memory,bot owner,"As a bot owner, I want to separate bot catalogs.",Upload unique file to Bot A; open Bot B and search for it.,Bot B cannot enumerate or inherit Bot A's private catalog.,Other owners/members cannot manage this catalog; selected knowledge does not bypass caller file/tool permissions.,REAL_BROWSER; TWO_BOTS; FILE_BYTES; RELOAD; NEGATIVE_SERVER,P0,NOT RUN,HISTORICAL_SOURCE_DERIVED,bot-editor/knowledge_qa.cjs; bot-editor/knowledge_lifecycle.cjs; bot-knowledge,WebUI HEAD 451acb916a33d9267713eaf57aba7f93e462993c; engine HEAD 97fbbecd35984d5e28a3482d60a1165121333fc9. Exact tested file fingerprints: evidence/source-provenance.json. Frozen run 20260909-080212-676633000; commits and content fingerprints are distinct provenance. Any explicitly permitted post-run operator additions are recorded separately as post_run_operator_scripts and are not browser-tested source.,NOT YET MAPPED TO EXECUTED FRONTEND CASE,NONE: no semantically matching actual frontend assertion found in current isolated run reports.,"LOCALLY MISSING: verify current exposure/contract and implement the stated real-browser workflow, fixture and negative path. Historical provenance alone does not establish current availability."
US-SP-KNOW-006,Bot knowledge and shared memory,bot owner,"As a bot owner, I want to reject forged paths and selections.","Select valid file in UI; run forged-ID, encoded traversal and symlink negative probes.",Invalid references fail clearly and no cross-root file opens.,Other owners/members cannot manage this catalog; selected knowledge does not bypass caller file/tool permissions.,REAL_BROWSER; TWO_BOTS; FILE_BYTES; RELOAD; NEGATIVE_SERVER,P0,NOT RUN,HISTORICAL_SOURCE_DERIVED,bot-editor/knowledge_qa.cjs; bot-editor/knowledge_lifecycle.cjs; bot-knowledge,WebUI HEAD 451acb916a33d9267713eaf57aba7f93e462993c; engine HEAD 97fbbecd35984d5e28a3482d60a1165121333fc9. Exact tested file fingerprints: evidence/source-provenance.json. Frozen run 20260909-080212-676633000; commits and content fingerprints are distinct provenance. Any explicitly permitted post-run operator additions are recorded separately as post_run_operator_scripts and are not browser-tested source.,NOT YET MAPPED TO EXECUTED FRONTEND CASE,NONE: no semantically matching actual frontend assertion found in current isolated run reports.,"LOCALLY MISSING: verify current exposure/contract and implement the stated real-browser workflow, fixture and negative path. Historical provenance alone does not establish current availability."
US-SP-KNOW-007,Bot knowledge and shared memory,bot owner,"As a bot owner, I want to enforce runtime read roots.",Select document; request it with matching root then unrelated-root actor.,Only the permitted actor obtains the fixture bytes.,Other owners/members cannot manage this catalog; selected knowledge does not bypass caller file/tool permissions.,REAL_BROWSER; TWO_BOTS; FILE_BYTES; RELOAD; NEGATIVE_SERVER,P0,NOT RUN,HISTORICAL_SOURCE_DERIVED,bot-editor/knowledge_qa.cjs; bot-editor/knowledge_lifecycle.cjs; bot-knowledge,WebUI HEAD 451acb916a33d9267713eaf57aba7f93e462993c; engine HEAD 97fbbecd35984d5e28a3482d60a1165121333fc9. Exact tested file fingerprints: evidence/source-provenance.json. Frozen run 20260909-080212-676633000; commits and content fingerprints are distinct provenance. Any explicitly permitted post-run operator additions are recorded separately as post_run_operator_scripts and are not browser-tested source.,NOT YET MAPPED TO EXECUTED FRONTEND CASE,NONE: no semantically matching actual frontend assertion found in current isolated run reports.,"LOCALLY MISSING: verify current exposure/contract and implement the stated real-browser workflow, fixture and negative path. Historical provenance alone does not establish current availability."
US-SP-KNOW-008,Bot knowledge and shared memory,bot owner,"As a bot owner, I want to handle stale knowledge revisions.",Open selection in two tabs; save A; submit stale B; reload.,The newer selection survives with a visible conflict.,Other owners/members cannot manage this catalog; selected knowledge does not bypass caller file/tool permissions.,REAL_BROWSER; TWO_BOTS; FILE_BYTES; RELOAD; NEGATIVE_SERVER,P0,NOT RUN,HISTORICAL_SOURCE_DERIVED,bot-editor/knowledge_qa.cjs; bot-editor/knowledge_lifecycle.cjs; bot-knowledge,WebUI HEAD 451acb916a33d9267713eaf57aba7f93e462993c; engine HEAD 97fbbecd35984d5e28a3482d60a1165121333fc9. Exact tested file fingerprints: evidence/source-provenance.json. Frozen run 20260909-080212-676633000; commits and content fingerprints are distinct provenance. Any explicitly permitted post-run operator additions are recorded separately as post_run_operator_scripts and are not browser-tested source.,NOT YET MAPPED TO EXECUTED FRONTEND CASE,NONE: no semantically matching actual frontend assertion found in current isolated run reports.,"LOCALLY MISSING: verify current exposure/contract and implement the stated real-browser workflow, fixture and negative path. Historical provenance alone does not establish current availability."
US-SP-KNOW-009,Bot knowledge and shared memory,bot owner,"As a bot owner, I want to edit shared bot memory.",Save a shared marker; run as authorized member; reload.,The marker persists only in bot shared scope and authorized contexts.,Other owners/members cannot manage this catalog; selected knowledge does not bypass caller file/tool permissions.,REAL_BROWSER; TWO_BOTS; FILE_BYTES; RELOAD; NEGATIVE_SERVER,P0,PARTIAL,HISTORICAL_SOURCE_DERIVED,bot-editor/knowledge_qa.cjs; bot-editor/knowledge_lifecycle.cjs; bot-knowledge,WebUI HEAD 451acb916a33d9267713eaf57aba7f93e462993c; engine HEAD 97fbbecd35984d5e28a3482d60a1165121333fc9. Exact tested file fingerprints: evidence/source-provenance.json. Frozen run 20260909-080212-676633000; commits and content fingerprints are distinct provenance. Any explicitly permitted post-run operator additions are recorded separately as post_run_operator_scripts and are not browser-tested source.,test-kit/tests/e2e/full/deep-workflows.spec.ts:33,PASS subset [20260909-080212-676633000]: US-SP-BOT-DEEP all editable tab fields filter select save and delete lifecycle; Edited bot description/shared memory/skill/CLI/MCP/member/group fields save with authoritative readback; cancel/confirm delete verified. Frozen source: True; current spec: True; all tested source files unchanged: True. Any permitted new operator scripts have separate provenance and no browser certification. Delivered report: evidence/executed-scenarios.csv (match test title and run ID).,"Only the listed assertions are evidenced; complete the remaining explicit frontend, persistence and permission requirements in this row."
US-SP-KNOW-010,Bot knowledge and shared memory,bot owner,"As a bot owner, I want to preserve private legacy memory.",Seed personal USER.md/MEMORY.md sentinels; save bot knowledge/shared memory; inspect authorized evidence.,Private sentinels stay unchanged and absent from shared prompts.,Unauthorized/revoked actors receive no shared or private markers.,REAL_BROWSER; PRIVACY_MARKERS; RELOAD; NEGATIVE_SERVER,P0,NOT RUN,HISTORICAL_SOURCE_DERIVED,bot-editor/knowledge_qa.cjs; bot-editor/knowledge_lifecycle.cjs; bot-knowledge,WebUI HEAD 451acb916a33d9267713eaf57aba7f93e462993c; engine HEAD 97fbbecd35984d5e28a3482d60a1165121333fc9. Exact tested file fingerprints: evidence/source-provenance.json. Frozen run 20260909-080212-676633000; commits and content fingerprints are distinct provenance. Any explicitly permitted post-run operator additions are recorded separately as post_run_operator_scripts and are not browser-tested source.,NOT YET MAPPED TO EXECUTED FRONTEND CASE,NONE: no semantically matching actual frontend assertion found in current isolated run reports.,"LOCALLY MISSING: verify current exposure/contract and implement the stated real-browser workflow, fixture and negative path. Historical provenance alone does not establish current availability."
US-SP-MEM-001,Personal memory and external notes,signed-in user,"As a signed-in user, I want to open all personal memory sections.",Open Memory; click all four sections on desktop/mobile.,Each shows only this user's content with correct empty states.,"Another user cannot read/write this user's personal sections by spoofing body, query, path or session identity.",REAL_BROWSER; TWO_USERS; PRIVACY_MARKERS; RELOAD; NEGATIVE_SERVER,P0,NOT RUN,HISTORICAL_SOURCE_DERIVED,static/panels.js; September 6 personal-memory release evidence,WebUI HEAD 451acb916a33d9267713eaf57aba7f93e462993c; engine HEAD 97fbbecd35984d5e28a3482d60a1165121333fc9. Exact tested file fingerprints: evidence/source-provenance.json. Frozen run 20260909-080212-676633000; commits and content fingerprints are distinct provenance. Any explicitly permitted post-run operator additions are recorded separately as post_run_operator_scripts and are not browser-tested source.,NOT YET MAPPED TO EXECUTED FRONTEND CASE,NONE: no semantically matching actual frontend assertion found in current isolated run reports.,"LOCALLY MISSING: verify current exposure/contract and implement the stated real-browser workflow, fixture and negative path. Historical provenance alone does not establish current availability."
US-SP-MEM-002,Personal memory and external notes,signed-in user,"As a signed-in user, I want to save a personal section.",Edit one section; enter a unique marker; Save; reload.,The marker persists only in this user's chosen section.,"Another user cannot read/write this user's personal sections by spoofing body, query, path or session identity.",REAL_BROWSER; TWO_USERS; PRIVACY_MARKERS; RELOAD; NEGATIVE_SERVER,P0,PARTIAL,HISTORICAL_SOURCE_DERIVED,static/panels.js; September 6 personal-memory release evidence,WebUI HEAD 451acb916a33d9267713eaf57aba7f93e462993c; engine HEAD 97fbbecd35984d5e28a3482d60a1165121333fc9. Exact tested file fingerprints: evidence/source-provenance.json. Frozen run 20260909-080212-676633000; commits and content fingerprints are distinct provenance. Any explicitly permitted post-run operator additions are recorded separately as post_run_operator_scripts and are not browser-tested source.,test-kit/tests/e2e/full/workflows.spec.ts:34,"PASS subset [20260909-080212-676633000]: US-SP-MEM-001 personal memory edits persist, cancel preserves previous value; My Notes edit saves, cancellation preserves prior content and hard reload confirms it. Frozen source: True; current spec: True; all tested source files unchanged: True. Any permitted new operator scripts have separate provenance and no browser certification. Delivered report: evidence/executed-scenarios.csv (match test title and run ID).","Only the listed assertions are evidenced; complete the remaining explicit frontend, persistence and permission requirements in this row."
US-SP-MEM-003,Personal memory and external notes,signed-in user,"As a signed-in user, I want to cancel a memory edit.",Change content; Cancel; reload.,Previously saved content is unchanged.,"Another user cannot read/write this user's personal sections by spoofing body, query, path or session identity.",REAL_BROWSER; TWO_USERS; PRIVACY_MARKERS; RELOAD; NEGATIVE_SERVER,P0,PARTIAL,HISTORICAL_SOURCE_DERIVED,static/panels.js; September 6 personal-memory release evidence,WebUI HEAD 451acb916a33d9267713eaf57aba7f93e462993c; engine HEAD 97fbbecd35984d5e28a3482d60a1165121333fc9. Exact tested file fingerprints: evidence/source-provenance.json. Frozen run 20260909-080212-676633000; commits and content fingerprints are distinct provenance. Any explicitly permitted post-run operator additions are recorded separately as post_run_operator_scripts and are not browser-tested source.,test-kit/tests/e2e/full/workflows.spec.ts:34,"PASS subset [20260909-080212-676633000]: US-SP-MEM-001 personal memory edits persist, cancel preserves previous value; My Notes edit saves, cancellation preserves prior content and hard reload confirms it. Frozen source: True; current spec: True; all tested source files unchanged: True. Any permitted new operator scripts have separate provenance and no browser certification. Delivered report: evidence/executed-scenarios.csv (match test title and run ID).","Only the listed assertions are evidenced; complete the remaining explicit frontend, persistence and permission requirements in this row."
US-SP-MEM-004,Personal memory and external notes,signed-in user,"As a signed-in user, I want to exclude personal context from shared chat.",Save Alice/Bob private markers; run personal and group prompts.,Private turns get only allowed caller context; group prompts contain neither marker.,"Another user cannot read/write this user's personal sections by spoofing body, query, path or session identity.",REAL_BROWSER; TWO_USERS; PRIVACY_MARKERS; RELOAD; NEGATIVE_SERVER,P0,NOT RUN,HISTORICAL_SOURCE_DERIVED,static/panels.js; September 6 personal-memory release evidence,WebUI HEAD 451acb916a33d9267713eaf57aba7f93e462993c; engine HEAD 97fbbecd35984d5e28a3482d60a1165121333fc9. Exact tested file fingerprints: evidence/source-provenance.json. Frozen run 20260909-080212-676633000; commits and content fingerprints are distinct provenance. Any explicitly permitted post-run operator additions are recorded separately as post_run_operator_scripts and are not browser-tested source.,NOT YET MAPPED TO EXECUTED FRONTEND CASE,NONE: no semantically matching actual frontend assertion found in current isolated run reports.,"LOCALLY MISSING: verify current exposure/contract and implement the stated real-browser workflow, fixture and negative path. Historical provenance alone does not establish current availability."
US-SP-MEM-005,Personal memory and external notes,signed-in user,"As a signed-in user, I want to browse connected notes sources.",Open notes sources; select fixture source; inspect disconnected/loading states.,The selected source is correct; inaccessible content is labeled unavailable.,Without the source grant no note metadata/content is returned.,REAL_BROWSER; CONNECTOR_FIXTURE; NEGATIVE_SERVER,P0,NOT RUN,HISTORICAL_SOURCE_DERIVED,static/panels.js; September 6 personal-memory release evidence,WebUI HEAD 451acb916a33d9267713eaf57aba7f93e462993c; engine HEAD 97fbbecd35984d5e28a3482d60a1165121333fc9. Exact tested file fingerprints: evidence/source-provenance.json. Frozen run 20260909-080212-676633000; commits and content fingerprints are distinct provenance. Any explicitly permitted post-run operator additions are recorded separately as post_run_operator_scripts and are not browser-tested source.,NOT YET MAPPED TO EXECUTED FRONTEND CASE,NONE: no semantically matching actual frontend assertion found in current isolated run reports.,"LOCALLY MISSING: verify current exposure/contract and implement the stated real-browser workflow, fixture and negative path. Historical provenance alone does not establish current availability."
US-SP-MEM-006,Personal memory and external notes,signed-in user,"As a signed-in user, I want to search and preview notes.",Select permitted source; query a unique note; open preview.,Results match the selected authorized source/query.,"Another user cannot read/write this user's personal sections by spoofing body, query, path or session identity.",REAL_BROWSER; TWO_USERS; PRIVACY_MARKERS; RELOAD; NEGATIVE_SERVER,P0,NOT RUN,HISTORICAL_SOURCE_DERIVED,static/panels.js; September 6 personal-memory release evidence,WebUI HEAD 451acb916a33d9267713eaf57aba7f93e462993c; engine HEAD 97fbbecd35984d5e28a3482d60a1165121333fc9. Exact tested file fingerprints: evidence/source-provenance.json. Frozen run 20260909-080212-676633000; commits and content fingerprints are distinct provenance. Any explicitly permitted post-run operator additions are recorded separately as post_run_operator_scripts and are not browser-tested source.,NOT YET MAPPED TO EXECUTED FRONTEND CASE,NONE: no semantically matching actual frontend assertion found in current isolated run reports.,"LOCALLY MISSING: verify current exposure/contract and implement the stated real-browser workflow, fixture and negative path. Historical provenance alone does not establish current availability."
US-SP-MEM-007,Personal memory and external notes,signed-in user,"As a signed-in user, I want to ignore results from a previous source.",Delay source A search; switch to B; complete A.,A's content cannot replace B's current view.,"Another user cannot read/write this user's personal sections by spoofing body, query, path or session identity.",REAL_BROWSER; TWO_USERS; PRIVACY_MARKERS; RELOAD; NEGATIVE_SERVER,P0,NOT RUN,HISTORICAL_SOURCE_DERIVED,static/panels.js; September 6 personal-memory release evidence,WebUI HEAD 451acb916a33d9267713eaf57aba7f93e462993c; engine HEAD 97fbbecd35984d5e28a3482d60a1165121333fc9. Exact tested file fingerprints: evidence/source-provenance.json. Frozen run 20260909-080212-676633000; commits and content fingerprints are distinct provenance. Any explicitly permitted post-run operator additions are recorded separately as post_run_operator_scripts and are not browser-tested source.,NOT YET MAPPED TO EXECUTED FRONTEND CASE,NONE: no semantically matching actual frontend assertion found in current isolated run reports.,"LOCALLY MISSING: verify current exposure/contract and implement the stated real-browser workflow, fixture and negative path. Historical provenance alone does not establish current availability."
US-SP-MEM-008,Personal memory and external notes,signed-in user,"As a signed-in user, I want to recover a failed memory save.",Edit; fail save; inspect draft; retry after recovery.,"Failure is visible, the draft survives and successful revision persists once.","Another user cannot read/write this user's personal sections by spoofing body, query, path or session identity.",REAL_BROWSER; TWO_USERS; PRIVACY_MARKERS; RELOAD; NEGATIVE_SERVER,P0,NOT RUN,HISTORICAL_SOURCE_DERIVED,static/panels.js; September 6 personal-memory release evidence,WebUI HEAD 451acb916a33d9267713eaf57aba7f93e462993c; engine HEAD 97fbbecd35984d5e28a3482d60a1165121333fc9. Exact tested file fingerprints: evidence/source-provenance.json. Frozen run 20260909-080212-676633000; commits and content fingerprints are distinct provenance. Any explicitly permitted post-run operator additions are recorded separately as post_run_operator_scripts and are not browser-tested source.,NOT YET MAPPED TO EXECUTED FRONTEND CASE,NONE: no semantically matching actual frontend assertion found in current isolated run reports.,"LOCALLY MISSING: verify current exposure/contract and implement the stated real-browser workflow, fixture and negative path. Historical provenance alone does not establish current availability."
US-SP-PROJ-001,Projects and collaboration,project owner or member,"As a project owner or member, I want to create a project.",Open Projects; Create; enter a unique name; save; reload.,One owned project appears with the chosen name and supported default state.,"A non-member or revoked member cannot obtain project files, chats, metadata or existing streams; project membership does not grant extra bot/CLI rights.",REAL_BROWSER; TWO_USERS; TWO_BOTS; RELOAD; NEGATIVE_SERVER,P1,PARTIAL,HISTORICAL_SOURCE_DERIVED,static/projects.js; projects-groups; September 6 project collaboration release evidence,WebUI HEAD 451acb916a33d9267713eaf57aba7f93e462993c; engine HEAD 97fbbecd35984d5e28a3482d60a1165121333fc9. Exact tested file fingerprints: evidence/source-provenance.json. Frozen run 20260909-080212-676633000; commits and content fingerprints are distinct provenance. Any explicitly permitted post-run operator additions are recorded separately as post_run_operator_scripts and are not browser-tested source.,test-kit/tests/e2e/full/workflows.spec.ts:28,"PASS subset [20260909-080212-676633000]: US-SP-PROJ-001 create project, configure people and bots, upload file, reopen membership; Project created, Bob and Research assigned and reload checked; file upload is visible. File download and revoked-user paths remain. Frozen source: True; current spec: True; all tested source files unchanged: True. Any permitted new operator scripts have separate provenance and no browser certification. Delivered report: evidence/executed-scenarios.csv (match test title and run ID).","Only the listed assertions are evidenced; complete the remaining explicit frontend, persistence and permission requirements in this row."
US-SP-PROJ-002,Projects and collaboration,project owner or member,"As a project owner or member, I want to rename a project.",Open a disposable project; Edit/Rename; save; reload.,Only that project's name changes.,"A non-member or revoked member cannot obtain project files, chats, metadata or existing streams; project membership does not grant extra bot/CLI rights.",REAL_BROWSER; TWO_USERS; TWO_BOTS; RELOAD; NEGATIVE_SERVER,P1,NOT RUN,HISTORICAL_SOURCE_DERIVED,static/projects.js; projects-groups; September 6 project collaboration release evidence,WebUI HEAD 451acb916a33d9267713eaf57aba7f93e462993c; engine HEAD 97fbbecd35984d5e28a3482d60a1165121333fc9. Exact tested file fingerprints: evidence/source-provenance.json. Frozen run 20260909-080212-676633000; commits and content fingerprints are distinct provenance. Any explicitly permitted post-run operator additions are recorded separately as post_run_operator_scripts and are not browser-tested source.,NOT YET MAPPED TO EXECUTED FRONTEND CASE,NONE: no semantically matching actual frontend assertion found in current isolated run reports.,"LOCALLY MISSING: verify current exposure/contract and implement the stated real-browser workflow, fixture and negative path. Historical provenance alone does not establish current availability."
US-SP-PROJ-003,Projects and collaboration,project owner or member,"As a project owner or member, I want to render hostile project names safely.",Create a fixture name containing HTML-like text; open list/detail and selectors.,The exact text is readable without executing markup or scripts.,A denied user cannot use search/preview to read the name.,REAL_BROWSER; HOSTILE_CONTENT; NEGATIVE_SERVER,P1,NOT RUN,HISTORICAL_SOURCE_DERIVED,static/projects.js; projects-groups; September 6 project collaboration release evidence,WebUI HEAD 451acb916a33d9267713eaf57aba7f93e462993c; engine HEAD 97fbbecd35984d5e28a3482d60a1165121333fc9. Exact tested file fingerprints: evidence/source-provenance.json. Frozen run 20260909-080212-676633000; commits and content fingerprints are distinct provenance. Any explicitly permitted post-run operator additions are recorded separately as post_run_operator_scripts and are not browser-tested source.,NOT YET MAPPED TO EXECUTED FRONTEND CASE,NONE: no semantically matching actual frontend assertion found in current isolated run reports.,"LOCALLY MISSING: verify current exposure/contract and implement the stated real-browser workflow, fixture and negative path. Historical provenance alone does not establish current availability."
US-SP-PROJ-004,Projects and collaboration,project owner or member,"As a project owner or member, I want to assign project members.",Open project members; add Alice/Bob; save; open as each user.,The permitted roster persists and members see this project.,"A non-member or revoked member cannot obtain project files, chats, metadata or existing streams; project membership does not grant extra bot/CLI rights.",REAL_BROWSER; TWO_USERS; TWO_BOTS; RELOAD; NEGATIVE_SERVER,P1,PARTIAL,HISTORICAL_SOURCE_DERIVED,static/projects.js; projects-groups; September 6 project collaboration release evidence,WebUI HEAD 451acb916a33d9267713eaf57aba7f93e462993c; engine HEAD 97fbbecd35984d5e28a3482d60a1165121333fc9. Exact tested file fingerprints: evidence/source-provenance.json. Frozen run 20260909-080212-676633000; commits and content fingerprints are distinct provenance. Any explicitly permitted post-run operator additions are recorded separately as post_run_operator_scripts and are not browser-tested source.,test-kit/tests/e2e/full/workflows.spec.ts:28,"PASS subset [20260909-080212-676633000]: US-SP-PROJ-001 create project, configure people and bots, upload file, reopen membership; Project created, Bob and Research assigned and reload checked; file upload is visible. File download and revoked-user paths remain. Frozen source: True; current spec: True; all tested source files unchanged: True. Any permitted new operator scripts have separate provenance and no browser certification. Delivered report: evidence/executed-scenarios.csv (match test title and run ID).","Only the listed assertions are evidenced; complete the remaining explicit frontend, persistence and permission requirements in this row."
US-SP-PROJ-005,Projects and collaboration,project owner or member,"As a project owner or member, I want to assign project bots.",Select two allowed bots in project controls; save; open a project chat and choose each.,The assigned bot roster persists and dispatch obeys both project and bot permissions.,"A non-member or revoked member cannot obtain project files, chats, metadata or existing streams; project membership does not grant extra bot/CLI rights.",REAL_BROWSER; TWO_USERS; TWO_BOTS; RELOAD; NEGATIVE_SERVER,P1,PARTIAL,HISTORICAL_SOURCE_DERIVED,static/projects.js; projects-groups; September 6 project collaboration release evidence,WebUI HEAD 451acb916a33d9267713eaf57aba7f93e462993c; engine HEAD 97fbbecd35984d5e28a3482d60a1165121333fc9. Exact tested file fingerprints: evidence/source-provenance.json. Frozen run 20260909-080212-676633000; commits and content fingerprints are distinct provenance. Any explicitly permitted post-run operator additions are recorded separately as post_run_operator_scripts and are not browser-tested source.,test-kit/tests/e2e/full/workflows.spec.ts:28,"PASS subset [20260909-080212-676633000]: US-SP-PROJ-001 create project, configure people and bots, upload file, reopen membership; Project created, Bob and Research assigned and reload checked; file upload is visible. File download and revoked-user paths remain. Frozen source: True; current spec: True; all tested source files unchanged: True. Any permitted new operator scripts have separate provenance and no browser certification. Delivered report: evidence/executed-scenarios.csv (match test title and run ID).","Only the listed assertions are evidenced; complete the remaining explicit frontend, persistence and permission requirements in this row."
US-SP-PROJ-006,Projects and collaboration,project owner or member,"As a project owner or member, I want to upload and download project files.",Upload unique synthetic bytes in project files; reopen; download as another member.,The same file name and exact bytes persist and are shared only with permitted members.,"A non-member or revoked member cannot obtain project files, chats, metadata or existing streams; project membership does not grant extra bot/CLI rights.",REAL_BROWSER; TWO_USERS; TWO_BOTS; RELOAD; NEGATIVE_SERVER,P1,PARTIAL,HISTORICAL_SOURCE_DERIVED,static/projects.js; projects-groups; September 6 project collaboration release evidence,WebUI HEAD 451acb916a33d9267713eaf57aba7f93e462993c; engine HEAD 97fbbecd35984d5e28a3482d60a1165121333fc9. Exact tested file fingerprints: evidence/source-provenance.json. Frozen run 20260909-080212-676633000; commits and content fingerprints are distinct provenance. Any explicitly permitted post-run operator additions are recorded separately as post_run_operator_scripts and are not browser-tested source.,test-kit/tests/e2e/full/workflows.spec.ts:28,"PASS subset [20260909-080212-676633000]: US-SP-PROJ-001 create project, configure people and bots, upload file, reopen membership; Project created, Bob and Research assigned and reload checked; file upload is visible. File download and revoked-user paths remain. Frozen source: True; current spec: True; all tested source files unchanged: True. Any permitted new operator scripts have separate provenance and no browser certification. Delivered report: evidence/executed-scenarios.csv (match test title and run ID).","Only the listed assertions are evidenced; complete the remaining explicit frontend, persistence and permission requirements in this row."
US-SP-PROJ-007,Projects and collaboration,project owner or member,"As a project owner or member, I want to reject duplicate and oversized project uploads.",Upload the same name twice and a file beyond the advertised limit.,The UI reports each conflict/limit and never silently overwrites existing bytes.,"A non-member or revoked member cannot obtain project files, chats, metadata or existing streams; project membership does not grant extra bot/CLI rights.",REAL_BROWSER; TWO_USERS; TWO_BOTS; RELOAD; NEGATIVE_SERVER,P1,NOT RUN,HISTORICAL_SOURCE_DERIVED,static/projects.js; projects-groups; September 6 project collaboration release evidence,WebUI HEAD 451acb916a33d9267713eaf57aba7f93e462993c; engine HEAD 97fbbecd35984d5e28a3482d60a1165121333fc9. Exact tested file fingerprints: evidence/source-provenance.json. Frozen run 20260909-080212-676633000; commits and content fingerprints are distinct provenance. Any explicitly permitted post-run operator additions are recorded separately as post_run_operator_scripts and are not browser-tested source.,NOT YET MAPPED TO EXECUTED FRONTEND CASE,NONE: no semantically matching actual frontend assertion found in current isolated run reports.,"LOCALLY MISSING: verify current exposure/contract and implement the stated real-browser workflow, fixture and negative path. Historical provenance alone does not establish current availability."
US-SP-PROJ-008,Projects and collaboration,project owner or member,"As a project owner or member, I want to create a project conversation.",Use project New conversation; send a fixture prompt; reopen from project and Chats.,Project/workspace association and conversation ownership persist.,"A non-member or revoked member cannot obtain project files, chats, metadata or existing streams; project membership does not grant extra bot/CLI rights.",REAL_BROWSER; TWO_USERS; TWO_BOTS; RELOAD; NEGATIVE_SERVER,P1,NOT RUN,HISTORICAL_SOURCE_DERIVED,static/projects.js; projects-groups; September 6 project collaboration release evidence,WebUI HEAD 451acb916a33d9267713eaf57aba7f93e462993c; engine HEAD 97fbbecd35984d5e28a3482d60a1165121333fc9. Exact tested file fingerprints: evidence/source-provenance.json. Frozen run 20260909-080212-676633000; commits and content fingerprints are distinct provenance. Any explicitly permitted post-run operator additions are recorded separately as post_run_operator_scripts and are not browser-tested source.,NOT YET MAPPED TO EXECUTED FRONTEND CASE,NONE: no semantically matching actual frontend assertion found in current isolated run reports.,"LOCALLY MISSING: verify current exposure/contract and implement the stated real-browser workflow, fixture and negative path. Historical provenance alone does not establish current availability."
US-SP-PROJ-009,Projects and collaboration,project owner or member,"As a project owner or member, I want to revoke a project member.","Remove Bob; retain Bob's tabs and URLs; attempt file, chat, stream and list access.",Access is immediately denied across all routes without requiring logout.,"A non-member or revoked member cannot obtain project files, chats, metadata or existing streams; project membership does not grant extra bot/CLI rights.",REAL_BROWSER; TWO_USERS; TWO_BOTS; RELOAD; NEGATIVE_SERVER,P1,NOT RUN,HISTORICAL_SOURCE_DERIVED,static/projects.js; projects-groups; September 6 project collaboration release evidence,WebUI HEAD 451acb916a33d9267713eaf57aba7f93e462993c; engine HEAD 97fbbecd35984d5e28a3482d60a1165121333fc9. Exact tested file fingerprints: evidence/source-provenance.json. Frozen run 20260909-080212-676633000; commits and content fingerprints are distinct provenance. Any explicitly permitted post-run operator additions are recorded separately as post_run_operator_scripts and are not browser-tested source.,NOT YET MAPPED TO EXECUTED FRONTEND CASE,NONE: no semantically matching actual frontend assertion found in current isolated run reports.,"LOCALLY MISSING: verify current exposure/contract and implement the stated real-browser workflow, fixture and negative path. Historical provenance alone does not establish current availability."
US-SP-PROJ-010,Projects and collaboration,project owner or member,"As a project owner or member, I want to label unavailable project sources honestly.",Open project detail with some sources disconnected or forbidden; refresh.,Each source is accurately available/unavailable; a missing response is not represented as zero activity.,"A non-member or revoked member cannot obtain project files, chats, metadata or existing streams; project membership does not grant extra bot/CLI rights.",REAL_BROWSER; TWO_USERS; TWO_BOTS; RELOAD; NEGATIVE_SERVER,P1,NOT RUN,HISTORICAL_SOURCE_DERIVED,static/projects.js; projects-groups; September 6 project collaboration release evidence,WebUI HEAD 451acb916a33d9267713eaf57aba7f93e462993c; engine HEAD 97fbbecd35984d5e28a3482d60a1165121333fc9. Exact tested file fingerprints: evidence/source-provenance.json. Frozen run 20260909-080212-676633000; commits and content fingerprints are distinct provenance. Any explicitly permitted post-run operator additions are recorded separately as post_run_operator_scripts and are not browser-tested source.,NOT YET MAPPED TO EXECUTED FRONTEND CASE,NONE: no semantically matching actual frontend assertion found in current isolated run reports.,"LOCALLY MISSING: verify current exposure/contract and implement the stated real-browser workflow, fixture and negative path. Historical provenance alone does not establish current availability."
US-SP-FILE-001,"File tree, previews and transfers",authorized workspace user,"As an authorized workspace user, I want to navigate the file tree.",Open Files; expand two directories; navigate breadcrumbs/up; refresh.,Correct directory contents appear; supported expansion state restores without crossing roots.,"Unpermitted roots, encoded traversal, symlinks and cross-session URLs cannot expose or overwrite protected files.",REAL_BROWSER; FILE_BYTES; RELOAD; NEGATIVE_SERVER,P1,PARTIAL,HISTORICAL_SOURCE_DERIVED,static/workspace.js; static/index.html,WebUI HEAD 451acb916a33d9267713eaf57aba7f93e462993c; engine HEAD 97fbbecd35984d5e28a3482d60a1165121333fc9. Exact tested file fingerprints: evidence/source-provenance.json. Frozen run 20260909-080212-676633000; commits and content fingerprints are distinct provenance. Any explicitly permitted post-run operator additions are recorded separately as post_run_operator_scripts and are not browser-tested source.,test-kit/tests/e2e/full/additional-clicks.spec.ts:54 | test-kit/tests/e2e/full/deep-workflows.spec.ts:5 | test-kit/tests/e2e/full/frontend-extras.spec.ts:2,"PASS subset [20260909-080212-676633000]: US-SP-FILE-CHOOSER-CLICKS navigate child upload exact bytes copy relative path and reject denied reader; Navigate one child directory, open the actual Upload browser chooser and write exact UTF-8 bytes only there; API listing and disk match. Preview text and Copy relative path match the chosen file, Up returns to the parent, and a denied signed identity cannot read its raw URL or alter bytes. Hidden/two-directory expansion, upload download/reload, traversal and symlink variants remain. Frozen source: True; current spec: True; all tested source files unchanged: True. Any permitted new operator scripts have separate provenance and no browser certification. Delivered report: evidence/executed-scenarios.csv (match test title and run ID). | PASS subset [20260909-080212-676633000]: US-SP-FILE-DEEP editor save reopen download rename cancel and delete persist on disk; Actual file editor save, reopened text, exact downloaded bytes, rename, cancel delete, confirm delete and disk readback. Frozen source: True; current spec: True; all tested source files unchanged: True. Any permitted new operator scripts have separate provenance and no browser certification. Delivered report: evidence/executed-scenarios.csv (match test title and run ID). | PASS subset [20260909-080212-676633000]: US-SP-FILE-001 file and folder dialogs write real isolated workspace and support cancel; Visible workspace tree supports new file/folder dialogs and file-create cancellation; all tree/preview variants remain. Frozen source: True; current spec: True; all tested source files unchanged: True. Any permitted new operator scripts have separate provenance and no browser certification. Delivered report: evidence/executed-scenarios.csv (match test title and run ID).","One child directory, parent/up return and existing file CRUD are asserted. Two-directory/hidden-directory expansion state, breadcrumbs and the full path-boundary matrix remain."
US-SP-FILE-002,"File tree, previews and transfers",authorized workspace user,"As an authorized workspace user, I want to preview text and code.",Open fixture text/code files; inspect highlighting; copy relative path.,Displayed content/path match the selected authorized file; no write occurs.,"Unpermitted roots, encoded traversal, symlinks and cross-session URLs cannot expose or overwrite protected files.",REAL_BROWSER; FILE_BYTES; RELOAD; NEGATIVE_SERVER,P1,PARTIAL,HISTORICAL_SOURCE_DERIVED,static/workspace.js; static/index.html,WebUI HEAD 451acb916a33d9267713eaf57aba7f93e462993c; engine HEAD 97fbbecd35984d5e28a3482d60a1165121333fc9. Exact tested file fingerprints: evidence/source-provenance.json. Frozen run 20260909-080212-676633000; commits and content fingerprints are distinct provenance. Any explicitly permitted post-run operator additions are recorded separately as post_run_operator_scripts and are not browser-tested source.,test-kit/tests/e2e/full/additional-clicks.spec.ts:54 | test-kit/tests/e2e/full/deep-workflows.spec.ts:5,"PASS subset [20260909-080212-676633000]: US-SP-FILE-CHOOSER-CLICKS navigate child upload exact bytes copy relative path and reject denied reader; Navigate one child directory, open the actual Upload browser chooser and write exact UTF-8 bytes only there; API listing and disk match. Preview text and Copy relative path match the chosen file, Up returns to the parent, and a denied signed identity cannot read its raw URL or alter bytes. Hidden/two-directory expansion, upload download/reload, traversal and symlink variants remain. Frozen source: True; current spec: True; all tested source files unchanged: True. Any permitted new operator scripts have separate provenance and no browser certification. Delivered report: evidence/executed-scenarios.csv (match test title and run ID). | PASS subset [20260909-080212-676633000]: US-SP-FILE-DEEP editor save reopen download rename cancel and delete persist on disk; Actual file editor save, reopened text, exact downloaded bytes, rename, cancel delete, confirm delete and disk readback. Frozen source: True; current spec: True; all tested source files unchanged: True. Any permitted new operator scripts have separate provenance and no browser certification. Delivered report: evidence/executed-scenarios.csv (match test title and run ID).","Exact text preview and real relative-path clipboard bytes are asserted. Code highlighting, no-write variants and traversal/symlink/cross-session combinations remain."
US-SP-FILE-003,"File tree, previews and transfers",authorized workspace user,"As an authorized workspace user, I want to preview Markdown safely.","Open Markdown with links, code and hostile HTML; use supported preview controls.",Supported content renders while hostile content stays inert.,Protected links and images cannot bypass file authorization.,REAL_BROWSER; HOSTILE_CONTENT; NEGATIVE_SERVER,P1,NOT RUN,HISTORICAL_SOURCE_DERIVED,static/workspace.js; static/index.html,WebUI HEAD 451acb916a33d9267713eaf57aba7f93e462993c; engine HEAD 97fbbecd35984d5e28a3482d60a1165121333fc9. Exact tested file fingerprints: evidence/source-provenance.json. Frozen run 20260909-080212-676633000; commits and content fingerprints are distinct provenance. Any explicitly permitted post-run operator additions are recorded separately as post_run_operator_scripts and are not browser-tested source.,NOT YET MAPPED TO EXECUTED FRONTEND CASE,NONE: no semantically matching actual frontend assertion found in current isolated run reports.,"LOCALLY MISSING: verify current exposure/contract and implement the stated real-browser workflow, fixture and negative path. Historical provenance alone does not establish current availability."
US-SP-FILE-004,"File tree, previews and transfers",authorized workspace user,"As an authorized workspace user, I want to preview CSV and structured data.",Open a CSV with quotes/newlines and a JSON file; inspect rows/content.,The preview preserves the fixture structure without truncation disguised as completeness.,"Unpermitted roots, encoded traversal, symlinks and cross-session URLs cannot expose or overwrite protected files.",REAL_BROWSER; FILE_BYTES; RELOAD; NEGATIVE_SERVER,P1,NOT RUN,HISTORICAL_SOURCE_DERIVED,static/workspace.js; static/index.html,WebUI HEAD 451acb916a33d9267713eaf57aba7f93e462993c; engine HEAD 97fbbecd35984d5e28a3482d60a1165121333fc9. Exact tested file fingerprints: evidence/source-provenance.json. Frozen run 20260909-080212-676633000; commits and content fingerprints are distinct provenance. Any explicitly permitted post-run operator additions are recorded separately as post_run_operator_scripts and are not browser-tested source.,NOT YET MAPPED TO EXECUTED FRONTEND CASE,NONE: no semantically matching actual frontend assertion found in current isolated run reports.,"LOCALLY MISSING: verify current exposure/contract and implement the stated real-browser workflow, fixture and negative path. Historical provenance alone does not establish current availability."
US-SP-FILE-005,"File tree, previews and transfers",authorized workspace user,"As an authorized workspace user, I want to handle large Markdown fallback.",Open a file over preview limits; inspect plain-text fallback; click explicit render control.,The size warning is honest and explicit rendering does not freeze navigation.,"Unpermitted roots, encoded traversal, symlinks and cross-session URLs cannot expose or overwrite protected files.",REAL_BROWSER; FILE_BYTES; RELOAD; NEGATIVE_SERVER,P1,NOT RUN,HISTORICAL_SOURCE_DERIVED,static/workspace.js; static/index.html,WebUI HEAD 451acb916a33d9267713eaf57aba7f93e462993c; engine HEAD 97fbbecd35984d5e28a3482d60a1165121333fc9. Exact tested file fingerprints: evidence/source-provenance.json. Frozen run 20260909-080212-676633000; commits and content fingerprints are distinct provenance. Any explicitly permitted post-run operator additions are recorded separately as post_run_operator_scripts and are not browser-tested source.,NOT YET MAPPED TO EXECUTED FRONTEND CASE,NONE: no semantically matching actual frontend assertion found in current isolated run reports.,"LOCALLY MISSING: verify current exposure/contract and implement the stated real-browser workflow, fixture and negative path. Historical provenance alone does not establish current availability."
US-SP-FILE-006,"File tree, previews and transfers",authorized workspace user,"As an authorized workspace user, I want to edit and save a file.",Open editable fixture file; Edit; change bytes; Save; reopen and download.,The intended file bytes persist and the downloaded file matches.,"Unpermitted roots, encoded traversal, symlinks and cross-session URLs cannot expose or overwrite protected files.",REAL_BROWSER; FILE_BYTES; RELOAD; NEGATIVE_SERVER,P1,PARTIAL,HISTORICAL_SOURCE_DERIVED,static/workspace.js; static/index.html,WebUI HEAD 451acb916a33d9267713eaf57aba7f93e462993c; engine HEAD 97fbbecd35984d5e28a3482d60a1165121333fc9. Exact tested file fingerprints: evidence/source-provenance.json. Frozen run 20260909-080212-676633000; commits and content fingerprints are distinct provenance. Any explicitly permitted post-run operator additions are recorded separately as post_run_operator_scripts and are not browser-tested source.,test-kit/tests/e2e/full/deep-workflows.spec.ts:5,"PASS subset [20260909-080212-676633000]: US-SP-FILE-DEEP editor save reopen download rename cancel and delete persist on disk; Actual file editor save, reopened text, exact downloaded bytes, rename, cancel delete, confirm delete and disk readback. Frozen source: True; current spec: True; all tested source files unchanged: True. Any permitted new operator scripts have separate provenance and no browser certification. Delivered report: evidence/executed-scenarios.csv (match test title and run ID).","Only the listed assertions are evidenced; complete the remaining explicit frontend, persistence and permission requirements in this row."
US-SP-FILE-007,"File tree, previews and transfers",authorized workspace user,"As an authorized workspace user, I want to cancel a file edit.",Open an editable fixture; Edit; change text; press Escape to cancel; reopen and reload.,Original bytes remain unchanged.,"Unpermitted roots, encoded traversal, symlinks and cross-session URLs cannot expose or overwrite protected files.",REAL_BROWSER; FILE_BYTES; RELOAD; NEGATIVE_SERVER,P1,PARTIAL,HISTORICAL_SOURCE_DERIVED,static/workspace.js; static/index.html,WebUI HEAD 451acb916a33d9267713eaf57aba7f93e462993c; engine HEAD 97fbbecd35984d5e28a3482d60a1165121333fc9. Exact tested file fingerprints: evidence/source-provenance.json. Frozen run 20260909-080212-676633000; commits and content fingerprints are distinct provenance. Any explicitly permitted post-run operator additions are recorded separately as post_run_operator_scripts and are not browser-tested source.,test-kit/tests/e2e/full/additional-affordances.spec.ts:82,"PASS subset [20260909-080212-676633000]: US-SP-AFFORDANCE-FILE-CANCEL Escape discards edited text and exact original bytes survive reopening and reload; Edit changes the visible textarea and dirty Save label; Escape hides the editor, restores Edit and makes zero file-save requests. Exact original UTF-8/newline bytes are unchanged on disk and API, populate the reopened editor and appear after hard reload. The broad file-boundary negative matrix in this historical story is not asserted by cancellation alone. Frozen source: True; current spec: True; all tested source files unchanged: True. Any permitted new operator scripts have separate provenance and no browser certification. Delivered report: evidence/executed-scenarios.csv (match test title and run ID).","The actual Escape cancellation makes zero save requests and preserves exact UTF-8/newline bytes on API, disk, reopened editor and reload. This historical row also asks for the broader file authorization/traversal/symlink/cross-session matrix; the cancellation scenario does not independently establish it."
US-SP-FILE-008,"File tree, previews and transfers",authorized workspace user,"As an authorized workspace user, I want to upload with the file picker.",Open target directory; activate Upload; choose known bytes; reopen/download.,The chosen directory receives exactly the intended file and bytes.,"Unpermitted roots, encoded traversal, symlinks and cross-session URLs cannot expose or overwrite protected files.",REAL_BROWSER; FILE_BYTES; RELOAD; NEGATIVE_SERVER,P1,PARTIAL,HISTORICAL_SOURCE_DERIVED,static/workspace.js; static/index.html,WebUI HEAD 451acb916a33d9267713eaf57aba7f93e462993c; engine HEAD 97fbbecd35984d5e28a3482d60a1165121333fc9. Exact tested file fingerprints: evidence/source-provenance.json. Frozen run 20260909-080212-676633000; commits and content fingerprints are distinct provenance. Any explicitly permitted post-run operator additions are recorded separately as post_run_operator_scripts and are not browser-tested source.,test-kit/tests/e2e/full/additional-clicks.spec.ts:54,"PASS subset [20260909-080212-676633000]: US-SP-FILE-CHOOSER-CLICKS navigate child upload exact bytes copy relative path and reject denied reader; Navigate one child directory, open the actual Upload browser chooser and write exact UTF-8 bytes only there; API listing and disk match. Preview text and Copy relative path match the chosen file, Up returns to the parent, and a denied signed identity cannot read its raw URL or alter bytes. Hidden/two-directory expansion, upload download/reload, traversal and symlink variants remain. Frozen source: True; current spec: True; all tested source files unchanged: True. Any permitted new operator scripts have separate provenance and no browser certification. Delivered report: evidence/executed-scenarios.csv (match test title and run ID).","The visible Upload chooser writes exact UTF-8 bytes into the chosen child directory, reopens its preview and rejects a denied raw-file reader. Download/reload of that uploaded file and traversal/symlink variants remain."
US-SP-FILE-009,"File tree, previews and transfers",authorized workspace user,"As an authorized workspace user, I want to upload by drag and drop.",Drop multiple fixture files and a supported directory tree on the file pane.,The supported relative hierarchy and exact bytes persist; invalid entries report failure.,"Unpermitted roots, encoded traversal, symlinks and cross-session URLs cannot expose or overwrite protected files.",REAL_BROWSER; FILE_BYTES; RELOAD; NEGATIVE_SERVER,P1,NOT RUN,HISTORICAL_SOURCE_DERIVED,static/workspace.js; static/index.html,WebUI HEAD 451acb916a33d9267713eaf57aba7f93e462993c; engine HEAD 97fbbecd35984d5e28a3482d60a1165121333fc9. Exact tested file fingerprints: evidence/source-provenance.json. Frozen run 20260909-080212-676633000; commits and content fingerprints are distinct provenance. Any explicitly permitted post-run operator additions are recorded separately as post_run_operator_scripts and are not browser-tested source.,NOT YET MAPPED TO EXECUTED FRONTEND CASE,NONE: no semantically matching actual frontend assertion found in current isolated run reports.,"LOCALLY MISSING: verify current exposure/contract and implement the stated real-browser workflow, fixture and negative path. Historical provenance alone does not establish current availability."
US-SP-FILE-010,"File tree, previews and transfers",authorized workspace user,"As an authorized workspace user, I want to download a file.",Click Download for a binary fixture; capture the browser download.,Name and bytes match the authorized source without content from another path.,"Unpermitted roots, encoded traversal, symlinks and cross-session URLs cannot expose or overwrite protected files.",REAL_BROWSER; FILE_BYTES; RELOAD; NEGATIVE_SERVER,P1,PARTIAL,HISTORICAL_SOURCE_DERIVED,static/workspace.js; static/index.html,WebUI HEAD 451acb916a33d9267713eaf57aba7f93e462993c; engine HEAD 97fbbecd35984d5e28a3482d60a1165121333fc9. Exact tested file fingerprints: evidence/source-provenance.json. Frozen run 20260909-080212-676633000; commits and content fingerprints are distinct provenance. Any explicitly permitted post-run operator additions are recorded separately as post_run_operator_scripts and are not browser-tested source.,test-kit/tests/e2e/full/deep-workflows.spec.ts:5,"PASS subset [20260909-080212-676633000]: US-SP-FILE-DEEP editor save reopen download rename cancel and delete persist on disk; Actual file editor save, reopened text, exact downloaded bytes, rename, cancel delete, confirm delete and disk readback. Frozen source: True; current spec: True; all tested source files unchanged: True. Any permitted new operator scripts have separate provenance and no browser certification. Delivered report: evidence/executed-scenarios.csv (match test title and run ID).","Only the listed assertions are evidenced; complete the remaining explicit frontend, persistence and permission requirements in this row."
US-SP-FILE-011,"File tree, previews and transfers",authorized workspace user,"As an authorized workspace user, I want to open an HTML artifact in the browser.",Select a synthetic HTML artifact; use Open in browser; inspect its URL and rendering.,Only the intended artifact opens under the supported origin/sandbox behavior.,An unauthorized actor cannot read it via direct preview/media URL.,REAL_BROWSER; HOSTILE_CONTENT; NEGATIVE_SERVER,P1,NOT RUN,HISTORICAL_SOURCE_DERIVED,static/workspace.js; static/index.html,WebUI HEAD 451acb916a33d9267713eaf57aba7f93e462993c; engine HEAD 97fbbecd35984d5e28a3482d60a1165121333fc9. Exact tested file fingerprints: evidence/source-provenance.json. Frozen run 20260909-080212-676633000; commits and content fingerprints are distinct provenance. Any explicitly permitted post-run operator additions are recorded separately as post_run_operator_scripts and are not browser-tested source.,NOT YET MAPPED TO EXECUTED FRONTEND CASE,NONE: no semantically matching actual frontend assertion found in current isolated run reports.,"LOCALLY MISSING: verify current exposure/contract and implement the stated real-browser workflow, fixture and negative path. Historical provenance alone does not establish current availability."
US-SP-FILE-012,"File tree, previews and transfers",authorized workspace user,"As an authorized workspace user, I want to refresh a preview after an agent write.",Open a fixture file preview; run an authorized tool that modifies it; observe/reopen.,The preview reflects final stored bytes and stale events from another session cannot replace it.,"Unpermitted roots, encoded traversal, symlinks and cross-session URLs cannot expose or overwrite protected files.",REAL_BROWSER; FILE_BYTES; RELOAD; NEGATIVE_SERVER,P1,NOT RUN,HISTORICAL_SOURCE_DERIVED,static/workspace.js; static/index.html,WebUI HEAD 451acb916a33d9267713eaf57aba7f93e462993c; engine HEAD 97fbbecd35984d5e28a3482d60a1165121333fc9. Exact tested file fingerprints: evidence/source-provenance.json. Frozen run 20260909-080212-676633000; commits and content fingerprints are distinct provenance. Any explicitly permitted post-run operator additions are recorded separately as post_run_operator_scripts and are not browser-tested source.,NOT YET MAPPED TO EXECUTED FRONTEND CASE,NONE: no semantically matching actual frontend assertion found in current isolated run reports.,"LOCALLY MISSING: verify current exposure/contract and implement the stated real-browser workflow, fixture and negative path. Historical provenance alone does not establish current availability."
US-SP-FILE-013,"File tree, previews and transfers",authorized workspace user,"As an authorized workspace user, I want to recover from a denied or missing file.",Open a stale/deleted/denied path; then navigate to a valid file.,Error is explicit; no stale protected preview remains and navigation recovers.,"Unpermitted roots, encoded traversal, symlinks and cross-session URLs cannot expose or overwrite protected files.",REAL_BROWSER; FILE_BYTES; RELOAD; NEGATIVE_SERVER,P1,NOT RUN,HISTORICAL_SOURCE_DERIVED,static/workspace.js; static/index.html,WebUI HEAD 451acb916a33d9267713eaf57aba7f93e462993c; engine HEAD 97fbbecd35984d5e28a3482d60a1165121333fc9. Exact tested file fingerprints: evidence/source-provenance.json. Frozen run 20260909-080212-676633000; commits and content fingerprints are distinct provenance. Any explicitly permitted post-run operator additions are recorded separately as post_run_operator_scripts and are not browser-tested source.,NOT YET MAPPED TO EXECUTED FRONTEND CASE,NONE: no semantically matching actual frontend assertion found in current isolated run reports.,"LOCALLY MISSING: verify current exposure/contract and implement the stated real-browser workflow, fixture and negative path. Historical provenance alone does not establish current availability."
US-SP-FILE-014,"File tree, previews and transfers",authorized workspace member,"As an authorized workspace member, I want to show or hide supported system files while keeping file-access restrictions enforced.",Open workspace options; turn Show hidden files on; preview an allowed system-prefixed file; reload; reopen options and turn the toggle off.,"The allowed system-prefixed file appears with the visible options dot when enabled, remains visible with the checkbox checked after reload, and disappears when disabled. Preview bytes match the permitted file.",A separate system-prefixed file denied through the administrator editor stays absent from the tree before and after toggling and reload; direct reads return403 without its marker and its stored bytes stay unchanged.,REAL_BROWSER; RELOAD; FILE_BYTES; AUTHORITATIVE_READBACK; NEGATIVE_SERVER,P1,PASS,CURRENT_SOURCE_AND_RUNTIME_DISCOVERED,"static/ui.js (WORKSPACE_HIDDEN_FILE_NAMES, toggleWorkspaceHiddenFiles, toggleWorkspacePrefsMenu); api/routes.py (file/list guards)",WebUI HEAD 451acb916a33d9267713eaf57aba7f93e462993c; engine HEAD 97fbbecd35984d5e28a3482d60a1165121333fc9. Exact tested file fingerprints: evidence/source-provenance.json. Frozen run 20260909-080212-676633000; commits and content fingerprints are distinct provenance. Any explicitly permitted post-run operator additions are recorded separately as post_run_operator_scripts and are not browser-tested source.,test-kit/tests/e2e/full/additional-affordances.spec.ts:185,"PASS acceptance [20260909-080212-676633000]: US-SP-AFFORDANCE-HIDDEN-FILES persisted hidden-file toggle reveals permitted system files without bypassing a file denial; Real workspace options checkbox reveals an allowed system-prefixed file and the default-width visible options dot; its exact preview is read. Reload preserves the checked preference and visible file; unchecking hides both file and dot. A different system-prefixed file denied through the administrator editor never appears, direct reads return403 without its marker before and after toggling, and its exact disk bytes remain unchanged. Other hidden-name categories and hidden-directory expansion are separate variants. Frozen source: True; current spec: True; all tested source files unchanged: True. Any permitted new operator scripts have separate provenance and no browser certification. Delivered report: evidence/executed-scenarios.csv (match test title and run ID).",None for this stated acceptance scope. Broader persona/security/device coverage remains in the dedicated catalog stories.
US-SP-WS-001,Workspaces and assignment,authorized workspace administrator,"As an authorized workspace administrator, I want to create a workspace.",Open Spaces/Workspaces; Create; enter fixture name/path; save; reload.,The definition persists and resolves only to the permitted fixture directory.,Workspace assignment does not grant outside-root access; non-admins cannot change other users or protected workspace definitions.,REAL_BROWSER; RELOAD; TWO_USERS; NEGATIVE_SERVER,P1,PARTIAL,HISTORICAL_SOURCE_DERIVED,static/panels.js; static/workspace.js; static/governance.js,WebUI HEAD 451acb916a33d9267713eaf57aba7f93e462993c; engine HEAD 97fbbecd35984d5e28a3482d60a1165121333fc9. Exact tested file fingerprints: evidence/source-provenance.json. Frozen run 20260909-080212-676633000; commits and content fingerprints are distinct provenance. Any explicitly permitted post-run operator additions are recorded separately as post_run_operator_scripts and are not browser-tested source.,test-kit/tests/e2e/full/workflows.spec.ts:43,"PASS subset [20260909-080212-676633000]: US-SP-WS-001 invalid workspace rejected; valid child added and renamed; Missing workspace path rejected, real child added and renamed; immutable path affordance checked. Frozen source: True; current spec: True; all tested source files unchanged: True. Any permitted new operator scripts have separate provenance and no browser certification. Delivered report: evidence/executed-scenarios.csv (match test title and run ID).","Only the listed assertions are evidenced; complete the remaining explicit frontend, persistence and permission requirements in this row."
US-SP-WS-002,Workspaces and assignment,authorized workspace administrator,"As an authorized workspace administrator, I want to use workspace path suggestions.",Type a partial allowed path; choose a suggestion by keyboard/touch.,The chosen path is exact and unauthorized paths are not disclosed.,Workspace assignment does not grant outside-root access; non-admins cannot change other users or protected workspace definitions.,REAL_BROWSER; RELOAD; TWO_USERS; NEGATIVE_SERVER,P1,NOT RUN,HISTORICAL_SOURCE_DERIVED,static/panels.js; static/workspace.js; static/governance.js,WebUI HEAD 451acb916a33d9267713eaf57aba7f93e462993c; engine HEAD 97fbbecd35984d5e28a3482d60a1165121333fc9. Exact tested file fingerprints: evidence/source-provenance.json. Frozen run 20260909-080212-676633000; commits and content fingerprints are distinct provenance. Any explicitly permitted post-run operator additions are recorded separately as post_run_operator_scripts and are not browser-tested source.,NOT YET MAPPED TO EXECUTED FRONTEND CASE,NONE: no semantically matching actual frontend assertion found in current isolated run reports.,"LOCALLY MISSING: verify current exposure/contract and implement the stated real-browser workflow, fixture and negative path. Historical provenance alone does not establish current availability."
US-SP-WS-003,Workspaces and assignment,authorized workspace administrator,"As an authorized workspace administrator, I want to edit a workspace.",Open workspace detail; Edit; change permitted metadata; save/reload.,Only that definition changes and existing session bindings follow the documented contract.,Workspace assignment does not grant outside-root access; non-admins cannot change other users or protected workspace definitions.,REAL_BROWSER; RELOAD; TWO_USERS; NEGATIVE_SERVER,P1,PARTIAL,HISTORICAL_SOURCE_DERIVED,static/panels.js; static/workspace.js; static/governance.js,WebUI HEAD 451acb916a33d9267713eaf57aba7f93e462993c; engine HEAD 97fbbecd35984d5e28a3482d60a1165121333fc9. Exact tested file fingerprints: evidence/source-provenance.json. Frozen run 20260909-080212-676633000; commits and content fingerprints are distinct provenance. Any explicitly permitted post-run operator additions are recorded separately as post_run_operator_scripts and are not browser-tested source.,test-kit/tests/e2e/full/workflows.spec.ts:43,"PASS subset [20260909-080212-676633000]: US-SP-WS-001 invalid workspace rejected; valid child added and renamed; Missing workspace path rejected, real child added and renamed; immutable path affordance checked. Frozen source: True; current spec: True; all tested source files unchanged: True. Any permitted new operator scripts have separate provenance and no browser certification. Delivered report: evidence/executed-scenarios.csv (match test title and run ID).","Only the listed assertions are evidenced; complete the remaining explicit frontend, persistence and permission requirements in this row."
US-SP-WS-004,Workspaces and assignment,authorized workspace administrator,"As an authorized workspace administrator, I want to activate a workspace.",Select a workspace in panel and composer; start a fixture chat.,The active workspace cue and actual worker directory agree.,Workspace assignment does not grant outside-root access; non-admins cannot change other users or protected workspace definitions.,REAL_BROWSER; RELOAD; TWO_USERS; NEGATIVE_SERVER,P1,PARTIAL,HISTORICAL_SOURCE_DERIVED,static/panels.js; static/workspace.js; static/governance.js,WebUI HEAD 451acb916a33d9267713eaf57aba7f93e462993c; engine HEAD 97fbbecd35984d5e28a3482d60a1165121333fc9. Exact tested file fingerprints: evidence/source-provenance.json. Frozen run 20260909-080212-676633000; commits and content fingerprints are distinct provenance. Any explicitly permitted post-run operator additions are recorded separately as post_run_operator_scripts and are not browser-tested source.,test-kit/tests/e2e/full/workspace-governance.spec.ts:27,PASS subset [20260909-080212-676633000]: US-SP-WS-REVOKE removing workspace membership blocks retained session file reads and fresh activation despite role ceiling; Member selects the assigned root through composer and reads exact private file. Admin removes membership; retained-session file/read and update/start/terminal calls403; fresh catalog/picker/last value hide the root. Actual worker directory for an allowed turn is not asserted here. Frozen source: True; current spec: True; all tested source files unchanged: True. Any permitted new operator scripts have separate provenance and no browser certification. Delivered report: evidence/executed-scenarios.csv (match test title and run ID).,"Only the listed assertions are evidenced; complete the remaining explicit frontend, persistence and permission requirements in this row."
US-SP-WS-005,Workspaces and assignment,authorized workspace administrator,"As an authorized workspace administrator, I want to switch with fresh-chat preference enabled.",Enable new chat on workspace switch; switch from A to B.,A fresh conversation binds to B while the old chat stays bound to A.,Workspace assignment does not grant outside-root access; non-admins cannot change other users or protected workspace definitions.,REAL_BROWSER; RELOAD; TWO_USERS; NEGATIVE_SERVER,P1,NOT RUN,HISTORICAL_SOURCE_DERIVED,static/panels.js; static/workspace.js; static/governance.js,WebUI HEAD 451acb916a33d9267713eaf57aba7f93e462993c; engine HEAD 97fbbecd35984d5e28a3482d60a1165121333fc9. Exact tested file fingerprints: evidence/source-provenance.json. Frozen run 20260909-080212-676633000; commits and content fingerprints are distinct provenance. Any explicitly permitted post-run operator additions are recorded separately as post_run_operator_scripts and are not browser-tested source.,NOT YET MAPPED TO EXECUTED FRONTEND CASE,NONE: no semantically matching actual frontend assertion found in current isolated run reports.,"LOCALLY MISSING: verify current exposure/contract and implement the stated real-browser workflow, fixture and negative path. Historical provenance alone does not establish current availability."
US-SP-WS-006,Workspaces and assignment,authorized workspace administrator,"As an authorized workspace administrator, I want to switch with in-place preference.",Disable fresh-chat preference; switch from A to B in a disposable chat; reload.,The current conversation adopts B according to the documented setting without stale A file context.,Workspace assignment does not grant outside-root access; non-admins cannot change other users or protected workspace definitions.,REAL_BROWSER; RELOAD; TWO_USERS; NEGATIVE_SERVER,P1,NOT RUN,HISTORICAL_SOURCE_DERIVED,static/panels.js; static/workspace.js; static/governance.js,WebUI HEAD 451acb916a33d9267713eaf57aba7f93e462993c; engine HEAD 97fbbecd35984d5e28a3482d60a1165121333fc9. Exact tested file fingerprints: evidence/source-provenance.json. Frozen run 20260909-080212-676633000; commits and content fingerprints are distinct provenance. Any explicitly permitted post-run operator additions are recorded separately as post_run_operator_scripts and are not browser-tested source.,NOT YET MAPPED TO EXECUTED FRONTEND CASE,NONE: no semantically matching actual frontend assertion found in current isolated run reports.,"LOCALLY MISSING: verify current exposure/contract and implement the stated real-browser workflow, fixture and negative path. Historical provenance alone does not establish current availability."
US-SP-WS-007,Workspaces and assignment,authorized workspace administrator,"As an authorized workspace administrator, I want to assign and remove members.",Edit workspace assignments; add Bob; save; remove Bob with his tab retained.,"Membership persists and revocation immediately affects UI, file routes and runtime.",Workspace assignment does not grant outside-root access; non-admins cannot change other users or protected workspace definitions.,REAL_BROWSER; RELOAD; TWO_USERS; NEGATIVE_SERVER,P1,PARTIAL,HISTORICAL_SOURCE_DERIVED,static/panels.js; static/workspace.js; static/governance.js,WebUI HEAD 451acb916a33d9267713eaf57aba7f93e462993c; engine HEAD 97fbbecd35984d5e28a3482d60a1165121333fc9. Exact tested file fingerprints: evidence/source-provenance.json. Frozen run 20260909-080212-676633000; commits and content fingerprints are distinct provenance. Any explicitly permitted post-run operator additions are recorded separately as post_run_operator_scripts and are not browser-tested source.,test-kit/tests/e2e/full/workspace-governance.spec.ts:15 | test-kit/tests/e2e/full/workspace-governance.spec.ts:27 | test-kit/tests/e2e/full/workspace-governance.spec.ts:43 | test-kit/tests/e2e/full/workspace-governance.spec.ts:54,"PASS subset [20260909-080212-676633000]: US-SP-WS-OWNERSHIP owner member fields normalize persist and per-user lens add remove clear preserves ownership; Real owner/member form normalizes case and duplicates and persists through reload. Per-user lens shows Owner/Member/No access; Add/Remove preserve owner; Clear removes the lens; nonadmin forged assignment403 leaves state unchanged. Frozen source: True; current spec: True; all tested source files unchanged: True. Any permitted new operator scripts have separate provenance and no browser certification. Delivered report: evidence/executed-scenarios.csv (match test title and run ID). | PASS subset [20260909-080212-676633000]: US-SP-WS-REVOKE removing workspace membership blocks retained session file reads and fresh activation despite role ceiling; Member selects the assigned root through composer and reads exact private file. Admin removes membership; retained-session file/read and update/start/terminal calls403; fresh catalog/picker/last value hide the root. Actual worker directory for an allowed turn is not asserted here. Frozen source: True; current spec: True; all tested source files unchanged: True. Any permitted new operator scripts have separate provenance and no browser certification. Delivered report: evidence/executed-scenarios.csv (match test title and run ID). | PASS subset [20260909-080212-676633000]: US-SP-WS-FOREIGN named policy ceiling cannot expose or activate an owned workspace without membership; Direct policy name grant cannot bypass an owned root without membership: catalog hides it, direct new-session403, forged rename/remove/assign403 and exact original disk bytes remain. Frozen source: True; current spec: True; all tested source files unchanged: True. Any permitted new operator scripts have separate provenance and no browser certification. Delivered report: evidence/executed-scenarios.csv (match test title and run ID). | PASS subset [20260909-080212-676633000]: US-SP-WS-RUNTIME revoking workspace member while real write awaits approval blocks engine effect after Allow once; Real engine write parks on human approval; administrator revokes workspace membership; requester Allow once produces an exact denied tool result and no file effect; the subsequent model call is also denied. Persisted transcript and retained direct file403 confirm current membership enforcement. Frozen source: True; current spec: True; all tested source files unchanged: True. Any permitted new operator scripts have separate provenance and no browser certification. Delivered report: evidence/executed-scenarios.csv (match test title and run ID).","Only the listed assertions are evidenced; complete the remaining explicit frontend, persistence and permission requirements in this row."
US-SP-WS-008,Workspaces and assignment,authorized workspace administrator,"As an authorized workspace administrator, I want to remove a workspace definition.",Delete a disposable workspace through confirmation; reload.,Only the definition is removed unless the UI explicitly promises file deletion; fixture bytes are inspected separately.,Workspace assignment does not grant outside-root access; non-admins cannot change other users or protected workspace definitions.,REAL_BROWSER; RELOAD; TWO_USERS; NEGATIVE_SERVER,P1,NOT RUN,HISTORICAL_SOURCE_DERIVED,static/panels.js; static/workspace.js; static/governance.js,WebUI HEAD 451acb916a33d9267713eaf57aba7f93e462993c; engine HEAD 97fbbecd35984d5e28a3482d60a1165121333fc9. Exact tested file fingerprints: evidence/source-provenance.json. Frozen run 20260909-080212-676633000; commits and content fingerprints are distinct provenance. Any explicitly permitted post-run operator additions are recorded separately as post_run_operator_scripts and are not browser-tested source.,NOT YET MAPPED TO EXECUTED FRONTEND CASE,NONE: no semantically matching actual frontend assertion found in current isolated run reports.,"LOCALLY MISSING: verify current exposure/contract and implement the stated real-browser workflow, fixture and negative path. Historical provenance alone does not establish current availability."
US-SP-CRON-001,Scheduled tasks and run history,authorized scheduling user,"As an authorized scheduling user, I want to browse tasks and profile filters.",Open Scheduled tasks; select profile filters; open two job details; refresh.,Only permitted jobs/details appear and the selected detail stays aligned with its profile.,"Without cron permission users cannot inspect/mutate jobs or invoke their bot, tool, model or delivery targets; scheduled execution retains creator constraints.",REAL_BROWSER; ISOLATED_SCHEDULER; DETERMINISTIC_PROVIDER; RELOAD; NEGATIVE_SERVER,P1,NOT RUN,HISTORICAL_SOURCE_DERIVED,static/panels.js (cron controls),WebUI HEAD 451acb916a33d9267713eaf57aba7f93e462993c; engine HEAD 97fbbecd35984d5e28a3482d60a1165121333fc9. Exact tested file fingerprints: evidence/source-provenance.json. Frozen run 20260909-080212-676633000; commits and content fingerprints are distinct provenance. Any explicitly permitted post-run operator additions are recorded separately as post_run_operator_scripts and are not browser-tested source.,NOT YET MAPPED TO EXECUTED FRONTEND CASE,NONE: no semantically matching actual frontend assertion found in current isolated run reports.,"LOCALLY MISSING: verify current exposure/contract and implement the stated real-browser workflow, fixture and negative path. Historical provenance alone does not establish current availability."
US-SP-CRON-002,Scheduled tasks and run history,authorized scheduling user,"As an authorized scheduling user, I want to create a one-time task.",Create a fixture task; enter prompt and one-time schedule; review preview; save/reload.,The exact intended execution time and prompt persist with correct ownership.,"Without cron permission users cannot inspect/mutate jobs or invoke their bot, tool, model or delivery targets; scheduled execution retains creator constraints.",REAL_BROWSER; ISOLATED_SCHEDULER; DETERMINISTIC_PROVIDER; RELOAD; NEGATIVE_SERVER,P1,NOT RUN,HISTORICAL_SOURCE_DERIVED,static/panels.js (cron controls),WebUI HEAD 451acb916a33d9267713eaf57aba7f93e462993c; engine HEAD 97fbbecd35984d5e28a3482d60a1165121333fc9. Exact tested file fingerprints: evidence/source-provenance.json. Frozen run 20260909-080212-676633000; commits and content fingerprints are distinct provenance. Any explicitly permitted post-run operator additions are recorded separately as post_run_operator_scripts and are not browser-tested source.,NOT YET MAPPED TO EXECUTED FRONTEND CASE,NONE: no semantically matching actual frontend assertion found in current isolated run reports.,"LOCALLY MISSING: verify current exposure/contract and implement the stated real-browser workflow, fixture and negative path. Historical provenance alone does not establish current availability."
US-SP-CRON-003,Scheduled tasks and run history,authorized scheduling user,"As an authorized scheduling user, I want to create a recurring task from a preset.",Choose a recurrence preset; edit its visible fields; review schedule preview; save.,Stored recurrence matches the displayed plan and no duplicate job is created.,"Without cron permission users cannot inspect/mutate jobs or invoke their bot, tool, model or delivery targets; scheduled execution retains creator constraints.",REAL_BROWSER; ISOLATED_SCHEDULER; DETERMINISTIC_PROVIDER; RELOAD; NEGATIVE_SERVER,P1,PARTIAL,HISTORICAL_SOURCE_DERIVED,static/panels.js (cron controls),WebUI HEAD 451acb916a33d9267713eaf57aba7f93e462993c; engine HEAD 97fbbecd35984d5e28a3482d60a1165121333fc9. Exact tested file fingerprints: evidence/source-provenance.json. Frozen run 20260909-080212-676633000; commits and content fingerprints are distinct provenance. Any explicitly permitted post-run operator additions are recorded separately as post_run_operator_scripts and are not browser-tested source.,test-kit/tests/e2e/full/scheduler-kanban-lifecycle.spec.ts:38 | test-kit/tests/e2e/full/workflows.spec.ts:47,"PASS subset [20260909-080212-676633000]: US-SP-LIFECYCLE-CRON edit, cancel, duplicate, run locally, pause, resume and delete persist; Real daily task edit/cancel/readback/reload, paused duplicate, pause/resume, local deterministic execution, expanded output/history and delete/cancel/delete are asserted. Exact schedule edge cases, creator permission inheritance and post-deletion scheduler advance remain. Frozen source: True; current spec: True; all tested source files unchanged: True. Any permitted new operator scripts have separate provenance and no browser certification. Delivered report: evidence/executed-scenarios.csv (match test title and run ID). | PASS subset [20260909-080212-676633000]: US-SP-CRON-001 creates local scheduled task, reads persisted config and pauses; Daily local scheduled task with Research profile saves then pauses. Run execution, resume and model/skill variants remain. Frozen source: True; current spec: True; all tested source files unchanged: True. Any permitted new operator scripts have separate provenance and no browser certification. Delivered report: evidence/executed-scenarios.csv (match test title and run ID).","Remaining schedule/profile/model/delivery variants, creator authorization at actual dispatch, and required paused/deleted scheduler advance evidence."
US-SP-CRON-004,Scheduled tasks and run history,authorized scheduling user,"As an authorized scheduling user, I want to validate custom schedule and time zone.",Enter valid/invalid custom schedules and a daylight-saving edge fixture; inspect preview/errors.,Invalid schedules are refused and valid next-run times match the documented time-zone semantics.,"Without cron permission users cannot inspect/mutate jobs or invoke their bot, tool, model or delivery targets; scheduled execution retains creator constraints.",REAL_BROWSER; ISOLATED_SCHEDULER; DETERMINISTIC_PROVIDER; RELOAD; NEGATIVE_SERVER,P1,NOT RUN,HISTORICAL_SOURCE_DERIVED,static/panels.js (cron controls),WebUI HEAD 451acb916a33d9267713eaf57aba7f93e462993c; engine HEAD 97fbbecd35984d5e28a3482d60a1165121333fc9. Exact tested file fingerprints: evidence/source-provenance.json. Frozen run 20260909-080212-676633000; commits and content fingerprints are distinct provenance. Any explicitly permitted post-run operator additions are recorded separately as post_run_operator_scripts and are not browser-tested source.,NOT YET MAPPED TO EXECUTED FRONTEND CASE,NONE: no semantically matching actual frontend assertion found in current isolated run reports.,"LOCALLY MISSING: verify current exposure/contract and implement the stated real-browser workflow, fixture and negative path. Historical provenance alone does not establish current availability."
US-SP-CRON-005,Scheduled tasks and run history,authorized scheduling user,"As an authorized scheduling user, I want to select model bot and skills.",Create/edit a job; select allowed profile/model/skills; save; run synthetically.,Stored selections reach actual worker dispatch with current permission checks.,"Without cron permission users cannot inspect/mutate jobs or invoke their bot, tool, model or delivery targets; scheduled execution retains creator constraints.",REAL_BROWSER; ISOLATED_SCHEDULER; DETERMINISTIC_PROVIDER; RELOAD; NEGATIVE_SERVER,P1,PARTIAL,HISTORICAL_SOURCE_DERIVED,static/panels.js (cron controls),WebUI HEAD 451acb916a33d9267713eaf57aba7f93e462993c; engine HEAD 97fbbecd35984d5e28a3482d60a1165121333fc9. Exact tested file fingerprints: evidence/source-provenance.json. Frozen run 20260909-080212-676633000; commits and content fingerprints are distinct provenance. Any explicitly permitted post-run operator additions are recorded separately as post_run_operator_scripts and are not browser-tested source.,test-kit/tests/e2e/full/workflows.spec.ts:47,"PASS subset [20260909-080212-676633000]: US-SP-CRON-001 creates local scheduled task, reads persisted config and pauses; Daily local scheduled task with Research profile saves then pauses. Run execution, resume and model/skill variants remain. Frozen source: True; current spec: True; all tested source files unchanged: True. Any permitted new operator scripts have separate provenance and no browser certification. Delivered report: evidence/executed-scenarios.csv (match test title and run ID).","Remaining schedule/profile/model/delivery variants, creator authorization at actual dispatch, and required paused/deleted scheduler advance evidence."
US-SP-CRON-006,Scheduled tasks and run history,authorized scheduling user,"As an authorized scheduling user, I want to choose a delivery destination.",Open delivery options; choose a synthetic sink; save; execute a fixture run.,Output reaches only the selected fixture sink with matching job identity.,An unauthorized external target is refused even when submitted directly.,REAL_BROWSER; ISOLATED_SCHEDULER; DELIVERY_SINK; NEGATIVE_SERVER,P1,NOT RUN,HISTORICAL_SOURCE_DERIVED,static/panels.js (cron controls),WebUI HEAD 451acb916a33d9267713eaf57aba7f93e462993c; engine HEAD 97fbbecd35984d5e28a3482d60a1165121333fc9. Exact tested file fingerprints: evidence/source-provenance.json. Frozen run 20260909-080212-676633000; commits and content fingerprints are distinct provenance. Any explicitly permitted post-run operator additions are recorded separately as post_run_operator_scripts and are not browser-tested source.,NOT YET MAPPED TO EXECUTED FRONTEND CASE,NONE: no semantically matching actual frontend assertion found in current isolated run reports.,"LOCALLY MISSING: verify current exposure/contract and implement the stated real-browser workflow, fixture and negative path. Historical provenance alone does not establish current availability."
US-SP-CRON-007,Scheduled tasks and run history,authorized scheduling user,"As an authorized scheduling user, I want to cancel task creation or editing.",Change a disposable form; Cancel; reload details.,No job is created or altered.,"Without cron permission users cannot inspect/mutate jobs or invoke their bot, tool, model or delivery targets; scheduled execution retains creator constraints.",REAL_BROWSER; ISOLATED_SCHEDULER; DETERMINISTIC_PROVIDER; RELOAD; NEGATIVE_SERVER,P1,PARTIAL,HISTORICAL_SOURCE_DERIVED,static/panels.js (cron controls),WebUI HEAD 451acb916a33d9267713eaf57aba7f93e462993c; engine HEAD 97fbbecd35984d5e28a3482d60a1165121333fc9. Exact tested file fingerprints: evidence/source-provenance.json. Frozen run 20260909-080212-676633000; commits and content fingerprints are distinct provenance. Any explicitly permitted post-run operator additions are recorded separately as post_run_operator_scripts and are not browser-tested source.,test-kit/tests/e2e/full/scheduler-kanban-lifecycle.spec.ts:38,"PASS subset [20260909-080212-676633000]: US-SP-LIFECYCLE-CRON edit, cancel, duplicate, run locally, pause, resume and delete persist; Real daily task edit/cancel/readback/reload, paused duplicate, pause/resume, local deterministic execution, expanded output/history and delete/cancel/delete are asserted. Exact schedule edge cases, creator permission inheritance and post-deletion scheduler advance remain. Frozen source: True; current spec: True; all tested source files unchanged: True. Any permitted new operator scripts have separate provenance and no browser certification. Delivered report: evidence/executed-scenarios.csv (match test title and run ID).","Remaining schedule/profile/model/delivery variants, creator authorization at actual dispatch, and required paused/deleted scheduler advance evidence."
US-SP-CRON-008,Scheduled tasks and run history,authorized scheduling user,"As an authorized scheduling user, I want to edit an existing task.",Change a fixture prompt/schedule; save; reopen.,The intended job revision persists without duplicating or changing another profile's job.,"Without cron permission users cannot inspect/mutate jobs or invoke their bot, tool, model or delivery targets; scheduled execution retains creator constraints.",REAL_BROWSER; ISOLATED_SCHEDULER; DETERMINISTIC_PROVIDER; RELOAD; NEGATIVE_SERVER,P1,PARTIAL,HISTORICAL_SOURCE_DERIVED,static/panels.js (cron controls),WebUI HEAD 451acb916a33d9267713eaf57aba7f93e462993c; engine HEAD 97fbbecd35984d5e28a3482d60a1165121333fc9. Exact tested file fingerprints: evidence/source-provenance.json. Frozen run 20260909-080212-676633000; commits and content fingerprints are distinct provenance. Any explicitly permitted post-run operator additions are recorded separately as post_run_operator_scripts and are not browser-tested source.,test-kit/tests/e2e/full/scheduler-kanban-lifecycle.spec.ts:38,"PASS subset [20260909-080212-676633000]: US-SP-LIFECYCLE-CRON edit, cancel, duplicate, run locally, pause, resume and delete persist; Real daily task edit/cancel/readback/reload, paused duplicate, pause/resume, local deterministic execution, expanded output/history and delete/cancel/delete are asserted. Exact schedule edge cases, creator permission inheritance and post-deletion scheduler advance remain. Frozen source: True; current spec: True; all tested source files unchanged: True. Any permitted new operator scripts have separate provenance and no browser certification. Delivered report: evidence/executed-scenarios.csv (match test title and run ID).","Remaining schedule/profile/model/delivery variants, creator authorization at actual dispatch, and required paused/deleted scheduler advance evidence."
US-SP-CRON-009,Scheduled tasks and run history,authorized scheduling user,"As an authorized scheduling user, I want to duplicate a task.",Use Duplicate on a seeded task; alter name/prompt; save.,A separate owned job is created; future edits do not alter the original.,"Without cron permission users cannot inspect/mutate jobs or invoke their bot, tool, model or delivery targets; scheduled execution retains creator constraints.",REAL_BROWSER; ISOLATED_SCHEDULER; DETERMINISTIC_PROVIDER; RELOAD; NEGATIVE_SERVER,P1,PARTIAL,HISTORICAL_SOURCE_DERIVED,static/panels.js (cron controls),WebUI HEAD 451acb916a33d9267713eaf57aba7f93e462993c; engine HEAD 97fbbecd35984d5e28a3482d60a1165121333fc9. Exact tested file fingerprints: evidence/source-provenance.json. Frozen run 20260909-080212-676633000; commits and content fingerprints are distinct provenance. Any explicitly permitted post-run operator additions are recorded separately as post_run_operator_scripts and are not browser-tested source.,test-kit/tests/e2e/full/scheduler-kanban-lifecycle.spec.ts:38,"PASS subset [20260909-080212-676633000]: US-SP-LIFECYCLE-CRON edit, cancel, duplicate, run locally, pause, resume and delete persist; Real daily task edit/cancel/readback/reload, paused duplicate, pause/resume, local deterministic execution, expanded output/history and delete/cancel/delete are asserted. Exact schedule edge cases, creator permission inheritance and post-deletion scheduler advance remain. Frozen source: True; current spec: True; all tested source files unchanged: True. Any permitted new operator scripts have separate provenance and no browser certification. Delivered report: evidence/executed-scenarios.csv (match test title and run ID).","Remaining schedule/profile/model/delivery variants, creator authorization at actual dispatch, and required paused/deleted scheduler advance evidence."
US-SP-CRON-010,Scheduled tasks and run history,authorized scheduling user,"As an authorized scheduling user, I want to pause and resume a task.",Pause a due fixture job; verify no run; Resume; advance fixture scheduler.,Paused state persists and resumption schedules only the expected run.,"Without cron permission users cannot inspect/mutate jobs or invoke their bot, tool, model or delivery targets; scheduled execution retains creator constraints.",REAL_BROWSER; ISOLATED_SCHEDULER; DETERMINISTIC_PROVIDER; RELOAD; NEGATIVE_SERVER,P1,PARTIAL,HISTORICAL_SOURCE_DERIVED,static/panels.js (cron controls),WebUI HEAD 451acb916a33d9267713eaf57aba7f93e462993c; engine HEAD 97fbbecd35984d5e28a3482d60a1165121333fc9. Exact tested file fingerprints: evidence/source-provenance.json. Frozen run 20260909-080212-676633000; commits and content fingerprints are distinct provenance. Any explicitly permitted post-run operator additions are recorded separately as post_run_operator_scripts and are not browser-tested source.,test-kit/tests/e2e/full/scheduler-kanban-lifecycle.spec.ts:38 | test-kit/tests/e2e/full/workflows.spec.ts:47,"PASS subset [20260909-080212-676633000]: US-SP-LIFECYCLE-CRON edit, cancel, duplicate, run locally, pause, resume and delete persist; Real daily task edit/cancel/readback/reload, paused duplicate, pause/resume, local deterministic execution, expanded output/history and delete/cancel/delete are asserted. Exact schedule edge cases, creator permission inheritance and post-deletion scheduler advance remain. Frozen source: True; current spec: True; all tested source files unchanged: True. Any permitted new operator scripts have separate provenance and no browser certification. Delivered report: evidence/executed-scenarios.csv (match test title and run ID). | PASS subset [20260909-080212-676633000]: US-SP-CRON-001 creates local scheduled task, reads persisted config and pauses; Daily local scheduled task with Research profile saves then pauses. Run execution, resume and model/skill variants remain. Frozen source: True; current spec: True; all tested source files unchanged: True. Any permitted new operator scripts have separate provenance and no browser certification. Delivered report: evidence/executed-scenarios.csv (match test title and run ID).","Remaining schedule/profile/model/delivery variants, creator authorization at actual dispatch, and required paused/deleted scheduler advance evidence."
US-SP-CRON-011,Scheduled tasks and run history,authorized scheduling user,"As an authorized scheduling user, I want to run a task now.","Click Run on a synthetic local-only job; inspect running state, output and completion.",One actual run is recorded and the output/usage belong to that run.,"Without cron permission users cannot inspect/mutate jobs or invoke their bot, tool, model or delivery targets; scheduled execution retains creator constraints.",REAL_BROWSER; ISOLATED_SCHEDULER; DETERMINISTIC_PROVIDER; RELOAD; NEGATIVE_SERVER,P1,PARTIAL,HISTORICAL_SOURCE_DERIVED,static/panels.js (cron controls),WebUI HEAD 451acb916a33d9267713eaf57aba7f93e462993c; engine HEAD 97fbbecd35984d5e28a3482d60a1165121333fc9. Exact tested file fingerprints: evidence/source-provenance.json. Frozen run 20260909-080212-676633000; commits and content fingerprints are distinct provenance. Any explicitly permitted post-run operator additions are recorded separately as post_run_operator_scripts and are not browser-tested source.,test-kit/tests/e2e/full/scheduler-kanban-lifecycle.spec.ts:38,"PASS subset [20260909-080212-676633000]: US-SP-LIFECYCLE-CRON edit, cancel, duplicate, run locally, pause, resume and delete persist; Real daily task edit/cancel/readback/reload, paused duplicate, pause/resume, local deterministic execution, expanded output/history and delete/cancel/delete are asserted. Exact schedule edge cases, creator permission inheritance and post-deletion scheduler advance remain. Frozen source: True; current spec: True; all tested source files unchanged: True. Any permitted new operator scripts have separate provenance and no browser certification. Delivered report: evidence/executed-scenarios.csv (match test title and run ID).","Remaining schedule/profile/model/delivery variants, creator authorization at actual dispatch, and required paused/deleted scheduler advance evidence."
US-SP-CRON-012,Scheduled tasks and run history,authorized scheduling user,"As an authorized scheduling user, I want to inspect and expand run history.",Open a task with multiple runs; expand prompts/results; open old run content.,Each history row renders the correct persisted run and not a neighboring profile's output.,"Without cron permission users cannot inspect/mutate jobs or invoke their bot, tool, model or delivery targets; scheduled execution retains creator constraints.",REAL_BROWSER; ISOLATED_SCHEDULER; DETERMINISTIC_PROVIDER; RELOAD; NEGATIVE_SERVER,P1,PARTIAL,HISTORICAL_SOURCE_DERIVED,static/panels.js (cron controls),WebUI HEAD 451acb916a33d9267713eaf57aba7f93e462993c; engine HEAD 97fbbecd35984d5e28a3482d60a1165121333fc9. Exact tested file fingerprints: evidence/source-provenance.json. Frozen run 20260909-080212-676633000; commits and content fingerprints are distinct provenance. Any explicitly permitted post-run operator additions are recorded separately as post_run_operator_scripts and are not browser-tested source.,test-kit/tests/e2e/full/scheduler-kanban-lifecycle.spec.ts:38,"PASS subset [20260909-080212-676633000]: US-SP-LIFECYCLE-CRON edit, cancel, duplicate, run locally, pause, resume and delete persist; Real daily task edit/cancel/readback/reload, paused duplicate, pause/resume, local deterministic execution, expanded output/history and delete/cancel/delete are asserted. Exact schedule edge cases, creator permission inheritance and post-deletion scheduler advance remain. Frozen source: True; current spec: True; all tested source files unchanged: True. Any permitted new operator scripts have separate provenance and no browser certification. Delivered report: evidence/executed-scenarios.csv (match test title and run ID).","Remaining schedule/profile/model/delivery variants, creator authorization at actual dispatch, and required paused/deleted scheduler advance evidence."
US-SP-CRON-013,Scheduled tasks and run history,authorized scheduling user,"As an authorized scheduling user, I want to inspect failure diagnostics.",Run a fixture failure; open its attention state; Copy diagnostics.,Failure remains visible and copied diagnostics omit secrets while naming the failed run.,"Without cron permission users cannot inspect/mutate jobs or invoke their bot, tool, model or delivery targets; scheduled execution retains creator constraints.",REAL_BROWSER; ISOLATED_SCHEDULER; DETERMINISTIC_PROVIDER; RELOAD; NEGATIVE_SERVER,P1,NOT RUN,HISTORICAL_SOURCE_DERIVED,static/panels.js (cron controls),WebUI HEAD 451acb916a33d9267713eaf57aba7f93e462993c; engine HEAD 97fbbecd35984d5e28a3482d60a1165121333fc9. Exact tested file fingerprints: evidence/source-provenance.json. Frozen run 20260909-080212-676633000; commits and content fingerprints are distinct provenance. Any explicitly permitted post-run operator additions are recorded separately as post_run_operator_scripts and are not browser-tested source.,NOT YET MAPPED TO EXECUTED FRONTEND CASE,NONE: no semantically matching actual frontend assertion found in current isolated run reports.,"LOCALLY MISSING: verify current exposure/contract and implement the stated real-browser workflow, fixture and negative path. Historical provenance alone does not establish current availability."
US-SP-CRON-014,Scheduled tasks and run history,authorized scheduling user,"As an authorized scheduling user, I want to delete a disposable scheduled task.",Delete through confirmation; reload; advance scheduler past its due time.,The intended job is absent and cannot execute after deletion.,"Without cron permission users cannot inspect/mutate jobs or invoke their bot, tool, model or delivery targets; scheduled execution retains creator constraints.",REAL_BROWSER; ISOLATED_SCHEDULER; DETERMINISTIC_PROVIDER; RELOAD; NEGATIVE_SERVER,P1,PARTIAL,HISTORICAL_SOURCE_DERIVED,static/panels.js (cron controls),WebUI HEAD 451acb916a33d9267713eaf57aba7f93e462993c; engine HEAD 97fbbecd35984d5e28a3482d60a1165121333fc9. Exact tested file fingerprints: evidence/source-provenance.json. Frozen run 20260909-080212-676633000; commits and content fingerprints are distinct provenance. Any explicitly permitted post-run operator additions are recorded separately as post_run_operator_scripts and are not browser-tested source.,test-kit/tests/e2e/full/scheduler-kanban-lifecycle.spec.ts:38,"PASS subset [20260909-080212-676633000]: US-SP-LIFECYCLE-CRON edit, cancel, duplicate, run locally, pause, resume and delete persist; Real daily task edit/cancel/readback/reload, paused duplicate, pause/resume, local deterministic execution, expanded output/history and delete/cancel/delete are asserted. Exact schedule edge cases, creator permission inheritance and post-deletion scheduler advance remain. Frozen source: True; current spec: True; all tested source files unchanged: True. Any permitted new operator scripts have separate provenance and no browser certification. Delivered report: evidence/executed-scenarios.csv (match test title and run ID).","Remaining schedule/profile/model/delivery variants, creator authorization at actual dispatch, and required paused/deleted scheduler advance evidence."
US-SP-KAN-001,"Kanban boards, tasks and orchestration",authorized board user,"As an authorized board user, I want to switch board and list views.",Open Kanban; toggle supported views; reload.,The same authorized tasks appear and view preference persists where documented.,"Users without board/task permission cannot read or mutate the board, trigger dispatch or inherit another tenant/workspace authority.",REAL_BROWSER; RELOAD; NEGATIVE_SERVER,P1,PARTIAL,HISTORICAL_SOURCE_DERIVED,static/panels.js (kanban controls),WebUI HEAD 451acb916a33d9267713eaf57aba7f93e462993c; engine HEAD 97fbbecd35984d5e28a3482d60a1165121333fc9. Exact tested file fingerprints: evidence/source-provenance.json. Frozen run 20260909-080212-676633000; commits and content fingerprints are distinct provenance. Any explicitly permitted post-run operator additions are recorded separately as post_run_operator_scripts and are not browser-tested source.,test-kit/tests/e2e/full/kanban-administration.spec.ts:114,"PASS subset [20260909-080212-676633000]: US-SP-KAN-ADMIN-FILTERS exact assignee tenant mine lanes selected bulk completion and dispatcher preview; Exact task IDs follow assignee, tenant, Only mine and search/no-match/clear controls. The existing view toggle changes profile lanes and survives reload; no separate list view is asserted. Bulk Done affects one selected card and leaves both other blocked tasks unchanged; denied bulk is403. Dispatcher Preview sends dry_run=1, reports spawned:[] and leaves all worker/run IDs null. This does not exercise multiple selected items, per-item failures, live dispatch or a non-elevated dispatcher boundary. Frozen source: True; current spec: True; all tested source files unchanged: True. Any permitted new operator scripts have separate provenance and no browser certification. Delivered report: evidence/executed-scenarios.csv (match test title and run ID).",The rendered toggle changes profile lanes and preserves exact task IDs across reload. A distinct list view is not exposed/asserted by this scenario; board membership and forbidden view access remain separate.
US-SP-KAN-002,"Kanban boards, tasks and orchestration",authorized board user,"As an authorized board user, I want to filter and clear board tasks.",Select profile/status/tenant filters; search; clear filters.,Only intended tasks appear; empty-by-filter differs from an empty board.,"Users without board/task permission cannot read or mutate the board, trigger dispatch or inherit another tenant/workspace authority.",REAL_BROWSER; RELOAD; NEGATIVE_SERVER,P1,PARTIAL,HISTORICAL_SOURCE_DERIVED,static/panels.js (kanban controls),WebUI HEAD 451acb916a33d9267713eaf57aba7f93e462993c; engine HEAD 97fbbecd35984d5e28a3482d60a1165121333fc9. Exact tested file fingerprints: evidence/source-provenance.json. Frozen run 20260909-080212-676633000; commits and content fingerprints are distinct provenance. Any explicitly permitted post-run operator additions are recorded separately as post_run_operator_scripts and are not browser-tested source.,test-kit/tests/e2e/full/kanban-administration.spec.ts:114 | test-kit/tests/e2e/full/workflows.spec.ts:50,"PASS subset [20260909-080212-676633000]: US-SP-KAN-ADMIN-FILTERS exact assignee tenant mine lanes selected bulk completion and dispatcher preview; Exact task IDs follow assignee, tenant, Only mine and search/no-match/clear controls. The existing view toggle changes profile lanes and survives reload; no separate list view is asserted. Bulk Done affects one selected card and leaves both other blocked tasks unchanged; denied bulk is403. Dispatcher Preview sends dry_run=1, reports spawned:[] and leaves all worker/run IDs null. This does not exercise multiple selected items, per-item failures, live dispatch or a non-elevated dispatcher boundary. Frozen source: True; current spec: True; all tested source files unchanged: True. Any permitted new operator scripts have separate provenance and no browser certification. Delivered report: evidence/executed-scenarios.csv (match test title and run ID). | PASS subset [20260909-080212-676633000]: US-SP-KAN-001 creates unassigned Triage task, opens detail and filters list; Unassigned Triage task created and text/no-match filter exercised. Other board state transitions remain. Frozen source: True; current spec: True; all tested source files unchanged: True. Any permitted new operator scripts have separate provenance and no browser certification. Delivered report: evidence/executed-scenarios.csv (match test title and run ID).",Remaining story-specific transition/history/filter assertions and unauthorized board/task/dispatcher probes.
US-SP-KAN-003,"Kanban boards, tasks and orchestration",authorized board user,"As an authorized board user, I want to create a task.",Open Create task; enter title/body/assignee/workspace; save/reload.,One task with the selected permitted values persists.,"Users without board/task permission cannot read or mutate the board, trigger dispatch or inherit another tenant/workspace authority.",REAL_BROWSER; RELOAD; NEGATIVE_SERVER,P1,PARTIAL,HISTORICAL_SOURCE_DERIVED,static/panels.js (kanban controls),WebUI HEAD 451acb916a33d9267713eaf57aba7f93e462993c; engine HEAD 97fbbecd35984d5e28a3482d60a1165121333fc9. Exact tested file fingerprints: evidence/source-provenance.json. Frozen run 20260909-080212-676633000; commits and content fingerprints are distinct provenance. Any explicitly permitted post-run operator additions are recorded separately as post_run_operator_scripts and are not browser-tested source.,test-kit/tests/e2e/full/scheduler-kanban-lifecycle.spec.ts:123 | test-kit/tests/e2e/full/workflows.spec.ts:50,"PASS subset [20260909-080212-676633000]: US-SP-LIFECYCLE-KAN edit, comment, complete, archive and restore survive reload; Real unassigned task validates title, creates, edits, comments, advances Ready→Done, preserves Done during edit, archives/restores across reload and exercises card complete/archive; distinct author, hostile markup and unauthorized board operations remain. Frozen source: True; current spec: True; all tested source files unchanged: True. Any permitted new operator scripts have separate provenance and no browser certification. Delivered report: evidence/executed-scenarios.csv (match test title and run ID). | PASS subset [20260909-080212-676633000]: US-SP-KAN-001 creates unassigned Triage task, opens detail and filters list; Unassigned Triage task created and text/no-match filter exercised. Other board state transitions remain. Frozen source: True; current spec: True; all tested source files unchanged: True. Any permitted new operator scripts have separate provenance and no browser certification. Delivered report: evidence/executed-scenarios.csv (match test title and run ID).",Remaining story-specific transition/history/filter assertions and unauthorized board/task/dispatcher probes.
US-SP-KAN-004,"Kanban boards, tasks and orchestration",authorized board user,"As an authorized board user, I want to edit a task.",Open fixture task; edit supported fields; save/reopen.,Only the intended task changes.,"Users without board/task permission cannot read or mutate the board, trigger dispatch or inherit another tenant/workspace authority.",REAL_BROWSER; RELOAD; NEGATIVE_SERVER,P1,PARTIAL,HISTORICAL_SOURCE_DERIVED,static/panels.js (kanban controls),WebUI HEAD 451acb916a33d9267713eaf57aba7f93e462993c; engine HEAD 97fbbecd35984d5e28a3482d60a1165121333fc9. Exact tested file fingerprints: evidence/source-provenance.json. Frozen run 20260909-080212-676633000; commits and content fingerprints are distinct provenance. Any explicitly permitted post-run operator additions are recorded separately as post_run_operator_scripts and are not browser-tested source.,test-kit/tests/e2e/full/scheduler-kanban-lifecycle.spec.ts:123,"PASS subset [20260909-080212-676633000]: US-SP-LIFECYCLE-KAN edit, comment, complete, archive and restore survive reload; Real unassigned task validates title, creates, edits, comments, advances Ready→Done, preserves Done during edit, archives/restores across reload and exercises card complete/archive; distinct author, hostile markup and unauthorized board operations remain. Frozen source: True; current spec: True; all tested source files unchanged: True. Any permitted new operator scripts have separate provenance and no browser certification. Delivered report: evidence/executed-scenarios.csv (match test title and run ID).",Remaining story-specific transition/history/filter assertions and unauthorized board/task/dispatcher probes.
US-SP-KAN-005,"Kanban boards, tasks and orchestration",authorized board user,"As an authorized board user, I want to cancel task edits and trap focus.",Open task modal; Tab/Shift+Tab through it; change fields; Escape/Cancel.,"Focus stays in the modal while open, returns on close and edits are discarded.","Users without board/task permission cannot read or mutate the board, trigger dispatch or inherit another tenant/workspace authority.",REAL_BROWSER; RELOAD; NEGATIVE_SERVER,P1,NOT RUN,HISTORICAL_SOURCE_DERIVED,static/panels.js (kanban controls),WebUI HEAD 451acb916a33d9267713eaf57aba7f93e462993c; engine HEAD 97fbbecd35984d5e28a3482d60a1165121333fc9. Exact tested file fingerprints: evidence/source-provenance.json. Frozen run 20260909-080212-676633000; commits and content fingerprints are distinct provenance. Any explicitly permitted post-run operator additions are recorded separately as post_run_operator_scripts and are not browser-tested source.,NOT YET MAPPED TO EXECUTED FRONTEND CASE,NONE: no semantically matching actual frontend assertion found in current isolated run reports.,"LOCALLY MISSING: verify current exposure/contract and implement the stated real-browser workflow, fixture and negative path. Historical provenance alone does not establish current availability."
US-SP-KAN-006,"Kanban boards, tasks and orchestration",authorized board user,"As an authorized board user, I want to move a task by drag and drop.",Drag a fixture card to a permitted column; reload.,The backend status and rendered column agree.,"Users without board/task permission cannot read or mutate the board, trigger dispatch or inherit another tenant/workspace authority.",REAL_BROWSER; RELOAD; NEGATIVE_SERVER,P1,NOT RUN,HISTORICAL_SOURCE_DERIVED,static/panels.js (kanban controls),WebUI HEAD 451acb916a33d9267713eaf57aba7f93e462993c; engine HEAD 97fbbecd35984d5e28a3482d60a1165121333fc9. Exact tested file fingerprints: evidence/source-provenance.json. Frozen run 20260909-080212-676633000; commits and content fingerprints are distinct provenance. Any explicitly permitted post-run operator additions are recorded separately as post_run_operator_scripts and are not browser-tested source.,NOT YET MAPPED TO EXECUTED FRONTEND CASE,NONE: no semantically matching actual frontend assertion found in current isolated run reports.,"LOCALLY MISSING: verify current exposure/contract and implement the stated real-browser workflow, fixture and negative path. Historical provenance alone does not establish current availability."
US-SP-KAN-007,"Kanban boards, tasks and orchestration",authorized board user,"As an authorized board user, I want to use quick card actions.",Use a supported start/complete/attention quick action on a fixture card.,The authorized transition persists once with its event history.,"Users without board/task permission cannot read or mutate the board, trigger dispatch or inherit another tenant/workspace authority.",REAL_BROWSER; RELOAD; NEGATIVE_SERVER,P1,PARTIAL,HISTORICAL_SOURCE_DERIVED,static/panels.js (kanban controls),WebUI HEAD 451acb916a33d9267713eaf57aba7f93e462993c; engine HEAD 97fbbecd35984d5e28a3482d60a1165121333fc9. Exact tested file fingerprints: evidence/source-provenance.json. Frozen run 20260909-080212-676633000; commits and content fingerprints are distinct provenance. Any explicitly permitted post-run operator additions are recorded separately as post_run_operator_scripts and are not browser-tested source.,test-kit/tests/e2e/full/kanban-administration.spec.ts:89 | test-kit/tests/e2e/full/scheduler-kanban-lifecycle.spec.ts:123 | test-kit/tests/e2e/full/scheduler-kanban-lifecycle.spec.ts:215,"PASS subset [20260909-080212-676633000]: US-SP-KAN-ADMIN-DEPENDENCIES add remove reject cycles and guard direct completion until parent finishes; Real task dependency persists after reload; self-link and cycle are rejected; removing the selected link persists. Direct Done is400 while prerequisite remains unfinished, then completing the Triage prerequisite permits child completion; both render Done after reload. Denied signed identity cannot mutate completion or delete the link. Other start/attention/event variants remain. Frozen source: True; current spec: True; all tested source files unchanged: True. Any permitted new operator scripts have separate provenance and no browser certification. Delivered report: evidence/executed-scenarios.csv (match test title and run ID). | PASS subset [20260909-080212-676633000]: US-SP-LIFECYCLE-KAN edit, comment, complete, archive and restore survive reload; Real unassigned task validates title, creates, edits, comments, advances Ready→Done, preserves Done during edit, archives/restores across reload and exercises card complete/archive; distinct author, hostile markup and unauthorized board operations remain. Frozen source: True; current spec: True; all tested source files unchanged: True. Any permitted new operator scripts have separate provenance and no browser certification. Delivered report: evidence/executed-scenarios.csv (match test title and run ID). | PASS subset [20260909-080212-676633000]: US-SP-LIFECYCLE-KAN-DEFECT visible Done action must complete an existing Todo task; Direct visible Done on an existing unassigned Todo task must return200, persist done and render in Done after reload, without an intervening Ready transition. The title retains its historical defect marker; actual outcome comes from the selected run. Worker ownership, events and denied-transition variants are separate. Frozen source: True; current spec: True; all tested source files unchanged: True. Any permitted new operator scripts have separate provenance and no browser certification. Delivered report: evidence/executed-scenarios.csv (match test title and run ID).","The new direct Todo completion and dependency-gated completion cases supplement the existing Ready/card paths. Actual task event history, concurrent worker ownership and further start/attention actions remain separate acceptance requirements; historical404 is not a current verdict without a failed selected-run assertion."
US-SP-KAN-008,"Kanban boards, tasks and orchestration",authorized board user,"As an authorized board user, I want to block and unblock a task.",Open task detail; Block with reason; inspect; Unblock.,Block state/reason and subsequent transition are durable and truthful.,"Users without board/task permission cannot read or mutate the board, trigger dispatch or inherit another tenant/workspace authority.",REAL_BROWSER; RELOAD; NEGATIVE_SERVER,P1,PARTIAL,HISTORICAL_SOURCE_DERIVED,static/panels.js (kanban controls),WebUI HEAD 451acb916a33d9267713eaf57aba7f93e462993c; engine HEAD 97fbbecd35984d5e28a3482d60a1165121333fc9. Exact tested file fingerprints: evidence/source-provenance.json. Frozen run 20260909-080212-676633000; commits and content fingerprints are distinct provenance. Any explicitly permitted post-run operator additions are recorded separately as post_run_operator_scripts and are not browser-tested source.,test-kit/tests/e2e/full/kanban-administration.spec.ts:150,"PASS subset [20260909-080212-676633000]: US-SP-KAN-ADMIN-BLOCK Todo block unblock preserve reason dependency denial and repeated-block escalation; Direct Todo→Blocked persists the default reason blocked from WebUI in events and after reload. Unblock returns dependency-waiting work to Todo without deleting its prerequisite; one unblocked event persists and no worker/claim is created. Denied signed identity cannot block or unblock. Repeating the same reason through named Block reaches the existing recurrence limit: Triage, count2 and block_loop_detected persist after reload. User-authored reason entry and worker-owned task variants remain. Frozen source: True; current spec: True; all tested source files unchanged: True. Any permitted new operator scripts have separate provenance and no browser certification. Delivered report: evidence/executed-scenarios.csv (match test title and run ID).","The default WebUI reason, initial Blocked→Unblock→Todo and repeated-cause Triage escalation persist with exact events and recurrence count; unresolved dependencies remain and denied actor requests cannot mutate state. The test enters no custom reason; user-authored reason input and worker-owned task variants remain."
US-SP-KAN-009,"Kanban boards, tasks and orchestration",authorized board user,"As an authorized board user, I want to apply bulk updates.",Select multiple fixture tasks; apply a supported bulk change.,Only selected permitted tasks change; per-item failures remain visible.,"Users without board/task permission cannot read or mutate the board, trigger dispatch or inherit another tenant/workspace authority.",REAL_BROWSER; RELOAD; NEGATIVE_SERVER,P1,PARTIAL,HISTORICAL_SOURCE_DERIVED,static/panels.js (kanban controls),WebUI HEAD 451acb916a33d9267713eaf57aba7f93e462993c; engine HEAD 97fbbecd35984d5e28a3482d60a1165121333fc9. Exact tested file fingerprints: evidence/source-provenance.json. Frozen run 20260909-080212-676633000; commits and content fingerprints are distinct provenance. Any explicitly permitted post-run operator additions are recorded separately as post_run_operator_scripts and are not browser-tested source.,test-kit/tests/e2e/full/kanban-administration.spec.ts:114,"PASS subset [20260909-080212-676633000]: US-SP-KAN-ADMIN-FILTERS exact assignee tenant mine lanes selected bulk completion and dispatcher preview; Exact task IDs follow assignee, tenant, Only mine and search/no-match/clear controls. The existing view toggle changes profile lanes and survives reload; no separate list view is asserted. Bulk Done affects one selected card and leaves both other blocked tasks unchanged; denied bulk is403. Dispatcher Preview sends dry_run=1, reports spawned:[] and leaves all worker/run IDs null. This does not exercise multiple selected items, per-item failures, live dispatch or a non-elevated dispatcher boundary. Frozen source: True; current spec: True; all tested source files unchanged: True. Any permitted new operator scripts have separate provenance and no browser certification. Delivered report: evidence/executed-scenarios.csv (match test title and run ID).",Bulk completion targets one selected current card and leaves two unselected tasks unchanged; denied bulk leaves both unchanged. Multiple selected cards and partial per-item failure feedback remain.
US-SP-KAN-010,"Kanban boards, tasks and orchestration",authorized board user,"As an authorized board user, I want to add comments.",Open a task; add a synthetic comment; reload.,The comment persists with correct author and safe rendering.,"Users without board/task permission cannot read or mutate the board, trigger dispatch or inherit another tenant/workspace authority.",REAL_BROWSER; RELOAD; NEGATIVE_SERVER,P1,PARTIAL,HISTORICAL_SOURCE_DERIVED,static/panels.js (kanban controls),WebUI HEAD 451acb916a33d9267713eaf57aba7f93e462993c; engine HEAD 97fbbecd35984d5e28a3482d60a1165121333fc9. Exact tested file fingerprints: evidence/source-provenance.json. Frozen run 20260909-080212-676633000; commits and content fingerprints are distinct provenance. Any explicitly permitted post-run operator additions are recorded separately as post_run_operator_scripts and are not browser-tested source.,test-kit/tests/e2e/full/scheduler-kanban-lifecycle.spec.ts:123,"PASS subset [20260909-080212-676633000]: US-SP-LIFECYCLE-KAN edit, comment, complete, archive and restore survive reload; Real unassigned task validates title, creates, edits, comments, advances Ready→Done, preserves Done during edit, archives/restores across reload and exercises card complete/archive; distinct author, hostile markup and unauthorized board operations remain. Frozen source: True; current spec: True; all tested source files unchanged: True. Any permitted new operator scripts have separate provenance and no browser certification. Delivered report: evidence/executed-scenarios.csv (match test title and run ID).",Remaining story-specific transition/history/filter assertions and unauthorized board/task/dispatcher probes.
US-SP-KAN-011,"Kanban boards, tasks and orchestration",authorized board user,"As an authorized board user, I want to add and remove dependencies.",Link task A to B; inspect both; attempt a cycle if supported; remove link.,Valid relationships persist; invalid cycles are refused; removal affects only the chosen edge.,"Users without board/task permission cannot read or mutate the board, trigger dispatch or inherit another tenant/workspace authority.",REAL_BROWSER; RELOAD; NEGATIVE_SERVER,P1,PARTIAL,HISTORICAL_SOURCE_DERIVED,static/panels.js (kanban controls),WebUI HEAD 451acb916a33d9267713eaf57aba7f93e462993c; engine HEAD 97fbbecd35984d5e28a3482d60a1165121333fc9. Exact tested file fingerprints: evidence/source-provenance.json. Frozen run 20260909-080212-676633000; commits and content fingerprints are distinct provenance. Any explicitly permitted post-run operator additions are recorded separately as post_run_operator_scripts and are not browser-tested source.,test-kit/tests/e2e/full/kanban-administration.spec.ts:89,"PASS subset [20260909-080212-676633000]: US-SP-KAN-ADMIN-DEPENDENCIES add remove reject cycles and guard direct completion until parent finishes; Real task dependency persists after reload; self-link and cycle are rejected; removing the selected link persists. Direct Done is400 while prerequisite remains unfinished, then completing the Triage prerequisite permits child completion; both render Done after reload. Denied signed identity cannot mutate completion or delete the link. Other start/attention/event variants remain. Frozen source: True; current spec: True; all tested source files unchanged: True. Any permitted new operator scripts have separate provenance and no browser certification. Delivered report: evidence/executed-scenarios.csv (match test title and run ID).",Remaining story-specific transition/history/filter assertions and unauthorized board/task/dispatcher probes.
US-SP-KAN-012,"Kanban boards, tasks and orchestration",authorized board user,"As an authorized board user, I want to inspect task events and runs.","Open a seeded task; inspect metadata, events and run links.",Events/results belong to that task and timestamps/status are coherent.,"Users without board/task permission cannot read or mutate the board, trigger dispatch or inherit another tenant/workspace authority.",REAL_BROWSER; RELOAD; NEGATIVE_SERVER,P1,NOT RUN,HISTORICAL_SOURCE_DERIVED,static/panels.js (kanban controls),WebUI HEAD 451acb916a33d9267713eaf57aba7f93e462993c; engine HEAD 97fbbecd35984d5e28a3482d60a1165121333fc9. Exact tested file fingerprints: evidence/source-provenance.json. Frozen run 20260909-080212-676633000; commits and content fingerprints are distinct provenance. Any explicitly permitted post-run operator additions are recorded separately as post_run_operator_scripts and are not browser-tested source.,NOT YET MAPPED TO EXECUTED FRONTEND CASE,NONE: no semantically matching actual frontend assertion found in current isolated run reports.,"LOCALLY MISSING: verify current exposure/contract and implement the stated real-browser workflow, fixture and negative path. Historical provenance alone does not establish current availability."
US-SP-KAN-013,"Kanban boards, tasks and orchestration",authorized board user,"As an authorized board user, I want to create and rename a board.",Open board menu; Create; save; Rename; reload.,Board identity remains stable while the new name persists.,"Users without board/task permission cannot read or mutate the board, trigger dispatch or inherit another tenant/workspace authority.",REAL_BROWSER; RELOAD; NEGATIVE_SERVER,P1,PARTIAL,HISTORICAL_SOURCE_DERIVED,static/panels.js (kanban controls),WebUI HEAD 451acb916a33d9267713eaf57aba7f93e462993c; engine HEAD 97fbbecd35984d5e28a3482d60a1165121333fc9. Exact tested file fingerprints: evidence/source-provenance.json. Frozen run 20260909-080212-676633000; commits and content fingerprints are distinct provenance. Any explicitly permitted post-run operator additions are recorded separately as post_run_operator_scripts and are not browser-tested source.,test-kit/tests/e2e/full/kanban-administration.spec.ts:57,PASS subset [20260909-080212-676633000]: US-SP-KAN-ADMIN-BOARDS create validate cancel rename switch archive persist with denied administration; Real board create validates required name; Escape cancels create and rename; saved name/description/icon/color retain immutable slug after reload. Switch and archive cancel/confirm preserve the default board; denied signed identity cannot administer it. Fine-grained board/tenant membership variants remain. Frozen source: True; current spec: True; all tested source files unchanged: True. Any permitted new operator scripts have separate provenance and no browser certification. Delivered report: evidence/executed-scenarios.csv (match test title and run ID).,Remaining story-specific transition/history/filter assertions and unauthorized board/task/dispatcher probes.
US-SP-KAN-014,"Kanban boards, tasks and orchestration",authorized board user,"As an authorized board user, I want to archive a board.",Archive a disposable board through its UI; reload board list.,The board is archived under the documented behavior without exposing or deleting unrelated tasks.,"Users without board/task permission cannot read or mutate the board, trigger dispatch or inherit another tenant/workspace authority.",REAL_BROWSER; RELOAD; NEGATIVE_SERVER,P1,PARTIAL,HISTORICAL_SOURCE_DERIVED,static/panels.js (kanban controls),WebUI HEAD 451acb916a33d9267713eaf57aba7f93e462993c; engine HEAD 97fbbecd35984d5e28a3482d60a1165121333fc9. Exact tested file fingerprints: evidence/source-provenance.json. Frozen run 20260909-080212-676633000; commits and content fingerprints are distinct provenance. Any explicitly permitted post-run operator additions are recorded separately as post_run_operator_scripts and are not browser-tested source.,test-kit/tests/e2e/full/kanban-administration.spec.ts:57,PASS subset [20260909-080212-676633000]: US-SP-KAN-ADMIN-BOARDS create validate cancel rename switch archive persist with denied administration; Real board create validates required name; Escape cancels create and rename; saved name/description/icon/color retain immutable slug after reload. Switch and archive cancel/confirm preserve the default board; denied signed identity cannot administer it. Fine-grained board/tenant membership variants remain. Frozen source: True; current spec: True; all tested source files unchanged: True. Any permitted new operator scripts have separate provenance and no browser certification. Delivered report: evidence/executed-scenarios.csv (match test title and run ID).,Remaining story-specific transition/history/filter assertions and unauthorized board/task/dispatcher probes.
US-SP-KAN-015,"Kanban boards, tasks and orchestration",authorized board user,"As an authorized board user, I want to run the dispatcher.","On a synthetic isolated board, activate Run dispatcher; inspect result and spawned runs.",Eligible permitted work dispatches once and failures are accurately counted.,A non-elevated user cannot dispatch restricted jobs; board membership alone is insufficient.,REAL_BROWSER; ISOLATED_SCHEDULER; DETERMINISTIC_PROVIDER; NEGATIVE_SERVER,P1,PARTIAL,HISTORICAL_SOURCE_DERIVED,static/panels.js (kanban controls),WebUI HEAD 451acb916a33d9267713eaf57aba7f93e462993c; engine HEAD 97fbbecd35984d5e28a3482d60a1165121333fc9. Exact tested file fingerprints: evidence/source-provenance.json. Frozen run 20260909-080212-676633000; commits and content fingerprints are distinct provenance. Any explicitly permitted post-run operator additions are recorded separately as post_run_operator_scripts and are not browser-tested source.,test-kit/tests/e2e/full/kanban-administration.spec.ts:114,"PASS subset [20260909-080212-676633000]: US-SP-KAN-ADMIN-FILTERS exact assignee tenant mine lanes selected bulk completion and dispatcher preview; Exact task IDs follow assignee, tenant, Only mine and search/no-match/clear controls. The existing view toggle changes profile lanes and survives reload; no separate list view is asserted. Bulk Done affects one selected card and leaves both other blocked tasks unchanged; denied bulk is403. Dispatcher Preview sends dry_run=1, reports spawned:[] and leaves all worker/run IDs null. This does not exercise multiple selected items, per-item failures, live dispatch or a non-elevated dispatcher boundary. Frozen source: True; current spec: True; all tested source files unchanged: True. Any permitted new operator scripts have separate provenance and no browser certification. Delivered report: evidence/executed-scenarios.csv (match test title and run ID).","Preview dispatch is dry_run=1 with no spawned worker or run IDs. Actual eligible dispatch, failure counts and non-elevated dispatch refusal are not established by a successful dry run."
US-SP-KAN-016,"Kanban boards, tasks and orchestration",authorized board user,"As an authorized board user, I want to nudge the dispatcher.",Activate Nudge for an isolated eligible fixture task; inspect events/runs.,The nudge is acknowledged once and does not duplicate active work.,"Users without board/task permission cannot read or mutate the board, trigger dispatch or inherit another tenant/workspace authority.",REAL_BROWSER; RELOAD; NEGATIVE_SERVER,P1,NOT RUN,HISTORICAL_SOURCE_DERIVED,static/panels.js (kanban controls),WebUI HEAD 451acb916a33d9267713eaf57aba7f93e462993c; engine HEAD 97fbbecd35984d5e28a3482d60a1165121333fc9. Exact tested file fingerprints: evidence/source-provenance.json. Frozen run 20260909-080212-676633000; commits and content fingerprints are distinct provenance. Any explicitly permitted post-run operator additions are recorded separately as post_run_operator_scripts and are not browser-tested source.,NOT YET MAPPED TO EXECUTED FRONTEND CASE,NONE: no semantically matching actual frontend assertion found in current isolated run reports.,"LOCALLY MISSING: verify current exposure/contract and implement the stated real-browser workflow, fixture and negative path. Historical provenance alone does not establish current availability."
US-SP-KAN-017,"Kanban boards, tasks and orchestration",authorized board user,"As an authorized board user, I want to recover from unavailable or stale board services.",Make the fixture board endpoint fail/stale; open board; use displayed refresh/reload recovery.,Failure is explicit and recovery restores current tasks without reporting stale data as fresh.,"Users without board/task permission cannot read or mutate the board, trigger dispatch or inherit another tenant/workspace authority.",REAL_BROWSER; RELOAD; NEGATIVE_SERVER,P1,NOT RUN,HISTORICAL_SOURCE_DERIVED,static/panels.js (kanban controls),WebUI HEAD 451acb916a33d9267713eaf57aba7f93e462993c; engine HEAD 97fbbecd35984d5e28a3482d60a1165121333fc9. Exact tested file fingerprints: evidence/source-provenance.json. Frozen run 20260909-080212-676633000; commits and content fingerprints are distinct provenance. Any explicitly permitted post-run operator additions are recorded separately as post_run_operator_scripts and are not browser-tested source.,NOT YET MAPPED TO EXECUTED FRONTEND CASE,NONE: no semantically matching actual frontend assertion found in current isolated run reports.,"LOCALLY MISSING: verify current exposure/contract and implement the stated real-browser workflow, fixture and negative path. Historical provenance alone does not establish current availability."
US-SP-TODO-001,Session task list,authorized chat user,"As an authorized chat user, I want to inspect tasks generated by a run.",Run a deterministic task-list fixture; open the left Todos panel.,The actual session task states render with correct titles/order.,Another session or user cannot read this task list through copied session IDs or workspace routes.,REAL_BROWSER; DETERMINISTIC_PROVIDER; RELOAD; NEGATIVE_SERVER,P1,PARTIAL,HISTORICAL_SOURCE_DERIVED,static/panels.js loadTodos; static/workspace.js workspace Todos,WebUI HEAD 451acb916a33d9267713eaf57aba7f93e462993c; engine HEAD 97fbbecd35984d5e28a3482d60a1165121333fc9. Exact tested file fingerprints: evidence/source-provenance.json. Frozen run 20260909-080212-676633000; commits and content fingerprints are distinct provenance. Any explicitly permitted post-run operator additions are recorded separately as post_run_operator_scripts and are not browser-tested source.,test-kit/tests/e2e/full/deep-workflows.spec.ts:27,PASS subset [20260909-080212-676633000]: US-SP-TODO-DEEP real agent todo create update clear renders live and survives session reload; Actual engine todo create/update/clear renders expected state and survives session reload; legacy representation remains. Frozen source: True; current spec: True; all tested source files unchanged: True. Any permitted new operator scripts have separate provenance and no browser certification. Delivered report: evidence/executed-scenarios.csv (match test title and run ID).,"Only the listed assertions are evidenced; complete the remaining explicit frontend, persistence and permission requirements in this row."
US-SP-TODO-002,Session task list,authorized chat user,"As an authorized chat user, I want to open the workspace Todos tab.",Enable the workspace Todos setting; open right pane; select Todos.,The same authorized session list is shown without mixing another workspace.,Another session or user cannot read this task list through copied session IDs or workspace routes.,REAL_BROWSER; DETERMINISTIC_PROVIDER; RELOAD; NEGATIVE_SERVER,P1,PARTIAL,HISTORICAL_SOURCE_DERIVED,static/panels.js loadTodos; static/workspace.js workspace Todos,WebUI HEAD 451acb916a33d9267713eaf57aba7f93e462993c; engine HEAD 97fbbecd35984d5e28a3482d60a1165121333fc9. Exact tested file fingerprints: evidence/source-provenance.json. Frozen run 20260909-080212-676633000; commits and content fingerprints are distinct provenance. Any explicitly permitted post-run operator additions are recorded separately as post_run_operator_scripts and are not browser-tested source.,test-kit/tests/e2e/full/navigation.spec.ts:9 | test-kit/tests/e2e/full/preferences-behavior.spec.ts:74,PASS subset [20260909-080212-676633000]: US-SP-TODO-NAV todos opens through visible navigation; Todos top-level navigation opens; workspace Todos preference/tab remains. Frozen source: True; current spec: True; all tested source files unchanged: True. Any permitted new operator scripts have separate provenance and no browser certification. Delivered report: evidence/executed-scenarios.csv (match test title and run ID). | PASS subset [20260909-080212-676633000]: US-SP-PREF-BEHAVIOR-TODOS workspace preference controls actual tab while sidebar remains usable; Both workspace Todos settings save; enabled tab opens the real panel with aria-selected; disabled tab disappears while the left Todos panel stays usable. Reload and other identity preference scope remain. Frozen source: True; current spec: True; all tested source files unchanged: True. Any permitted new operator scripts have separate provenance and no browser certification. Delivered report: evidence/executed-scenarios.csv (match test title and run ID).,"Only the listed assertions are evidenced; complete the remaining explicit frontend, persistence and permission requirements in this row."
US-SP-TODO-003,Session task list,authorized chat user,"As an authorized chat user, I want to see task state update and survive reload.",Run a fixture that moves a task to complete; observe list; reload.,Only the actual completed task changes and persisted state matches runtime output.,Another session or user cannot read this task list through copied session IDs or workspace routes.,REAL_BROWSER; DETERMINISTIC_PROVIDER; RELOAD; NEGATIVE_SERVER,P1,PARTIAL,HISTORICAL_SOURCE_DERIVED,static/panels.js loadTodos; static/workspace.js workspace Todos,WebUI HEAD 451acb916a33d9267713eaf57aba7f93e462993c; engine HEAD 97fbbecd35984d5e28a3482d60a1165121333fc9. Exact tested file fingerprints: evidence/source-provenance.json. Frozen run 20260909-080212-676633000; commits and content fingerprints are distinct provenance. Any explicitly permitted post-run operator additions are recorded separately as post_run_operator_scripts and are not browser-tested source.,test-kit/tests/e2e/full/deep-workflows.spec.ts:27,PASS subset [20260909-080212-676633000]: US-SP-TODO-DEEP real agent todo create update clear renders live and survives session reload; Actual engine todo create/update/clear renders expected state and survives session reload; legacy representation remains. Frozen source: True; current spec: True; all tested source files unchanged: True. Any permitted new operator scripts have separate provenance and no browser certification. Delivered report: evidence/executed-scenarios.csv (match test title and run ID).,"Only the listed assertions are evidenced; complete the remaining explicit frontend, persistence and permission requirements in this row."
US-SP-TODO-004,Session task list,authorized chat user,"As an authorized chat user, I want to handle empty or legacy task state.",Open empty and legacy seeded conversations; inspect Todos.,Empty/fallback states are honest and do not invent actionable tasks.,Another session or user cannot read this task list through copied session IDs or workspace routes.,REAL_BROWSER; DETERMINISTIC_PROVIDER; RELOAD; NEGATIVE_SERVER,P1,PARTIAL,HISTORICAL_SOURCE_DERIVED,static/panels.js loadTodos; static/workspace.js workspace Todos,WebUI HEAD 451acb916a33d9267713eaf57aba7f93e462993c; engine HEAD 97fbbecd35984d5e28a3482d60a1165121333fc9. Exact tested file fingerprints: evidence/source-provenance.json. Frozen run 20260909-080212-676633000; commits and content fingerprints are distinct provenance. Any explicitly permitted post-run operator additions are recorded separately as post_run_operator_scripts and are not browser-tested source.,test-kit/tests/e2e/full/deep-workflows.spec.ts:27,PASS subset [20260909-080212-676633000]: US-SP-TODO-DEEP real agent todo create update clear renders live and survives session reload; Actual engine todo create/update/clear renders expected state and survives session reload; legacy representation remains. Frozen source: True; current spec: True; all tested source files unchanged: True. Any permitted new operator scripts have separate provenance and no browser certification. Delivered report: evidence/executed-scenarios.csv (match test title and run ID).,"Only the listed assertions are evidenced; complete the remaining explicit frontend, persistence and permission requirements in this row."
US-SP-SKILL-001,Skills library and management,authorized skill user or manager,"As an authorized skill user or manager, I want to browse search and expand skill categories.",Open Skills; expand/collapse categories; search fixture name; clear.,Only permitted skills appear and filters restore the right catalog.,Missing skill view/load/manage grants deny both UI operations and direct/runtime access; viewing a skill does not imply permission to load it.,REAL_BROWSER; RELOAD; NEGATIVE_SERVER,P1,PARTIAL,HISTORICAL_SOURCE_DERIVED,static/panels.js (skills controls),WebUI HEAD 451acb916a33d9267713eaf57aba7f93e462993c; engine HEAD 97fbbecd35984d5e28a3482d60a1165121333fc9. Exact tested file fingerprints: evidence/source-provenance.json. Frozen run 20260909-080212-676633000; commits and content fingerprints are distinct provenance. Any explicitly permitted post-run operator additions are recorded separately as post_run_operator_scripts and are not browser-tested source.,test-kit/tests/e2e/full/workflows.spec.ts:39,PASS subset [20260909-080212-676633000]: US-SP-SKILL-001 create real skill and filter list without changing stored content; Real synthetic skill created and list search/no-match/reset exercised; category expansion and cross-persona paths remain. Frozen source: True; current spec: True; all tested source files unchanged: True. Any permitted new operator scripts have separate provenance and no browser certification. Delivered report: evidence/executed-scenarios.csv (match test title and run ID).,"Only the listed assertions are evidenced; complete the remaining explicit frontend, persistence and permission requirements in this row."
US-SP-SKILL-002,Skills library and management,authorized skill user or manager,"As an authorized skill user or manager, I want to open a skill and its files.",Select a fixture skill; open supported linked files.,Correct content renders without exposing files outside the allowed skill root.,Missing skill view/load/manage grants deny both UI operations and direct/runtime access; viewing a skill does not imply permission to load it.,REAL_BROWSER; RELOAD; NEGATIVE_SERVER,P1,PARTIAL,HISTORICAL_SOURCE_DERIVED,static/panels.js (skills controls),WebUI HEAD 451acb916a33d9267713eaf57aba7f93e462993c; engine HEAD 97fbbecd35984d5e28a3482d60a1165121333fc9. Exact tested file fingerprints: evidence/source-provenance.json. Frozen run 20260909-080212-676633000; commits and content fingerprints are distinct provenance. Any explicitly permitted post-run operator additions are recorded separately as post_run_operator_scripts and are not browser-tested source.,test-kit/tests/e2e/full/additional-affordances.spec.ts:122 | test-kit/tests/e2e/full/resource-security.spec.ts:3,"PASS subset [20260909-080212-676633000]: US-SP-AFFORDANCE-SKILL-LINKS linked markdown and Back work while traversal and live revoked access return no new file content; A real linked markdown click returns the correct path/content and Back restores the selected skill root. Clicking a symlink outside the skill root and a direct parent traversal return400 without the outside marker. After a named skill denial is saved through the administrator editor, the retained member browser receives403 when clicking its cached link; newly changed file bytes stay absent and reload hides the catalog item while the administrator can still read them. This does not establish independent view/load runtime grants or all linked-file formats. Frozen source: True; current spec: True; all tested source files unchanged: True. Any permitted new operator scripts have separate provenance and no browser certification. Delivered report: evidence/executed-scenarios.csv (match test title and run ID). | PASS subset [20260909-080212-676633000]: US-SP-POL-RESOURCE resource denials saved in frontend block real named skill settings and model API bypasses; Admin saves named skill/model/provider/settings denials via real frontend; second browser receives 10 expected direct-route 403s, catalogs hide denied resources, protected state remains unchanged. These are negative-path supplements only. Frozen source: True; current spec: True; all tested source files unchanged: True. Any permitted new operator scripts have separate provenance and no browser certification. Delivered report: evidence/executed-scenarios.csv (match test title and run ID).","Actual linked markdown/Back, a clicked symlink escape, parent traversal and retained-browser revocation are now asserted without new protected content. Non-Markdown linked formats, runtime load/manage enforcement and an explicit view-permitted/load-denied invocation remain separate requirements."
US-SP-SKILL-003,Skills library and management,authorized skill user or manager,"As an authorized skill user or manager, I want to create a synthetic skill.",As manager choose Create; enter supported name/description/body; Save; reopen.,A valid skill persists in the fixture skill root.,Missing skill view/load/manage grants deny both UI operations and direct/runtime access; viewing a skill does not imply permission to load it.,REAL_BROWSER; RELOAD; NEGATIVE_SERVER,P1,PARTIAL,HISTORICAL_SOURCE_DERIVED,static/panels.js (skills controls),WebUI HEAD 451acb916a33d9267713eaf57aba7f93e462993c; engine HEAD 97fbbecd35984d5e28a3482d60a1165121333fc9. Exact tested file fingerprints: evidence/source-provenance.json. Frozen run 20260909-080212-676633000; commits and content fingerprints are distinct provenance. Any explicitly permitted post-run operator additions are recorded separately as post_run_operator_scripts and are not browser-tested source.,test-kit/tests/e2e/full/additional-clicks.spec.ts:5 | test-kit/tests/e2e/full/workflows.spec.ts:39,"PASS subset [20260909-080212-676633000]: US-SP-SKILL-LIFECYCLE-CLICKS edit cancel save and delete only the selected disposable skill; A disposable skill is created with exact disk/API content. Edit cancel preserves its original bytes; Save persists changed content after reload; Delete initially focuses Cancel and cancel preserves it, while confirm removes its file/catalog entry after reload and stale detail returns explicit success:false. The seeded qa-review skill remains intact. Runtime stale-load and all manager-role negative variants remain separate. Frozen source: True; current spec: True; all tested source files unchanged: True. Any permitted new operator scripts have separate provenance and no browser certification. Delivered report: evidence/executed-scenarios.csv (match test title and run ID). | PASS subset [20260909-080212-676633000]: US-SP-SKILL-001 create real skill and filter list without changing stored content; Real synthetic skill created and list search/no-match/reset exercised; category expansion and cross-persona paths remain. Frozen source: True; current spec: True; all tested source files unchanged: True. Any permitted new operator scripts have separate provenance and no browser certification. Delivered report: evidence/executed-scenarios.csv (match test title and run ID).","Only the listed assertions are evidenced; complete the remaining explicit frontend, persistence and permission requirements in this row."
US-SP-SKILL-004,Skills library and management,authorized skill user or manager,"As an authorized skill user or manager, I want to edit a skill.",Open a managed fixture skill; Edit; change body; Save; reload.,The selected skill revision changes and other skills remain intact.,Missing skill view/load/manage grants deny both UI operations and direct/runtime access; viewing a skill does not imply permission to load it.,REAL_BROWSER; RELOAD; NEGATIVE_SERVER,P1,PARTIAL,HISTORICAL_SOURCE_DERIVED,static/panels.js (skills controls),WebUI HEAD 451acb916a33d9267713eaf57aba7f93e462993c; engine HEAD 97fbbecd35984d5e28a3482d60a1165121333fc9. Exact tested file fingerprints: evidence/source-provenance.json. Frozen run 20260909-080212-676633000; commits and content fingerprints are distinct provenance. Any explicitly permitted post-run operator additions are recorded separately as post_run_operator_scripts and are not browser-tested source.,test-kit/tests/e2e/full/additional-clicks.spec.ts:5 | test-kit/tests/e2e/full/resource-security.spec.ts:3,"PASS subset [20260909-080212-676633000]: US-SP-SKILL-LIFECYCLE-CLICKS edit cancel save and delete only the selected disposable skill; A disposable skill is created with exact disk/API content. Edit cancel preserves its original bytes; Save persists changed content after reload; Delete initially focuses Cancel and cancel preserves it, while confirm removes its file/catalog entry after reload and stale detail returns explicit success:false. The seeded qa-review skill remains intact. Runtime stale-load and all manager-role negative variants remain separate. Frozen source: True; current spec: True; all tested source files unchanged: True. Any permitted new operator scripts have separate provenance and no browser certification. Delivered report: evidence/executed-scenarios.csv (match test title and run ID). | PASS subset [20260909-080212-676633000]: US-SP-POL-RESOURCE resource denials saved in frontend block real named skill settings and model API bypasses; Admin saves named skill/model/provider/settings denials via real frontend; second browser receives 10 expected direct-route 403s, catalogs hide denied resources, protected state remains unchanged. These are negative-path supplements only. Frozen source: True; current spec: True; all tested source files unchanged: True. Any permitted new operator scripts have separate provenance and no browser certification. Delivered report: evidence/executed-scenarios.csv (match test title and run ID).","Exact selected-skill edit/save/reload and unchanged seeded skill are asserted, with separate resource-denial supplements. Remaining manager identity/runtime capability combinations and revision-conflict behavior are not implied."
US-SP-SKILL-005,Skills library and management,authorized skill user or manager,"As an authorized skill user or manager, I want to cancel a skill edit.",Change content; Cancel; reopen.,Original skill bytes are preserved.,Missing skill view/load/manage grants deny both UI operations and direct/runtime access; viewing a skill does not imply permission to load it.,REAL_BROWSER; RELOAD; NEGATIVE_SERVER,P1,PARTIAL,HISTORICAL_SOURCE_DERIVED,static/panels.js (skills controls),WebUI HEAD 451acb916a33d9267713eaf57aba7f93e462993c; engine HEAD 97fbbecd35984d5e28a3482d60a1165121333fc9. Exact tested file fingerprints: evidence/source-provenance.json. Frozen run 20260909-080212-676633000; commits and content fingerprints are distinct provenance. Any explicitly permitted post-run operator additions are recorded separately as post_run_operator_scripts and are not browser-tested source.,test-kit/tests/e2e/full/additional-clicks.spec.ts:5,"PASS subset [20260909-080212-676633000]: US-SP-SKILL-LIFECYCLE-CLICKS edit cancel save and delete only the selected disposable skill; A disposable skill is created with exact disk/API content. Edit cancel preserves its original bytes; Save persists changed content after reload; Delete initially focuses Cancel and cancel preserves it, while confirm removes its file/catalog entry after reload and stale detail returns explicit success:false. The seeded qa-review skill remains intact. Runtime stale-load and all manager-role negative variants remain separate. Frozen source: True; current spec: True; all tested source files unchanged: True. Any permitted new operator scripts have separate provenance and no browser certification. Delivered report: evidence/executed-scenarios.csv (match test title and run ID).",Cancel returns original rendered content and API bytes; subsequent edit/save demonstrates continued usability. Separate unauthorized edit/cancel roles and original-content reload immediately after cancellation remain.
US-SP-SKILL-006,Skills library and management,authorized skill user or manager,"As an authorized skill user or manager, I want to enable or load a skill for a bot/chat.",Toggle/select an allowed skill; run a fixture invocation.,The intended skill reaches runtime only when both caller and bot allow it.,Missing skill view/load/manage grants deny both UI operations and direct/runtime access; viewing a skill does not imply permission to load it.,REAL_BROWSER; RELOAD; NEGATIVE_SERVER,P1,PARTIAL,HISTORICAL_SOURCE_DERIVED,static/panels.js (skills controls),WebUI HEAD 451acb916a33d9267713eaf57aba7f93e462993c; engine HEAD 97fbbecd35984d5e28a3482d60a1165121333fc9. Exact tested file fingerprints: evidence/source-provenance.json. Frozen run 20260909-080212-676633000; commits and content fingerprints are distinct provenance. Any explicitly permitted post-run operator additions are recorded separately as post_run_operator_scripts and are not browser-tested source.,test-kit/tests/e2e/full/resource-security.spec.ts:3,"PASS subset [20260909-080212-676633000]: US-SP-POL-RESOURCE resource denials saved in frontend block real named skill settings and model API bypasses; Admin saves named skill/model/provider/settings denials via real frontend; second browser receives 10 expected direct-route 403s, catalogs hide denied resources, protected state remains unchanged. These are negative-path supplements only. Frozen source: True; current spec: True; all tested source files unchanged: True. Any permitted new operator scripts have separate provenance and no browser certification. Delivered report: evidence/executed-scenarios.csv (match test title and run ID).","Only the listed assertions are evidenced; complete the remaining explicit frontend, persistence and permission requirements in this row."
US-SP-SKILL-007,Skills library and management,authorized skill user or manager,"As an authorized skill user or manager, I want to delete a managed skill.",Delete only a disposable fixture skill through confirmation; refresh catalog.,The chosen skill is removed and cannot load via a stale selector.,Missing skill view/load/manage grants deny both UI operations and direct/runtime access; viewing a skill does not imply permission to load it.,REAL_BROWSER; RELOAD; NEGATIVE_SERVER,P1,PARTIAL,HISTORICAL_SOURCE_DERIVED,static/panels.js (skills controls),WebUI HEAD 451acb916a33d9267713eaf57aba7f93e462993c; engine HEAD 97fbbecd35984d5e28a3482d60a1165121333fc9. Exact tested file fingerprints: evidence/source-provenance.json. Frozen run 20260909-080212-676633000; commits and content fingerprints are distinct provenance. Any explicitly permitted post-run operator additions are recorded separately as post_run_operator_scripts and are not browser-tested source.,test-kit/tests/e2e/full/additional-clicks.spec.ts:5 | test-kit/tests/e2e/full/resource-security.spec.ts:3,"PASS subset [20260909-080212-676633000]: US-SP-SKILL-LIFECYCLE-CLICKS edit cancel save and delete only the selected disposable skill; A disposable skill is created with exact disk/API content. Edit cancel preserves its original bytes; Save persists changed content after reload; Delete initially focuses Cancel and cancel preserves it, while confirm removes its file/catalog entry after reload and stale detail returns explicit success:false. The seeded qa-review skill remains intact. Runtime stale-load and all manager-role negative variants remain separate. Frozen source: True; current spec: True; all tested source files unchanged: True. Any permitted new operator scripts have separate provenance and no browser certification. Delivered report: evidence/executed-scenarios.csv (match test title and run ID). | PASS subset [20260909-080212-676633000]: US-SP-POL-RESOURCE resource denials saved in frontend block real named skill settings and model API bypasses; Admin saves named skill/model/provider/settings denials via real frontend; second browser receives 10 expected direct-route 403s, catalogs hide denied resources, protected state remains unchanged. These are negative-path supplements only. Frozen source: True; current spec: True; all tested source files unchanged: True. Any permitted new operator scripts have separate provenance and no browser certification. Delivered report: evidence/executed-scenarios.csv (match test title and run ID).","Confirm removes the selected skill file/catalog across reload, while cancel preserves it and seeded skill stays intact. The stale detail API returns explicit success:false; actual stale runtime invocation and all manager identity variants remain."
US-SP-SKILL-008,Skills library and management,authorized skill user or manager,"As an authorized skill user or manager, I want to render hostile skill content.",Open a skill with Markdown links and HTML-like hostile text.,Supported documentation is readable and active markup stays inert.,Protected linked files cannot bypass root restrictions.,REAL_BROWSER; HOSTILE_CONTENT; NEGATIVE_SERVER,P1,NOT RUN,HISTORICAL_SOURCE_DERIVED,static/panels.js (skills controls),WebUI HEAD 451acb916a33d9267713eaf57aba7f93e462993c; engine HEAD 97fbbecd35984d5e28a3482d60a1165121333fc9. Exact tested file fingerprints: evidence/source-provenance.json. Frozen run 20260909-080212-676633000; commits and content fingerprints are distinct provenance. Any explicitly permitted post-run operator additions are recorded separately as post_run_operator_scripts and are not browser-tested source.,NOT YET MAPPED TO EXECUTED FRONTEND CASE,NONE: no semantically matching actual frontend assertion found in current isolated run reports.,"LOCALLY MISSING: verify current exposure/contract and implement the stated real-browser workflow, fixture and negative path. Historical provenance alone does not establish current availability."
US-SP-CONN-001,Connections catalog and account ownership,authorized connections user,"As an authorized connections user, I want to browse and filter service catalog.",Open Connections; choose category; search name; clear filters.,Only available/permitted entries appear with correct auth/connect status.,"Users cannot view/disconnect another account, self-enable restricted providers or bypass connection and runtime grants through an existing connection ID.",REAL_BROWSER; CONNECTOR_FIXTURE; TWO_USERS; RELOAD; NEGATIVE_SERVER,P1,PARTIAL,HISTORICAL_SOURCE_DERIVED,static/integrations.js,WebUI HEAD 451acb916a33d9267713eaf57aba7f93e462993c; engine HEAD 97fbbecd35984d5e28a3482d60a1165121333fc9. Exact tested file fingerprints: evidence/source-provenance.json. Frozen run 20260909-080212-676633000; commits and content fingerprints are distinct provenance. Any explicitly permitted post-run operator additions are recorded separately as post_run_operator_scripts and are not browser-tested source.,test-kit/tests/e2e/full/navigation.spec.ts:9,PASS subset [20260909-080212-676633000]: US-SP-CONN-NAV integrations opens through visible navigation; Connections navigation and refresh affordance render; catalog filtering/account lifecycle remain. Frozen source: True; current spec: True; all tested source files unchanged: True. Any permitted new operator scripts have separate provenance and no browser certification. Delivered report: evidence/executed-scenarios.csv (match test title and run ID).,"Only the listed assertions are evidenced; complete the remaining explicit frontend, persistence and permission requirements in this row."
US-SP-CONN-002,Connections catalog and account ownership,authorized connections user,"As an authorized connections user, I want to request a restricted service.",Open an ungranted fixture provider; Request access; inspect My approvals.,One pending request is stored with correct caller/provider and no implicit grant.,"Users cannot view/disconnect another account, self-enable restricted providers or bypass connection and runtime grants through an existing connection ID.",REAL_BROWSER; CONNECTOR_FIXTURE; TWO_USERS; RELOAD; NEGATIVE_SERVER,P1,NOT RUN,HISTORICAL_SOURCE_DERIVED,static/integrations.js,WebUI HEAD 451acb916a33d9267713eaf57aba7f93e462993c; engine HEAD 97fbbecd35984d5e28a3482d60a1165121333fc9. Exact tested file fingerprints: evidence/source-provenance.json. Frozen run 20260909-080212-676633000; commits and content fingerprints are distinct provenance. Any explicitly permitted post-run operator additions are recorded separately as post_run_operator_scripts and are not browser-tested source.,NOT YET MAPPED TO EXECUTED FRONTEND CASE,NONE: no semantically matching actual frontend assertion found in current isolated run reports.,"LOCALLY MISSING: verify current exposure/contract and implement the stated real-browser workflow, fixture and negative path. Historical provenance alone does not establish current availability."
US-SP-CONN-003,Connections catalog and account ownership,authorized connections user,"As an authorized connections user, I want to connect an allowed fixture service.",Choose Connect; complete a local test authorization callback; refresh connections.,The saved connection belongs to the initiating user and intended provider.,"Users cannot view/disconnect another account, self-enable restricted providers or bypass connection and runtime grants through an existing connection ID.",REAL_BROWSER; CONNECTOR_FIXTURE; TWO_USERS; RELOAD; NEGATIVE_SERVER,P1,NOT RUN,HISTORICAL_SOURCE_DERIVED,static/integrations.js,WebUI HEAD 451acb916a33d9267713eaf57aba7f93e462993c; engine HEAD 97fbbecd35984d5e28a3482d60a1165121333fc9. Exact tested file fingerprints: evidence/source-provenance.json. Frozen run 20260909-080212-676633000; commits and content fingerprints are distinct provenance. Any explicitly permitted post-run operator additions are recorded separately as post_run_operator_scripts and are not browser-tested source.,NOT YET MAPPED TO EXECUTED FRONTEND CASE,NONE: no semantically matching actual frontend assertion found in current isolated run reports.,"LOCALLY MISSING: verify current exposure/contract and implement the stated real-browser workflow, fixture and negative path. Historical provenance alone does not establish current availability."
US-SP-CONN-004,Connections catalog and account ownership,authorized connections user,"As an authorized connections user, I want to complete a real provider authorization.","In an approved disposable test tenant, use Connect and the genuine provider authorization/callback.",Provider-side test connection and application ownership agree after reload.,Unapproved scopes/foreign accounts must not be silently attached.,REAL_BROWSER; REAL_EXTERNAL; TWO_USERS; RELOAD; NEGATIVE_SERVER,P1,NOT RUN,HISTORICAL_SOURCE_DERIVED,static/integrations.js,WebUI HEAD 451acb916a33d9267713eaf57aba7f93e462993c; engine HEAD 97fbbecd35984d5e28a3482d60a1165121333fc9. Exact tested file fingerprints: evidence/source-provenance.json. Frozen run 20260909-080212-676633000; commits and content fingerprints are distinct provenance. Any explicitly permitted post-run operator additions are recorded separately as post_run_operator_scripts and are not browser-tested source.,NOT YET MAPPED TO EXECUTED FRONTEND CASE,NONE: no semantically matching actual frontend assertion found in current isolated run reports.,"UNPROVISIONED EXTERNAL: a real provider authorization/consent account has not been supplied to the disposable fixture. Local connector catalog, callback and permission tests remain independently implementable."
US-SP-CONN-005,Connections catalog and account ownership,authorized connections user,"As an authorized connections user, I want to disconnect an owned service.",Open an owned fixture connection; Disconnect; confirm; refresh.,Only the selected connection is removed and future calls fail clearly.,"Users cannot view/disconnect another account, self-enable restricted providers or bypass connection and runtime grants through an existing connection ID.",REAL_BROWSER; CONNECTOR_FIXTURE; TWO_USERS; RELOAD; NEGATIVE_SERVER,P1,NOT RUN,HISTORICAL_SOURCE_DERIVED,static/integrations.js,WebUI HEAD 451acb916a33d9267713eaf57aba7f93e462993c; engine HEAD 97fbbecd35984d5e28a3482d60a1165121333fc9. Exact tested file fingerprints: evidence/source-provenance.json. Frozen run 20260909-080212-676633000; commits and content fingerprints are distinct provenance. Any explicitly permitted post-run operator additions are recorded separately as post_run_operator_scripts and are not browser-tested source.,NOT YET MAPPED TO EXECUTED FRONTEND CASE,NONE: no semantically matching actual frontend assertion found in current isolated run reports.,"LOCALLY MISSING: verify current exposure/contract and implement the stated real-browser workflow, fixture and negative path. Historical provenance alone does not establish current availability."
US-SP-CONN-006,Connections catalog and account ownership,authorized connections user,"As an authorized connections user, I want to separate personal and shared connections.","Seed own, another-user and explicitly shared connections; inspect each allowed role view.",Visibility/actions reflect actual ownership and grants without credential leakage.,"Users cannot view/disconnect another account, self-enable restricted providers or bypass connection and runtime grants through an existing connection ID.",REAL_BROWSER; CONNECTOR_FIXTURE; TWO_USERS; RELOAD; NEGATIVE_SERVER,P1,NOT RUN,HISTORICAL_SOURCE_DERIVED,static/integrations.js,WebUI HEAD 451acb916a33d9267713eaf57aba7f93e462993c; engine HEAD 97fbbecd35984d5e28a3482d60a1165121333fc9. Exact tested file fingerprints: evidence/source-provenance.json. Frozen run 20260909-080212-676633000; commits and content fingerprints are distinct provenance. Any explicitly permitted post-run operator additions are recorded separately as post_run_operator_scripts and are not browser-tested source.,NOT YET MAPPED TO EXECUTED FRONTEND CASE,NONE: no semantically matching actual frontend assertion found in current isolated run reports.,"LOCALLY MISSING: verify current exposure/contract and implement the stated real-browser workflow, fixture and negative path. Historical provenance alone does not establish current availability."
US-SP-CONN-007,Connections catalog and account ownership,authorized connections user,"As an authorized connections user, I want to prevent duplicate pending requests.",Click Request access repeatedly while delayed; reload.,Only one logical pending request exists and controls show its status.,"Users cannot view/disconnect another account, self-enable restricted providers or bypass connection and runtime grants through an existing connection ID.",REAL_BROWSER; CONNECTOR_FIXTURE; TWO_USERS; RELOAD; NEGATIVE_SERVER,P1,NOT RUN,HISTORICAL_SOURCE_DERIVED,static/integrations.js,WebUI HEAD 451acb916a33d9267713eaf57aba7f93e462993c; engine HEAD 97fbbecd35984d5e28a3482d60a1165121333fc9. Exact tested file fingerprints: evidence/source-provenance.json. Frozen run 20260909-080212-676633000; commits and content fingerprints are distinct provenance. Any explicitly permitted post-run operator additions are recorded separately as post_run_operator_scripts and are not browser-tested source.,NOT YET MAPPED TO EXECUTED FRONTEND CASE,NONE: no semantically matching actual frontend assertion found in current isolated run reports.,"LOCALLY MISSING: verify current exposure/contract and implement the stated real-browser workflow, fixture and negative path. Historical provenance alone does not establish current availability."
US-SP-CONN-008,Connections catalog and account ownership,authorized connections user,"As an authorized connections user, I want to recover from failed connection catalog.",Fail catalog/connections endpoint; open panel; retry after recovery.,Error is visible and retry renders current identity-scoped results.,"Users cannot view/disconnect another account, self-enable restricted providers or bypass connection and runtime grants through an existing connection ID.",REAL_BROWSER; CONNECTOR_FIXTURE; TWO_USERS; RELOAD; NEGATIVE_SERVER,P1,NOT RUN,HISTORICAL_SOURCE_DERIVED,static/integrations.js,WebUI HEAD 451acb916a33d9267713eaf57aba7f93e462993c; engine HEAD 97fbbecd35984d5e28a3482d60a1165121333fc9. Exact tested file fingerprints: evidence/source-provenance.json. Frozen run 20260909-080212-676633000; commits and content fingerprints are distinct provenance. Any explicitly permitted post-run operator additions are recorded separately as post_run_operator_scripts and are not browser-tested source.,NOT YET MAPPED TO EXECUTED FRONTEND CASE,NONE: no semantically matching actual frontend assertion found in current isolated run reports.,"LOCALLY MISSING: verify current exposure/contract and implement the stated real-browser workflow, fixture and negative path. Historical provenance alone does not establish current availability."
US-SP-CONN-009,Connections catalog and account ownership,authorized connections user,"As an authorized connections user, I want to ignore stale results after identity change.",Delay Alice's connection fetch; switch fixture identity/context; complete old response.,Alice's rows cannot appear in Bob's view.,"Users cannot view/disconnect another account, self-enable restricted providers or bypass connection and runtime grants through an existing connection ID.",REAL_BROWSER; CONNECTOR_FIXTURE; TWO_USERS; RELOAD; NEGATIVE_SERVER,P1,NOT RUN,HISTORICAL_SOURCE_DERIVED,static/integrations.js,WebUI HEAD 451acb916a33d9267713eaf57aba7f93e462993c; engine HEAD 97fbbecd35984d5e28a3482d60a1165121333fc9. Exact tested file fingerprints: evidence/source-provenance.json. Frozen run 20260909-080212-676633000; commits and content fingerprints are distinct provenance. Any explicitly permitted post-run operator additions are recorded separately as post_run_operator_scripts and are not browser-tested source.,NOT YET MAPPED TO EXECUTED FRONTEND CASE,NONE: no semantically matching actual frontend assertion found in current isolated run reports.,"LOCALLY MISSING: verify current exposure/contract and implement the stated real-browser workflow, fixture and negative path. Historical provenance alone does not establish current availability."
US-SP-CONN-010,Connections catalog and account ownership,authorized connections user,"As an authorized connections user, I want to use a granted connection through runtime.",Connect an allowed fixture provider; run a synthetic tool request; revoke its grant; repeat.,Only the currently permitted actor/tool receives the connection; revocation stops later dispatch.,"Users cannot view/disconnect another account, self-enable restricted providers or bypass connection and runtime grants through an existing connection ID.",REAL_BROWSER; CONNECTOR_FIXTURE; TWO_USERS; RELOAD; NEGATIVE_SERVER,P1,NOT RUN,HISTORICAL_SOURCE_DERIVED,static/integrations.js,WebUI HEAD 451acb916a33d9267713eaf57aba7f93e462993c; engine HEAD 97fbbecd35984d5e28a3482d60a1165121333fc9. Exact tested file fingerprints: evidence/source-provenance.json. Frozen run 20260909-080212-676633000; commits and content fingerprints are distinct provenance. Any explicitly permitted post-run operator additions are recorded separately as post_run_operator_scripts and are not browser-tested source.,NOT YET MAPPED TO EXECUTED FRONTEND CASE,NONE: no semantically matching actual frontend assertion found in current isolated run reports.,"LOCALLY MISSING: verify current exposure/contract and implement the stated real-browser workflow, fixture and negative path. Historical provenance alone does not establish current availability."
US-SP-GOV-001,Governance administration and existing approval flows,governance administrator,"As a governance administrator, I want to open every governance tab.","Open Governance; click Overview, Users, Groups, Workspaces, Approvals, Integrations, Preview and Audit.",Each tab loads its current authorized state and no click leaves a silent dead end.,"A user without governance administration cannot read private policy/audit data or create, change, approve, deny or delete another user policy through direct endpoints.",REAL_BROWSER; ADMIN_AND_MEMBER; RELOAD; AUDIT_READBACK; NEGATIVE_SERVER,P0,PARTIAL,HISTORICAL_SOURCE_DERIVED,"static/governance.js; api/governance_api.py; api/governance/{loader,resolver,enforce,agent_context,nav,usage,suggestions}.py",WebUI HEAD 451acb916a33d9267713eaf57aba7f93e462993c; engine HEAD 97fbbecd35984d5e28a3482d60a1165121333fc9. Exact tested file fingerprints: evidence/source-provenance.json. Frozen run 20260909-080212-676633000; commits and content fingerprints are distinct provenance. Any explicitly permitted post-run operator additions are recorded separately as post_run_operator_scripts and are not browser-tested source.,test-kit/tests/e2e/full/navigation.spec.ts:13,"PASS subset [20260909-080212-676633000]: US-SP-GOV-TAB-overview governance overview tab opens and renders; Eight governance tabs open nonempty and leave loading state; this is navigation coverage, without authorization/audit completeness. Frozen source: True; current spec: True; all tested source files unchanged: True. Any permitted new operator scripts have separate provenance and no browser certification. Delivered report: evidence/executed-scenarios.csv (match test title and run ID). | PASS subset [20260909-080212-676633000]: US-SP-GOV-TAB-users governance users tab opens and renders; Eight governance tabs open nonempty and leave loading state; this is navigation coverage, without authorization/audit completeness. Frozen source: True; current spec: True; all tested source files unchanged: True. Any permitted new operator scripts have separate provenance and no browser certification. Delivered report: evidence/executed-scenarios.csv (match test title and run ID). | PASS subset [20260909-080212-676633000]: US-SP-GOV-TAB-groups governance groups tab opens and renders; Eight governance tabs open nonempty and leave loading state; this is navigation coverage, without authorization/audit completeness. Frozen source: True; current spec: True; all tested source files unchanged: True. Any permitted new operator scripts have separate provenance and no browser certification. Delivered report: evidence/executed-scenarios.csv (match test title and run ID). | PASS subset [20260909-080212-676633000]: US-SP-GOV-TAB-workspaces governance workspaces tab opens and renders; Eight governance tabs open nonempty and leave loading state; this is navigation coverage, without authorization/audit completeness. Frozen source: True; current spec: True; all tested source files unchanged: True. Any permitted new operator scripts have separate provenance and no browser certification. Delivered report: evidence/executed-scenarios.csv (match test title and run ID). | PASS subset [20260909-080212-676633000]: US-SP-GOV-TAB-approvals governance approvals tab opens and renders; Eight governance tabs open nonempty and leave loading state; this is navigation coverage, without authorization/audit completeness. Frozen source: True; current spec: True; all tested source files unchanged: True. Any permitted new operator scripts have separate provenance and no browser certification. Delivered report: evidence/executed-scenarios.csv (match test title and run ID). | PASS subset [20260909-080212-676633000]: US-SP-GOV-TAB-integrations governance integrations tab opens and renders; Eight governance tabs open nonempty and leave loading state; this is navigation coverage, without authorization/audit completeness. Frozen source: True; current spec: True; all tested source files unchanged: True. Any permitted new operator scripts have separate provenance and no browser certification. Delivered report: evidence/executed-scenarios.csv (match test title and run ID). | PASS subset [20260909-080212-676633000]: US-SP-GOV-TAB-preview governance preview tab opens and renders; Eight governance tabs open nonempty and leave loading state; this is navigation coverage, without authorization/audit completeness. Frozen source: True; current spec: True; all tested source files unchanged: True. Any permitted new operator scripts have separate provenance and no browser certification. Delivered report: evidence/executed-scenarios.csv (match test title and run ID). | PASS subset [20260909-080212-676633000]: US-SP-GOV-TAB-audit governance audit tab opens and renders; Eight governance tabs open nonempty and leave loading state; this is navigation coverage, without authorization/audit completeness. Frozen source: True; current spec: True; all tested source files unchanged: True. Any permitted new operator scripts have separate provenance and no browser certification. Delivered report: evidence/executed-scenarios.csv (match test title and run ID).","Remaining listed administration variants, exact effective-user behavior and applicable durable audit/privacy assertions; rendered admin success does not establish every non-admin boundary."
US-SP-GOV-002,Governance administration and existing approval flows,governance administrator,"As a governance administrator, I want to create a governed user.",Open Users; enter a fixture identity and explicit configuration; Save user; reload.,One user entry persists under the canonical identity with the displayed policy revision.,"A user without governance administration cannot read private policy/audit data or create, change, approve, deny or delete another user policy through direct endpoints.",REAL_BROWSER; ADMIN_AND_MEMBER; RELOAD; AUDIT_READBACK; NEGATIVE_SERVER,P0,PARTIAL,HISTORICAL_SOURCE_DERIVED,"static/governance.js; api/governance_api.py; api/governance/{loader,resolver,enforce,agent_context,nav,usage,suggestions}.py",WebUI HEAD 451acb916a33d9267713eaf57aba7f93e462993c; engine HEAD 97fbbecd35984d5e28a3482d60a1165121333fc9. Exact tested file fingerprints: evidence/source-provenance.json. Frozen run 20260909-080212-676633000; commits and content fingerprints are distinct provenance. Any explicitly permitted post-run operator additions are recorded separately as post_run_operator_scripts and are not browser-tested source.,test-kit/tests/e2e/full/governance-administration.spec.ts:28 | test-kit/tests/e2e/full/governance-policy.spec.ts:44,"PASS subset [20260909-080212-676633000]: US-SP-GOV-ADMIN-USERS role and group assignment persists cancel preserves policy and assigned group cannot be deleted; Actual role/group user creation persists; reload shows membership; Cancel preserves policy; UI refuses deletion of an assigned group; unauthorized list/update/delete requests fail; user and now-unassigned group delete. Effective member navigation/recomputed access after removal remain. Frozen source: True; current spec: True; all tested source files unchanged: True. Any permitted new operator scripts have separate provenance and no browser certification. Delivered report: evidence/executed-scenarios.csv (match test title and run ID). | PASS subset [20260909-080212-676633000]: US-SP-POL-004 blacklist elevated automatic policy and narrow denials survive save reload; Blacklist/elevated/automatic selection, per-user prompt and narrow permission/tool denials save and reload. This provisional test ID is not whitelist-revocation story POL-004. Frozen source: True; current spec: True; all tested source files unchanged: True. Any permitted new operator scripts have separate provenance and no browser certification. Delivered report: evidence/executed-scenarios.csv (match test title and run ID).","Remaining listed administration variants, exact effective-user behavior and applicable durable audit/privacy assertions; rendered admin success does not establish every non-admin boundary."
US-SP-GOV-003,Governance administration and existing approval flows,governance administrator,"As a governance administrator, I want to edit and cancel user policy.",Open an existing user; change description/roles; Cancel; reopen; edit/save; reload.,Cancel preserves old state; explicit Save persists only intended changes.,"A user without governance administration cannot read private policy/audit data or create, change, approve, deny or delete another user policy through direct endpoints.",REAL_BROWSER; ADMIN_AND_MEMBER; RELOAD; AUDIT_READBACK; NEGATIVE_SERVER,P0,PARTIAL,HISTORICAL_SOURCE_DERIVED,"static/governance.js; api/governance_api.py; api/governance/{loader,resolver,enforce,agent_context,nav,usage,suggestions}.py",WebUI HEAD 451acb916a33d9267713eaf57aba7f93e462993c; engine HEAD 97fbbecd35984d5e28a3482d60a1165121333fc9. Exact tested file fingerprints: evidence/source-provenance.json. Frozen run 20260909-080212-676633000; commits and content fingerprints are distinct provenance. Any explicitly permitted post-run operator additions are recorded separately as post_run_operator_scripts and are not browser-tested source.,test-kit/tests/e2e/full/governance-administration.spec.ts:28,PASS subset [20260909-080212-676633000]: US-SP-GOV-ADMIN-USERS role and group assignment persists cancel preserves policy and assigned group cannot be deleted; Actual role/group user creation persists; reload shows membership; Cancel preserves policy; UI refuses deletion of an assigned group; unauthorized list/update/delete requests fail; user and now-unassigned group delete. Effective member navigation/recomputed access after removal remain. Frozen source: True; current spec: True; all tested source files unchanged: True. Any permitted new operator scripts have separate provenance and no browser certification. Delivered report: evidence/executed-scenarios.csv (match test title and run ID).,"Remaining listed administration variants, exact effective-user behavior and applicable durable audit/privacy assertions; rendered admin success does not establish every non-admin boundary."
US-SP-GOV-004,Governance administration and existing approval flows,governance administrator,"As a governance administrator, I want to delete a governed user entry.",Delete a disposable non-bootstrap fixture user policy; reload effective-access preview.,The direct entry is removed; remaining inherited/default access is recomputed and displayed honestly.,"A user without governance administration cannot read private policy/audit data or create, change, approve, deny or delete another user policy through direct endpoints.",REAL_BROWSER; ADMIN_AND_MEMBER; RELOAD; AUDIT_READBACK; NEGATIVE_SERVER,P0,PARTIAL,HISTORICAL_SOURCE_DERIVED,"static/governance.js; api/governance_api.py; api/governance/{loader,resolver,enforce,agent_context,nav,usage,suggestions}.py",WebUI HEAD 451acb916a33d9267713eaf57aba7f93e462993c; engine HEAD 97fbbecd35984d5e28a3482d60a1165121333fc9. Exact tested file fingerprints: evidence/source-provenance.json. Frozen run 20260909-080212-676633000; commits and content fingerprints are distinct provenance. Any explicitly permitted post-run operator additions are recorded separately as post_run_operator_scripts and are not browser-tested source.,test-kit/tests/e2e/full/governance-administration.spec.ts:28,PASS subset [20260909-080212-676633000]: US-SP-GOV-ADMIN-USERS role and group assignment persists cancel preserves policy and assigned group cannot be deleted; Actual role/group user creation persists; reload shows membership; Cancel preserves policy; UI refuses deletion of an assigned group; unauthorized list/update/delete requests fail; user and now-unassigned group delete. Effective member navigation/recomputed access after removal remain. Frozen source: True; current spec: True; all tested source files unchanged: True. Any permitted new operator scripts have separate provenance and no browser certification. Delivered report: evidence/executed-scenarios.csv (match test title and run ID).,"Remaining listed administration variants, exact effective-user behavior and applicable durable audit/privacy assertions; rendered admin success does not establish every non-admin boundary."
US-SP-GOV-005,Governance administration and existing approval flows,governance administrator,"As a governance administrator, I want to assign roles and groups.",Edit fixture user roles/groups; save; inspect effective preview and actual user navigation.,Effective grants and visible features reflect the saved inheritance.,"A user without governance administration cannot read private policy/audit data or create, change, approve, deny or delete another user policy through direct endpoints.",REAL_BROWSER; ADMIN_AND_MEMBER; RELOAD; AUDIT_READBACK; NEGATIVE_SERVER,P0,PARTIAL,HISTORICAL_SOURCE_DERIVED,"static/governance.js; api/governance_api.py; api/governance/{loader,resolver,enforce,agent_context,nav,usage,suggestions}.py",WebUI HEAD 451acb916a33d9267713eaf57aba7f93e462993c; engine HEAD 97fbbecd35984d5e28a3482d60a1165121333fc9. Exact tested file fingerprints: evidence/source-provenance.json. Frozen run 20260909-080212-676633000; commits and content fingerprints are distinct provenance. Any explicitly permitted post-run operator additions are recorded separately as post_run_operator_scripts and are not browser-tested source.,test-kit/tests/e2e/full/governance-administration.spec.ts:28,PASS subset [20260909-080212-676633000]: US-SP-GOV-ADMIN-USERS role and group assignment persists cancel preserves policy and assigned group cannot be deleted; Actual role/group user creation persists; reload shows membership; Cancel preserves policy; UI refuses deletion of an assigned group; unauthorized list/update/delete requests fail; user and now-unassigned group delete. Effective member navigation/recomputed access after removal remain. Frozen source: True; current spec: True; all tested source files unchanged: True. Any permitted new operator scripts have separate provenance and no browser certification. Delivered report: evidence/executed-scenarios.csv (match test title and run ID).,"Remaining listed administration variants, exact effective-user behavior and applicable durable audit/privacy assertions; rendered admin success does not establish every non-admin boundary."
US-SP-GOV-006,Governance administration and existing approval flows,governance administrator,"As a governance administrator, I want to add and remove capability chips.","Use keyboard and catalog selection to add/remove skill, CLI and MCP grants; Save; reload.",Canonical selected values persist without duplicates or uncommitted chip text loss.,"A user without governance administration cannot read private policy/audit data or create, change, approve, deny or delete another user policy through direct endpoints.",REAL_BROWSER; ADMIN_AND_MEMBER; RELOAD; AUDIT_READBACK; NEGATIVE_SERVER,P0,PARTIAL,HISTORICAL_SOURCE_DERIVED,"static/governance.js; api/governance_api.py; api/governance/{loader,resolver,enforce,agent_context,nav,usage,suggestions}.py",WebUI HEAD 451acb916a33d9267713eaf57aba7f93e462993c; engine HEAD 97fbbecd35984d5e28a3482d60a1165121333fc9. Exact tested file fingerprints: evidence/source-provenance.json. Frozen run 20260909-080212-676633000; commits and content fingerprints are distinct provenance. Any explicitly permitted post-run operator additions are recorded separately as post_run_operator_scripts and are not browser-tested source.,test-kit/tests/e2e/full/governance-administration.spec.ts:10 | test-kit/tests/e2e/full/governance-field-roundtrip.spec.ts:86 | test-kit/tests/e2e/full/governance-field-roundtrip.spec.ts:112,"PASS subset [20260909-080212-676633000]: US-SP-GOV-ADMIN-GROUPS all templates and six grant fields create edit cancel clear and delete with persisted negative checks; All three template buttons populate the form; each is explicitly edited to the fixture member role and six precise grants, then created, reloaded, cancelled, edited, cleared and deleted. Outsider list/update/delete requests return403 without mutation. Unmodified template role semantics and real member inheritance remain. Frozen source: True; current spec: True; all tested source files unchanged: True. Any permitted new operator scripts have separate provenance and no browser certification. Delivered report: evidence/executed-scenarios.csv (match test title and run ID). | PASS subset [20260909-080212-676633000]: US-SP-GOV-006 [field roundtrip] all 14 extra allow and 14 deny controls persist through real save and reload; All 14 extra grant and 14 deny controls plus the separate skill-management deny save/reload and clear correctly; other existing skill/CLI/MCP input variants and governance audit remain. Frozen source: True; current spec: True; all tested source files unchanged: True. Any permitted new operator scripts have separate provenance and no browser certification. Delivered report: evidence/executed-scenarios.csv (match test title and run ID). | PASS subset [20260909-080212-676633000]: US-SP-GOV-006 [field removal] clearing all extra grants and denials removes persisted entries; All 14 extra grant and 14 deny controls plus the separate skill-management deny save/reload and clear correctly; other existing skill/CLI/MCP input variants and governance audit remain. Frozen source: True; current spec: True; all tested source files unchanged: True. Any permitted new operator scripts have separate provenance and no browser certification. Delivered report: evidence/executed-scenarios.csv (match test title and run ID).","Remaining listed administration variants, exact effective-user behavior and applicable durable audit/privacy assertions; rendered admin success does not establish every non-admin boundary."
US-SP-GOV-007,Governance administration and existing approval flows,governance administrator,"As a governance administrator, I want to exclude inherited capabilities.",Open effective user capabilities; apply supported deny toggles; Save; inspect preview and runtime.,Explicit exclusions override inherited grants and remain effective after reload.,"A user without governance administration cannot read private policy/audit data or create, change, approve, deny or delete another user policy through direct endpoints.",REAL_BROWSER; ADMIN_AND_MEMBER; RELOAD; AUDIT_READBACK; NEGATIVE_SERVER,P0,PARTIAL,HISTORICAL_SOURCE_DERIVED,"static/governance.js; api/governance_api.py; api/governance/{loader,resolver,enforce,agent_context,nav,usage,suggestions}.py",WebUI HEAD 451acb916a33d9267713eaf57aba7f93e462993c; engine HEAD 97fbbecd35984d5e28a3482d60a1165121333fc9. Exact tested file fingerprints: evidence/source-provenance.json. Frozen run 20260909-080212-676633000; commits and content fingerprints are distinct provenance. Any explicitly permitted post-run operator additions are recorded separately as post_run_operator_scripts and are not browser-tested source.,test-kit/tests/e2e/full/governance-revocation.spec.ts:36,"PASS subset [20260909-080212-676633000]: US-SP-POL-REVOKE-BLACKLIST group wildcard cannot override direct denial and clearing denial restores the same signed session; Role/group/direct skill allow conflicts with a saved direct blacklist deny; rendered Preview names that deny and group, actual skill read403 while unrelated sessions200. Clearing deny permits exact skill contents in the same browser; governance stays403 and saved revision change is audited. Frozen source: True; current spec: True; all tested source files unchanged: True. Any permitted new operator scripts have separate provenance and no browser certification. Delivered report: evidence/executed-scenarios.csv (match test title and run ID).","Remaining listed administration variants, exact effective-user behavior and applicable durable audit/privacy assertions; rendered admin success does not establish every non-admin boundary."
US-SP-GOV-008,Governance administration and existing approval flows,governance administrator,"As a governance administrator, I want to create a group from a template.",Open Groups > New group; choose each supported template in isolated fixtures; save.,The template's visible capabilities persist exactly; no unexplained grants are added.,"A user without governance administration cannot read private policy/audit data or create, change, approve, deny or delete another user policy through direct endpoints.",REAL_BROWSER; ADMIN_AND_MEMBER; RELOAD; AUDIT_READBACK; NEGATIVE_SERVER,P0,PARTIAL,HISTORICAL_SOURCE_DERIVED,"static/governance.js; api/governance_api.py; api/governance/{loader,resolver,enforce,agent_context,nav,usage,suggestions}.py",WebUI HEAD 451acb916a33d9267713eaf57aba7f93e462993c; engine HEAD 97fbbecd35984d5e28a3482d60a1165121333fc9. Exact tested file fingerprints: evidence/source-provenance.json. Frozen run 20260909-080212-676633000; commits and content fingerprints are distinct provenance. Any explicitly permitted post-run operator additions are recorded separately as post_run_operator_scripts and are not browser-tested source.,test-kit/tests/e2e/full/governance-administration.spec.ts:10,"PASS subset [20260909-080212-676633000]: US-SP-GOV-ADMIN-GROUPS all templates and six grant fields create edit cancel clear and delete with persisted negative checks; All three template buttons populate the form; each is explicitly edited to the fixture member role and six precise grants, then created, reloaded, cancelled, edited, cleared and deleted. Outsider list/update/delete requests return403 without mutation. Unmodified template role semantics and real member inheritance remain. Frozen source: True; current spec: True; all tested source files unchanged: True. Any permitted new operator scripts have separate provenance and no browser certification. Delivered report: evidence/executed-scenarios.csv (match test title and run ID).",All three templates are exercised then edited to the fixture member role and explicit grants. Saving each unmodified template and comparing its complete native role-derived access remains.
US-SP-GOV-009,Governance administration and existing approval flows,governance administrator,"As a governance administrator, I want to edit and delete a group.",Change a disposable group's grants; save; inspect member access; delete group.,Members receive revised inheritance; deletion removes group-derived rights without corrupting direct grants.,"A user without governance administration cannot read private policy/audit data or create, change, approve, deny or delete another user policy through direct endpoints.",REAL_BROWSER; ADMIN_AND_MEMBER; RELOAD; AUDIT_READBACK; NEGATIVE_SERVER,P0,PARTIAL,HISTORICAL_SOURCE_DERIVED,"static/governance.js; api/governance_api.py; api/governance/{loader,resolver,enforce,agent_context,nav,usage,suggestions}.py",WebUI HEAD 451acb916a33d9267713eaf57aba7f93e462993c; engine HEAD 97fbbecd35984d5e28a3482d60a1165121333fc9. Exact tested file fingerprints: evidence/source-provenance.json. Frozen run 20260909-080212-676633000; commits and content fingerprints are distinct provenance. Any explicitly permitted post-run operator additions are recorded separately as post_run_operator_scripts and are not browser-tested source.,test-kit/tests/e2e/full/governance-administration.spec.ts:10 | test-kit/tests/e2e/full/governance-administration.spec.ts:59,"PASS subset [20260909-080212-676633000]: US-SP-GOV-ADMIN-GROUPS all templates and six grant fields create edit cancel clear and delete with persisted negative checks; All three template buttons populate the form; each is explicitly edited to the fixture member role and six precise grants, then created, reloaded, cancelled, edited, cleared and deleted. Outsider list/update/delete requests return403 without mutation. Unmodified template role semantics and real member inheritance remain. Frozen source: True; current spec: True; all tested source files unchanged: True. Any permitted new operator scripts have separate provenance and no browser certification. Delivered report: evidence/executed-scenarios.csv (match test title and run ID). | PASS subset [20260909-080212-676633000]: US-SP-GOV-ADMIN-LEGACY unchanged group save preserves command denials metadata and unexposed grants; Unchanged legacy group frontend save and reload retain CLI command objects, CLI denials, MCP tool map, file globs and usage caps exactly. Frozen source: True; current spec: True; all tested source files unchanged: True. Any permitted new operator scripts have separate provenance and no browser certification. Delivered report: evidence/executed-scenarios.csv (match test title and run ID).","Remaining listed administration variants, exact effective-user behavior and applicable durable audit/privacy assertions; rendered admin success does not establish every non-admin boundary."
US-SP-GOV-010,Governance administration and existing approval flows,governance administrator,"As a governance administrator, I want to assign workspace membership.",Open Governance > Workspaces; filter a fixture user; add/remove assignments; Save; clear filter.,Assignments persist and effective file/workspace access changes immediately.,"A user without governance administration cannot read private policy/audit data or create, change, approve, deny or delete another user policy through direct endpoints.",REAL_BROWSER; ADMIN_AND_MEMBER; RELOAD; AUDIT_READBACK; NEGATIVE_SERVER,P0,PARTIAL,HISTORICAL_SOURCE_DERIVED,"static/governance.js; api/governance_api.py; api/governance/{loader,resolver,enforce,agent_context,nav,usage,suggestions}.py",WebUI HEAD 451acb916a33d9267713eaf57aba7f93e462993c; engine HEAD 97fbbecd35984d5e28a3482d60a1165121333fc9. Exact tested file fingerprints: evidence/source-provenance.json. Frozen run 20260909-080212-676633000; commits and content fingerprints are distinct provenance. Any explicitly permitted post-run operator additions are recorded separately as post_run_operator_scripts and are not browser-tested source.,test-kit/tests/e2e/full/workspace-governance.spec.ts:15 | test-kit/tests/e2e/full/workspace-governance.spec.ts:27 | test-kit/tests/e2e/full/workspace-governance.spec.ts:43,"PASS subset [20260909-080212-676633000]: US-SP-WS-OWNERSHIP owner member fields normalize persist and per-user lens add remove clear preserves ownership; Real owner/member form normalizes case and duplicates and persists through reload. Per-user lens shows Owner/Member/No access; Add/Remove preserve owner; Clear removes the lens; nonadmin forged assignment403 leaves state unchanged. Frozen source: True; current spec: True; all tested source files unchanged: True. Any permitted new operator scripts have separate provenance and no browser certification. Delivered report: evidence/executed-scenarios.csv (match test title and run ID). | PASS subset [20260909-080212-676633000]: US-SP-WS-REVOKE removing workspace membership blocks retained session file reads and fresh activation despite role ceiling; Member selects the assigned root through composer and reads exact private file. Admin removes membership; retained-session file/read and update/start/terminal calls403; fresh catalog/picker/last value hide the root. Actual worker directory for an allowed turn is not asserted here. Frozen source: True; current spec: True; all tested source files unchanged: True. Any permitted new operator scripts have separate provenance and no browser certification. Delivered report: evidence/executed-scenarios.csv (match test title and run ID). | PASS subset [20260909-080212-676633000]: US-SP-WS-FOREIGN named policy ceiling cannot expose or activate an owned workspace without membership; Direct policy name grant cannot bypass an owned root without membership: catalog hides it, direct new-session403, forged rename/remove/assign403 and exact original disk bytes remain. Frozen source: True; current spec: True; all tested source files unchanged: True. Any permitted new operator scripts have separate provenance and no browser certification. Delivered report: evidence/executed-scenarios.csv (match test title and run ID).","Remaining listed administration variants, exact effective-user behavior and applicable durable audit/privacy assertions; rendered admin success does not establish every non-admin boundary."
US-SP-GOV-011,Governance administration and existing approval flows,governance administrator,"As a governance administrator, I want to preview effective access.",Open Preview; enter fixture email/groups; run Preview; compare to that user's real browser/API behavior.,Preview reflects the same decision inputs and saved revision used by enforcement.,"A user without governance administration cannot read private policy/audit data or create, change, approve, deny or delete another user policy through direct endpoints.",REAL_BROWSER; ADMIN_AND_MEMBER; RELOAD; AUDIT_READBACK; NEGATIVE_SERVER,P0,PARTIAL,HISTORICAL_SOURCE_DERIVED,"static/governance.js; api/governance_api.py; api/governance/{loader,resolver,enforce,agent_context,nav,usage,suggestions}.py",WebUI HEAD 451acb916a33d9267713eaf57aba7f93e462993c; engine HEAD 97fbbecd35984d5e28a3482d60a1165121333fc9. Exact tested file fingerprints: evidence/source-provenance.json. Frozen run 20260909-080212-676633000; commits and content fingerprints are distinct provenance. Any explicitly permitted post-run operator additions are recorded separately as post_run_operator_scripts and are not browser-tested source.,test-kit/tests/e2e/full/governance-policy.spec.ts:50 | test-kit/tests/e2e/full/governance-revocation.spec.ts:36,"PASS subset [20260909-080212-676633000]: US-SP-GOV-PREVIEW real preview button shows chosen user and effective grants; Preview button renders chosen email and assigned role; exact decision reasons across all dimensions remain. Frozen source: True; current spec: True; all tested source files unchanged: True. Any permitted new operator scripts have separate provenance and no browser certification. Delivered report: evidence/executed-scenarios.csv (match test title and run ID). | PASS subset [20260909-080212-676633000]: US-SP-POL-REVOKE-BLACKLIST group wildcard cannot override direct denial and clearing denial restores the same signed session; Role/group/direct skill allow conflicts with a saved direct blacklist deny; rendered Preview names that deny and group, actual skill read403 while unrelated sessions200. Clearing deny permits exact skill contents in the same browser; governance stays403 and saved revision change is audited. Frozen source: True; current spec: True; all tested source files unchanged: True. Any permitted new operator scripts have separate provenance and no browser certification. Delivered report: evidence/executed-scenarios.csv (match test title and run ID).","Remaining listed administration variants, exact effective-user behavior and applicable durable audit/privacy assertions; rendered admin success does not establish every non-admin boundary."
US-SP-GOV-012,Governance administration and existing approval flows,governance administrator,"As a governance administrator, I want to inspect pending approval kinds.","Seed grant, skill, integration, MCP and CLI requests; open each filter and explanation.","Every row identifies requester, capability, data, risk, policy target and current status.","A user without governance administration cannot read private policy/audit data or create, change, approve, deny or delete another user policy through direct endpoints.",REAL_BROWSER; ADMIN_AND_MEMBER; RELOAD; AUDIT_READBACK; NEGATIVE_SERVER,P0,PARTIAL,HISTORICAL_SOURCE_DERIVED,"static/governance.js; api/governance_api.py; api/governance/{loader,resolver,enforce,agent_context,nav,usage,suggestions}.py",WebUI HEAD 451acb916a33d9267713eaf57aba7f93e462993c; engine HEAD 97fbbecd35984d5e28a3482d60a1165121333fc9. Exact tested file fingerprints: evidence/source-provenance.json. Frozen run 20260909-080212-676633000; commits and content fingerprints are distinct provenance. Any explicitly permitted post-run operator additions are recorded separately as post_run_operator_scripts and are not browser-tested source.,test-kit/tests/e2e/full/governance-administration.spec.ts:39,"PASS subset [20260909-080212-676633000]: US-SP-GOV-ADMIN-APPROVAL actual denied route becomes admin approval then grants one route while rejection and replay remain bounded; Actual requester route denial creates a rendered approval. Admin opens its grant explanation and approves one route; requester receives200 only there. A second route is rejected and remains403. Outsider decisions fail403, replay fails409, durable audit and reloaded admin list confirm both outcomes. Other request kinds, requester status UI, denial-reason entry and stale second-tab feedback remain. Frozen source: True; current spec: True; all tested source files unchanged: True. Any permitted new operator scripts have separate provenance and no browser certification. Delivered report: evidence/executed-scenarios.csv (match test title and run ID).","Remaining listed administration variants, exact effective-user behavior and applicable durable audit/privacy assertions; rendered admin success does not establish every non-admin boundary."
US-SP-GOV-013,Governance administration and existing approval flows,governance administrator,"As a governance administrator, I want to approve a manual request.",Open a synthetic pending request as admin; inspect explanation; Approve; reopen requester view.,The allowed scoped change is stored and the requester sees the final accepted state.,"A user without governance administration cannot read private policy/audit data or create, change, approve, deny or delete another user policy through direct endpoints.",REAL_BROWSER; ADMIN_AND_MEMBER; RELOAD; AUDIT_READBACK; NEGATIVE_SERVER,P0,PARTIAL,HISTORICAL_SOURCE_DERIVED,"static/governance.js; api/governance_api.py; api/governance/{loader,resolver,enforce,agent_context,nav,usage,suggestions}.py",WebUI HEAD 451acb916a33d9267713eaf57aba7f93e462993c; engine HEAD 97fbbecd35984d5e28a3482d60a1165121333fc9. Exact tested file fingerprints: evidence/source-provenance.json. Frozen run 20260909-080212-676633000; commits and content fingerprints are distinct provenance. Any explicitly permitted post-run operator additions are recorded separately as post_run_operator_scripts and are not browser-tested source.,test-kit/tests/e2e/full/governance-administration.spec.ts:39 | test-kit/tests/e2e/full/governance-revocation.spec.ts:65,"PASS subset [20260909-080212-676633000]: US-SP-GOV-ADMIN-APPROVAL actual denied route becomes admin approval then grants one route while rejection and replay remain bounded; Actual requester route denial creates a rendered approval. Admin opens its grant explanation and approves one route; requester receives200 only there. A second route is rejected and remains403. Outsider decisions fail403, replay fails409, durable audit and reloaded admin list confirm both outcomes. Other request kinds, requester status UI, denial-reason entry and stale second-tab feedback remain. Frozen source: True; current spec: True; all tested source files unchanged: True. Any permitted new operator scripts have separate provenance and no browser certification. Delivered report: evidence/executed-scenarios.csv (match test title and run ID). | PASS subset [20260909-080212-676633000]: US-SP-GOV-REQUESTER-STATUS retained requester sees pending approved rejected while another account cannot read or decide those requests; Actual denied routes become requester pending rows before any admin visit. Admin approve/reject persists exact scope and audit; retained requester sees correct status/next-action text after refresh and reload. Other-account owner query cannot reveal these rows; both requester self-approval and outsider decisions are403. No administrator rejection-reason input exists. Frozen source: True; current spec: True; all tested source files unchanged: True. Any permitted new operator scripts have separate provenance and no browser certification. Delivered report: evidence/executed-scenarios.csv (match test title and run ID).","Remaining listed administration variants, exact effective-user behavior and applicable durable audit/privacy assertions; rendered admin success does not establish every non-admin boundary."
US-SP-GOV-014,Governance administration and existing approval flows,governance administrator,"As a governance administrator, I want to deny a manual request with reason.",Open a synthetic pending request; Deny; select/type a reason; confirm; reopen requester view.,Denied state and reason persist; blocked work cannot execute.,"A user without governance administration cannot read private policy/audit data or create, change, approve, deny or delete another user policy through direct endpoints.",REAL_BROWSER; ADMIN_AND_MEMBER; RELOAD; AUDIT_READBACK; NEGATIVE_SERVER,P0,PARTIAL,HISTORICAL_SOURCE_DERIVED,"static/governance.js; api/governance_api.py; api/governance/{loader,resolver,enforce,agent_context,nav,usage,suggestions}.py",WebUI HEAD 451acb916a33d9267713eaf57aba7f93e462993c; engine HEAD 97fbbecd35984d5e28a3482d60a1165121333fc9. Exact tested file fingerprints: evidence/source-provenance.json. Frozen run 20260909-080212-676633000; commits and content fingerprints are distinct provenance. Any explicitly permitted post-run operator additions are recorded separately as post_run_operator_scripts and are not browser-tested source.,test-kit/tests/e2e/full/governance-administration.spec.ts:39 | test-kit/tests/e2e/full/governance-revocation.spec.ts:65,"PASS subset [20260909-080212-676633000]: US-SP-GOV-ADMIN-APPROVAL actual denied route becomes admin approval then grants one route while rejection and replay remain bounded; Actual requester route denial creates a rendered approval. Admin opens its grant explanation and approves one route; requester receives200 only there. A second route is rejected and remains403. Outsider decisions fail403, replay fails409, durable audit and reloaded admin list confirm both outcomes. Other request kinds, requester status UI, denial-reason entry and stale second-tab feedback remain. Frozen source: True; current spec: True; all tested source files unchanged: True. Any permitted new operator scripts have separate provenance and no browser certification. Delivered report: evidence/executed-scenarios.csv (match test title and run ID). | PASS subset [20260909-080212-676633000]: US-SP-GOV-REQUESTER-STATUS retained requester sees pending approved rejected while another account cannot read or decide those requests; Actual denied routes become requester pending rows before any admin visit. Admin approve/reject persists exact scope and audit; retained requester sees correct status/next-action text after refresh and reload. Other-account owner query cannot reveal these rows; both requester self-approval and outsider decisions are403. No administrator rejection-reason input exists. Frozen source: True; current spec: True; all tested source files unchanged: True. Any permitted new operator scripts have separate provenance and no browser certification. Delivered report: evidence/executed-scenarios.csv (match test title and run ID).","Route request rejection, requester final status and absence of the grant are covered. Current _govDecideApproval exposes no administrator reason field; that historical reason-entry criterion requires a product decision."
US-SP-GOV-015,Governance administration and existing approval flows,governance administrator,"As a governance administrator, I want to avoid duplicate approval decisions.",Open one pending request in two admin tabs; decide in A; decide differently in stale B.,One authoritative final decision wins; stale action fails visibly and cannot widen grants.,"A user without governance administration cannot read private policy/audit data or create, change, approve, deny or delete another user policy through direct endpoints.",REAL_BROWSER; ADMIN_AND_MEMBER; RELOAD; AUDIT_READBACK; NEGATIVE_SERVER,P0,PARTIAL,HISTORICAL_SOURCE_DERIVED,"static/governance.js; api/governance_api.py; api/governance/{loader,resolver,enforce,agent_context,nav,usage,suggestions}.py",WebUI HEAD 451acb916a33d9267713eaf57aba7f93e462993c; engine HEAD 97fbbecd35984d5e28a3482d60a1165121333fc9. Exact tested file fingerprints: evidence/source-provenance.json. Frozen run 20260909-080212-676633000; commits and content fingerprints are distinct provenance. Any explicitly permitted post-run operator additions are recorded separately as post_run_operator_scripts and are not browser-tested source.,test-kit/tests/e2e/full/governance-administration.spec.ts:39,"PASS subset [20260909-080212-676633000]: US-SP-GOV-ADMIN-APPROVAL actual denied route becomes admin approval then grants one route while rejection and replay remain bounded; Actual requester route denial creates a rendered approval. Admin opens its grant explanation and approves one route; requester receives200 only there. A second route is rejected and remains403. Outsider decisions fail403, replay fails409, durable audit and reloaded admin list confirm both outcomes. Other request kinds, requester status UI, denial-reason entry and stale second-tab feedback remain. Frozen source: True; current spec: True; all tested source files unchanged: True. Any permitted new operator scripts have separate provenance and no browser certification. Delivered report: evidence/executed-scenarios.csv (match test title and run ID).",Real duplicate decision requests return409 and do not widen grants; two rendered administrator tabs with a stale conflicting action and visible conflict feedback remain.
US-SP-GOV-016,Governance administration and existing approval flows,governance administrator,"As a governance administrator, I want to inspect advice without treating it as approval.",Open a pending request with model/rules advice; expand its source/reason; leave undecided.,Advice is labeled by source and the request remains pending until its configured approval flow decides.,"A user without governance administration cannot read private policy/audit data or create, change, approve, deny or delete another user policy through direct endpoints.",REAL_BROWSER; ADMIN_AND_MEMBER; RELOAD; AUDIT_READBACK; NEGATIVE_SERVER,P0,NOT RUN,HISTORICAL_SOURCE_DERIVED,"static/governance.js; api/governance_api.py; api/governance/{loader,resolver,enforce,agent_context,nav,usage,suggestions}.py",WebUI HEAD 451acb916a33d9267713eaf57aba7f93e462993c; engine HEAD 97fbbecd35984d5e28a3482d60a1165121333fc9. Exact tested file fingerprints: evidence/source-provenance.json. Frozen run 20260909-080212-676633000; commits and content fingerprints are distinct provenance. Any explicitly permitted post-run operator additions are recorded separately as post_run_operator_scripts and are not browser-tested source.,NOT YET MAPPED TO EXECUTED FRONTEND CASE,NONE: no semantically matching actual frontend assertion found in current isolated run reports.,"LOCALLY MISSING: verify current exposure/contract and implement the stated real-browser workflow, fixture and negative path. Historical provenance alone does not establish current availability."
US-SP-GOV-017,Governance administration and existing approval flows,governance administrator,"As a governance administrator, I want to inspect related suggestions.","Expand related access suggestions; approve, deny and ignore separate fixture suggestions.",Each scoped suggestion decision persists separately; route permission and resource permission remain distinct.,"A user without governance administration cannot read private policy/audit data or create, change, approve, deny or delete another user policy through direct endpoints.",REAL_BROWSER; ADMIN_AND_MEMBER; RELOAD; AUDIT_READBACK; NEGATIVE_SERVER,P0,NOT RUN,HISTORICAL_SOURCE_DERIVED,"static/governance.js; api/governance_api.py; api/governance/{loader,resolver,enforce,agent_context,nav,usage,suggestions}.py",WebUI HEAD 451acb916a33d9267713eaf57aba7f93e462993c; engine HEAD 97fbbecd35984d5e28a3482d60a1165121333fc9. Exact tested file fingerprints: evidence/source-provenance.json. Frozen run 20260909-080212-676633000; commits and content fingerprints are distinct provenance. Any explicitly permitted post-run operator additions are recorded separately as post_run_operator_scripts and are not browser-tested source.,NOT YET MAPPED TO EXECUTED FRONTEND CASE,NONE: no semantically matching actual frontend assertion found in current isolated run reports.,"LOCALLY MISSING: verify current exposure/contract and implement the stated real-browser workflow, fixture and negative path. Historical provenance alone does not establish current availability."
US-SP-GOV-018,Governance administration and existing approval flows,governance administrator,"As a governance administrator, I want to manage integration enablement.",Open Governance > Integrations; enable/disable a fixture provider under admin controls; reload user catalog.,Global enablement and per-user connection/runtime grants remain distinct and effective.,"A user without governance administration cannot read private policy/audit data or create, change, approve, deny or delete another user policy through direct endpoints.",REAL_BROWSER; ADMIN_AND_MEMBER; RELOAD; AUDIT_READBACK; NEGATIVE_SERVER,P0,NOT RUN,HISTORICAL_SOURCE_DERIVED,"static/governance.js; api/governance_api.py; api/governance/{loader,resolver,enforce,agent_context,nav,usage,suggestions}.py",WebUI HEAD 451acb916a33d9267713eaf57aba7f93e462993c; engine HEAD 97fbbecd35984d5e28a3482d60a1165121333fc9. Exact tested file fingerprints: evidence/source-provenance.json. Frozen run 20260909-080212-676633000; commits and content fingerprints are distinct provenance. Any explicitly permitted post-run operator additions are recorded separately as post_run_operator_scripts and are not browser-tested source.,NOT YET MAPPED TO EXECUTED FRONTEND CASE,NONE: no semantically matching actual frontend assertion found in current isolated run reports.,"LOCALLY MISSING: verify current exposure/contract and implement the stated real-browser workflow, fixture and negative path. Historical provenance alone does not establish current availability."
US-SP-GOV-019,Governance administration and existing approval flows,governance administrator,"As a governance administrator, I want to filter and refresh audit events.",Open Audit; filter a known fixture identity/action/time window; refresh.,"Only matching authorized events appear with accurate actor, decision and timing.","A user without governance administration cannot read private policy/audit data or create, change, approve, deny or delete another user policy through direct endpoints.",REAL_BROWSER; ADMIN_AND_MEMBER; RELOAD; AUDIT_READBACK; NEGATIVE_SERVER,P0,NOT RUN,HISTORICAL_SOURCE_DERIVED,"static/governance.js; api/governance_api.py; api/governance/{loader,resolver,enforce,agent_context,nav,usage,suggestions}.py",WebUI HEAD 451acb916a33d9267713eaf57aba7f93e462993c; engine HEAD 97fbbecd35984d5e28a3482d60a1165121333fc9. Exact tested file fingerprints: evidence/source-provenance.json. Frozen run 20260909-080212-676633000; commits and content fingerprints are distinct provenance. Any explicitly permitted post-run operator additions are recorded separately as post_run_operator_scripts and are not browser-tested source.,NOT YET MAPPED TO EXECUTED FRONTEND CASE,NONE: no semantically matching actual frontend assertion found in current isolated run reports.,"LOCALLY MISSING: verify current exposure/contract and implement the stated real-browser workflow, fixture and negative path. Historical provenance alone does not establish current availability."
US-SP-GOV-020,Governance administration and existing approval flows,governance administrator,"As a governance administrator, I want to handle policy conflicts and invalid fields.",Open user edit; modify policy elsewhere; submit stale or invalid form data; correct/reload.,Conflict/validation is explicit and the last valid policy remains intact.,"A user without governance administration cannot read private policy/audit data or create, change, approve, deny or delete another user policy through direct endpoints.",REAL_BROWSER; ADMIN_AND_MEMBER; RELOAD; AUDIT_READBACK; NEGATIVE_SERVER,P0,NOT RUN,HISTORICAL_SOURCE_DERIVED,"static/governance.js; api/governance_api.py; api/governance/{loader,resolver,enforce,agent_context,nav,usage,suggestions}.py",WebUI HEAD 451acb916a33d9267713eaf57aba7f93e462993c; engine HEAD 97fbbecd35984d5e28a3482d60a1165121333fc9. Exact tested file fingerprints: evidence/source-provenance.json. Frozen run 20260909-080212-676633000; commits and content fingerprints are distinct provenance. Any explicitly permitted post-run operator additions are recorded separately as post_run_operator_scripts and are not browser-tested source.,NOT YET MAPPED TO EXECUTED FRONTEND CASE,NONE: no semantically matching actual frontend assertion found in current isolated run reports.,"LOCALLY MISSING: verify current exposure/contract and implement the stated real-browser workflow, fixture and negative path. Historical provenance alone does not establish current availability."
US-SP-GOV-021,Governance administration and existing approval flows,capability requester,"As a capability requester, I want to inspect the status and next action for my approval requests.","As requester open My approvals/Access requests; inspect pending, accepted and denied fixtures; reload.",Only that caller's requests and accurate next actions/status are visible.,A requester cannot list others' requests or approve their own unprivileged request.,REAL_BROWSER; TWO_USERS; RELOAD; NEGATIVE_SERVER,P0,PASS,HISTORICAL_SOURCE_DERIVED,"static/governance.js; api/governance_api.py; api/governance/{loader,resolver,enforce,agent_context,nav,usage,suggestions}.py",WebUI HEAD 451acb916a33d9267713eaf57aba7f93e462993c; engine HEAD 97fbbecd35984d5e28a3482d60a1165121333fc9. Exact tested file fingerprints: evidence/source-provenance.json. Frozen run 20260909-080212-676633000; commits and content fingerprints are distinct provenance. Any explicitly permitted post-run operator additions are recorded separately as post_run_operator_scripts and are not browser-tested source.,test-kit/tests/e2e/full/governance-revocation.spec.ts:65 | test-kit/tests/e2e/full/navigation.spec.ts:9,PASS acceptance [20260909-080212-676633000]: US-SP-GOV-REQUESTER-STATUS retained requester sees pending approved rejected while another account cannot read or decide those requests; Actual denied routes become requester pending rows before any admin visit. Admin approve/reject persists exact scope and audit; retained requester sees correct status/next-action text after refresh and reload. Other-account owner query cannot reveal these rows; both requester self-approval and outsider decisions are403. No administrator rejection-reason input exists. Frozen source: True; current spec: True; all tested source files unchanged: True. Any permitted new operator scripts have separate provenance and no browser certification. Delivered report: evidence/executed-scenarios.csv (match test title and run ID). | PASS acceptance [20260909-080212-676633000]: US-SP-GOV-NAV approvals opens through visible navigation; My approvals panel opens as admin; member pending decisions and privacy bounds remain. Frozen source: True; current spec: True; all tested source files unchanged: True. Any permitted new operator scripts have separate provenance and no browser certification. Delivered report: evidence/executed-scenarios.csv (match test title and run ID).,None for this stated acceptance scope. Broader persona/security/device coverage remains in the dedicated catalog stories.
US-SP-GOV-022,Governance administration and existing approval flows,governance administrator,"As a governance administrator, I want to enforce governed navigation.",As a narrow member open settings navigation customization; attempt to re-enable a forbidden tab; use its deep link.,Client preference cannot resurrect a denied capability; APIs still enforce the same denial.,"A user without governance administration cannot read private policy/audit data or create, change, approve, deny or delete another user policy through direct endpoints.",REAL_BROWSER; ADMIN_AND_MEMBER; RELOAD; AUDIT_READBACK; NEGATIVE_SERVER,P0,NOT RUN,HISTORICAL_SOURCE_DERIVED,"static/governance.js; api/governance_api.py; api/governance/{loader,resolver,enforce,agent_context,nav,usage,suggestions}.py",WebUI HEAD 451acb916a33d9267713eaf57aba7f93e462993c; engine HEAD 97fbbecd35984d5e28a3482d60a1165121333fc9. Exact tested file fingerprints: evidence/source-provenance.json. Frozen run 20260909-080212-676633000; commits and content fingerprints are distinct provenance. Any explicitly permitted post-run operator additions are recorded separately as post_run_operator_scripts and are not browser-tested source.,NOT YET MAPPED TO EXECUTED FRONTEND CASE,NONE: no semantically matching actual frontend assertion found in current isolated run reports.,"LOCALLY MISSING: verify current exposure/contract and implement the stated real-browser workflow, fixture and negative path. Historical provenance alone does not establish current availability."
US-SP-POL-001,"Requested RBAC, whitelist/blacklist and automatic approval",governance administrator configuring a user,"As a governance administrator configuring a user, I want to configure role mode and approval independently.","Open user policy; choose role, whitelist/blacklist and manual/automatic flow; Save; reopen.",All three independent selections persist and displayed effective access explains their interaction.,"An unprivileged user or model-generated request cannot alter its role/mode/prompt, override explicit denial, self-elevate or manufacture approval.",REAL_BROWSER; POLICY_FIXTURES; RELOAD; AUDIT_READBACK; NEGATIVE_SERVER,P0,PARTIAL,REQUESTED_NEW_BEHAVIOR,User request dated 2026-09-08; current implementation contract must be reconciled before execution,WebUI HEAD 451acb916a33d9267713eaf57aba7f93e462993c; engine HEAD 97fbbecd35984d5e28a3482d60a1165121333fc9. Exact tested file fingerprints: evidence/source-provenance.json. Frozen run 20260909-080212-676633000; commits and content fingerprints are distinct provenance. Any explicitly permitted post-run operator additions are recorded separately as post_run_operator_scripts and are not browser-tested source.,test-kit/tests/e2e/full/governance-field-roundtrip.spec.ts:183 | test-kit/tests/e2e/full/governance-policy.spec.ts:5 | test-kit/tests/e2e/full/governance-policy.spec.ts:10 | test-kit/tests/e2e/full/governance-policy.spec.ts:44,"PASS subset [20260909-080212-676633000]: US-SP-POL-001 [legacy level-only edit] Keep existing policy retains assigned role access when changing level; Changing only role level retains Keep existing policy and effective assigned-role permissions. Frozen source: True; current spec: True; all tested source files unchanged: True. Any permitted new operator scripts have separate provenance and no browser certification. Delivered report: evidence/executed-scenarios.csv (match test title and run ID). | PASS subset [20260909-080212-676633000]: US-SP-POL-001 new policy defaults to user whitelist manual and renders at desktop and mobile; New-user defaults are user/whitelist/manual; automatic prompt hidden; desktop/mobile controls captured. Frozen source: True; current spec: True; all tested source files unchanged: True. Any permitted new operator scripts have separate provenance and no browser certification. Delivered report: evidence/executed-scenarios.csv (match test title and run ID). | PASS subset [20260909-080212-676633000]: US-SP-POL-RESPONSIVE desktop edits policy prompt and saves accessible last controls after reload; At the named viewport, role/mode/flow/prompt and Save stay within horizontal bounds; real save and reload preserve all four fields, with actual hamburger navigation on mobile. Frozen source: True; current spec: True; all tested source files unchanged: True. Any permitted new operator scripts have separate provenance and no browser certification. Delivered report: evidence/executed-scenarios.csv (match test title and run ID). | PASS subset [20260909-080212-676633000]: US-SP-POL-RESPONSIVE laptop edits policy prompt and saves accessible last controls after reload; At the named viewport, role/mode/flow/prompt and Save stay within horizontal bounds; real save and reload preserve all four fields, with actual hamburger navigation on mobile. Frozen source: True; current spec: True; all tested source files unchanged: True. Any permitted new operator scripts have separate provenance and no browser certification. Delivered report: evidence/executed-scenarios.csv (match test title and run ID). | PASS subset [20260909-080212-676633000]: US-SP-POL-RESPONSIVE mobile edits policy prompt and saves accessible last controls after reload; At the named viewport, role/mode/flow/prompt and Save stay within horizontal bounds; real save and reload preserve all four fields, with actual hamburger navigation on mobile. Frozen source: True; current spec: True; all tested source files unchanged: True. Any permitted new operator scripts have separate provenance and no browser certification. Delivered report: evidence/executed-scenarios.csv (match test title and run ID). | PASS subset [20260909-080212-676633000]: US-SP-POL-004 blacklist elevated automatic policy and narrow denials survive save reload; Blacklist/elevated/automatic selection, per-user prompt and narrow permission/tool denials save and reload. This provisional test ID is not whitelist-revocation story POL-004. Frozen source: True; current spec: True; all tested source files unchanged: True. Any permitted new operator scripts have separate provenance and no browser certification. Delivered report: evidence/executed-scenarios.csv (match test title and run ID).","Remaining listed policy precedence/runtime variants, revision and actor audit evidence, plus applicable self-elevation, exact-scope and denied-dispatch probes."
US-SP-POL-002,"Requested RBAC, whitelist/blacklist and automatic approval",governance administrator configuring a user,"As a governance administrator configuring a user, I want to start an empty whitelist with no capabilities.",Create a user in whitelist mode with no explicit allowed capabilities; sign in as that user; try representative features/tools.,No protected action executes until explicitly allowed; sign-in/help/request-access shell behavior is separately documented.,"An unprivileged user or model-generated request cannot alter its role/mode/prompt, override explicit denial, self-elevate or manufacture approval.",REAL_BROWSER; POLICY_FIXTURES; RELOAD; AUDIT_READBACK; NEGATIVE_SERVER,P0,PARTIAL,REQUESTED_NEW_BEHAVIOR,User request dated 2026-09-08; current implementation contract must be reconciled before execution,WebUI HEAD 451acb916a33d9267713eaf57aba7f93e462993c; engine HEAD 97fbbecd35984d5e28a3482d60a1165121333fc9. Exact tested file fingerprints: evidence/source-provenance.json. Frozen run 20260909-080212-676633000; commits and content fingerprints are distinct provenance. Any explicitly permitted post-run operator additions are recorded separately as post_run_operator_scripts and are not browser-tested source.,test-kit/tests/e2e/full/governance-policy.spec.ts:40 | test-kit/tests/e2e/full/governance-revocation.spec.ts:19,"PASS subset [20260909-080212-676633000]: US-SP-POL-002 whitelist with role but zero direct grant cannot use work APIs; New whitelist with member role and no direct grants gets 403 for sessions, skills and profiles in separate browser. Frozen source: True; current spec: True; all tested source files unchanged: True. Any permitted new operator scripts have separate provenance and no browser certification. Delivered report: evidence/executed-scenarios.csv (match test title and run ID). | PASS subset [20260909-080212-676633000]: US-SP-POL-REVOKE-WHITELIST direct skill grant permits actual browser read then removal denies retained-session requests; Administrator changes Bob to an empty whitelist; protected skill calls are403. Frontend precise skill grant permits actual catalog/detail read while sessions remains403. Removing the grant then gives403 from a clicked cached skill and direct API in the retained signed session; catalog filters the skill and policy audit records changed revision. Frozen source: True; current spec: True; all tested source files unchanged: True. Any permitted new operator scripts have separate provenance and no browser certification. Delivered report: evidence/executed-scenarios.csv (match test title and run ID).","Remaining listed policy precedence/runtime variants, revision and actor audit evidence, plus applicable self-elevation, exact-scope and denied-dispatch probes."
US-SP-POL-003,"Requested RBAC, whitelist/blacklist and automatic approval",governance administrator configuring a user,"As a governance administrator configuring a user, I want to allow one whitelist capability.",Grant a precise fixture capability; Save; as user perform it and a neighboring unlisted action.,Only the specified capability and documented prerequisites become usable.,"An unprivileged user or model-generated request cannot alter its role/mode/prompt, override explicit denial, self-elevate or manufacture approval.",REAL_BROWSER; POLICY_FIXTURES; RELOAD; AUDIT_READBACK; NEGATIVE_SERVER,P0,PARTIAL,REQUESTED_NEW_BEHAVIOR,User request dated 2026-09-08; current implementation contract must be reconciled before execution,WebUI HEAD 451acb916a33d9267713eaf57aba7f93e462993c; engine HEAD 97fbbecd35984d5e28a3482d60a1165121333fc9. Exact tested file fingerprints: evidence/source-provenance.json. Frozen run 20260909-080212-676633000; commits and content fingerprints are distinct provenance. Any explicitly permitted post-run operator additions are recorded separately as post_run_operator_scripts and are not browser-tested source.,test-kit/tests/e2e/full/governance-administration.spec.ts:39 | test-kit/tests/e2e/full/governance-revocation.spec.ts:19,"PASS subset [20260909-080212-676633000]: US-SP-GOV-ADMIN-APPROVAL actual denied route becomes admin approval then grants one route while rejection and replay remain bounded; Actual requester route denial creates a rendered approval. Admin opens its grant explanation and approves one route; requester receives200 only there. A second route is rejected and remains403. Outsider decisions fail403, replay fails409, durable audit and reloaded admin list confirm both outcomes. Other request kinds, requester status UI, denial-reason entry and stale second-tab feedback remain. Frozen source: True; current spec: True; all tested source files unchanged: True. Any permitted new operator scripts have separate provenance and no browser certification. Delivered report: evidence/executed-scenarios.csv (match test title and run ID). | PASS subset [20260909-080212-676633000]: US-SP-POL-REVOKE-WHITELIST direct skill grant permits actual browser read then removal denies retained-session requests; Administrator changes Bob to an empty whitelist; protected skill calls are403. Frontend precise skill grant permits actual catalog/detail read while sessions remains403. Removing the grant then gives403 from a clicked cached skill and direct API in the retained signed session; catalog filters the skill and policy audit records changed revision. Frozen source: True; current spec: True; all tested source files unchanged: True. Any permitted new operator scripts have separate provenance and no browser certification. Delivered report: evidence/executed-scenarios.csv (match test title and run ID).","Remaining listed policy precedence/runtime variants, revision and actor audit evidence, plus applicable self-elevation, exact-scope and denied-dispatch probes."
US-SP-POL-004,"Requested RBAC, whitelist/blacklist and automatic approval",governance administrator configuring a user,"As a governance administrator configuring a user, I want to revoke a whitelist capability.",Remove the allowed entry while the user retains its tab/cookie; retry UI/API/runtime.,The revoked capability stops working immediately and prior grants are not cached as authority.,"An unprivileged user or model-generated request cannot alter its role/mode/prompt, override explicit denial, self-elevate or manufacture approval.",REAL_BROWSER; POLICY_FIXTURES; RELOAD; AUDIT_READBACK; NEGATIVE_SERVER,P0,PARTIAL,REQUESTED_NEW_BEHAVIOR,User request dated 2026-09-08; current implementation contract must be reconciled before execution,WebUI HEAD 451acb916a33d9267713eaf57aba7f93e462993c; engine HEAD 97fbbecd35984d5e28a3482d60a1165121333fc9. Exact tested file fingerprints: evidence/source-provenance.json. Frozen run 20260909-080212-676633000; commits and content fingerprints are distinct provenance. Any explicitly permitted post-run operator additions are recorded separately as post_run_operator_scripts and are not browser-tested source.,test-kit/tests/e2e/full/governance-revocation.spec.ts:19,PASS subset [20260909-080212-676633000]: US-SP-POL-REVOKE-WHITELIST direct skill grant permits actual browser read then removal denies retained-session requests; Administrator changes Bob to an empty whitelist; protected skill calls are403. Frontend precise skill grant permits actual catalog/detail read while sessions remains403. Removing the grant then gives403 from a clicked cached skill and direct API in the retained signed session; catalog filters the skill and policy audit records changed revision. Frozen source: True; current spec: True; all tested source files unchanged: True. Any permitted new operator scripts have separate provenance and no browser certification. Delivered report: evidence/executed-scenarios.csv (match test title and run ID).,"Remaining listed policy precedence/runtime variants, revision and actor audit evidence, plus applicable self-elevation, exact-scope and denied-dispatch probes."
US-SP-POL-005,"Requested RBAC, whitelist/blacklist and automatic approval",governance administrator configuring a user,"As a governance administrator configuring a user, I want to start blacklist mode broadly enabled.","Assign Blacklist to a fixture user with a documented ordinary, elevated or admin RBAC ceiling and no denies; reload; exercise permitted actions and forbidden administrator actions.",Unlisted actions inside the assigned role and resource ceiling succeed; blacklist does not invent new role grants or bypass protected administrator powers.,"An unprivileged user or model-generated request cannot alter its role/mode/prompt, override explicit denial, self-elevate or manufacture approval.",REAL_BROWSER; POLICY_FIXTURES; RELOAD; AUDIT_READBACK; NEGATIVE_SERVER,P0,PARTIAL,REQUESTED_NEW_BEHAVIOR,User request dated 2026-09-08; current implementation contract must be reconciled before execution,WebUI HEAD 451acb916a33d9267713eaf57aba7f93e462993c; engine HEAD 97fbbecd35984d5e28a3482d60a1165121333fc9. Exact tested file fingerprints: evidence/source-provenance.json. Frozen run 20260909-080212-676633000; commits and content fingerprints are distinct provenance. Any explicitly permitted post-run operator additions are recorded separately as post_run_operator_scripts and are not browser-tested source.,test-kit/tests/e2e/full/governance-revocation.spec.ts:36 | test-kit/tests/e2e/full/governance-revocation.spec.ts:50,"PASS subset [20260909-080212-676633000]: US-SP-POL-REVOKE-BLACKLIST group wildcard cannot override direct denial and clearing denial restores the same signed session; Role/group/direct skill allow conflicts with a saved direct blacklist deny; rendered Preview names that deny and group, actual skill read403 while unrelated sessions200. Clearing deny permits exact skill contents in the same browser; governance stays403 and saved revision change is audited. Frozen source: True; current spec: True; all tested source files unchanged: True. Any permitted new operator scripts have separate provenance and no browser certification. Delivered report: evidence/executed-scenarios.csv (match test title and run ID). | PASS subset [20260909-080212-676633000]: US-SP-POL-REVOKE-LEVELS user elevated and admin choices persist while only explicit admin can administer policy; Rendered user/elevated/admin/user changes persist. Same signed browser can configure the model only at elevated/admin, can read governance only at explicit admin, and cannot self-elevate from user/elevated. Final downgrade revokes administrator access and has an audited revision. Frozen source: True; current spec: True; all tested source files unchanged: True. Any permitted new operator scripts have separate provenance and no browser certification. Delivered report: evidence/executed-scenarios.csv (match test title and run ID).","Remaining listed policy precedence/runtime variants, revision and actor audit evidence, plus applicable self-elevation, exact-scope and denied-dispatch probes."
US-SP-POL-006,"Requested RBAC, whitelist/blacklist and automatic approval",governance administrator configuring a user,"As a governance administrator configuring a user, I want to deny one blacklist capability.",Add a precise capability to a blacklist; Save; perform that action and an unrelated one as user.,The blocked action is denied while the unrelated action remains usable.,"An unprivileged user or model-generated request cannot alter its role/mode/prompt, override explicit denial, self-elevate or manufacture approval.",REAL_BROWSER; POLICY_FIXTURES; RELOAD; AUDIT_READBACK; NEGATIVE_SERVER,P0,PARTIAL,REQUESTED_NEW_BEHAVIOR,User request dated 2026-09-08; current implementation contract must be reconciled before execution,WebUI HEAD 451acb916a33d9267713eaf57aba7f93e462993c; engine HEAD 97fbbecd35984d5e28a3482d60a1165121333fc9. Exact tested file fingerprints: evidence/source-provenance.json. Frozen run 20260909-080212-676633000; commits and content fingerprints are distinct provenance. Any explicitly permitted post-run operator additions are recorded separately as post_run_operator_scripts and are not browser-tested source.,test-kit/tests/e2e/full/governance-policy.spec.ts:44 | test-kit/tests/e2e/full/governance-revocation.spec.ts:36 | test-kit/tests/e2e/full/resource-security.spec.ts:3,"PASS subset [20260909-080212-676633000]: US-SP-POL-004 blacklist elevated automatic policy and narrow denials survive save reload; Blacklist/elevated/automatic selection, per-user prompt and narrow permission/tool denials save and reload. This provisional test ID is not whitelist-revocation story POL-004. Frozen source: True; current spec: True; all tested source files unchanged: True. Any permitted new operator scripts have separate provenance and no browser certification. Delivered report: evidence/executed-scenarios.csv (match test title and run ID). | PASS subset [20260909-080212-676633000]: US-SP-POL-REVOKE-BLACKLIST group wildcard cannot override direct denial and clearing denial restores the same signed session; Role/group/direct skill allow conflicts with a saved direct blacklist deny; rendered Preview names that deny and group, actual skill read403 while unrelated sessions200. Clearing deny permits exact skill contents in the same browser; governance stays403 and saved revision change is audited. Frozen source: True; current spec: True; all tested source files unchanged: True. Any permitted new operator scripts have separate provenance and no browser certification. Delivered report: evidence/executed-scenarios.csv (match test title and run ID). | PASS subset [20260909-080212-676633000]: US-SP-POL-RESOURCE resource denials saved in frontend block real named skill settings and model API bypasses; Admin saves named skill/model/provider/settings denials via real frontend; second browser receives 10 expected direct-route 403s, catalogs hide denied resources, protected state remains unchanged. These are negative-path supplements only. Frozen source: True; current spec: True; all tested source files unchanged: True. Any permitted new operator scripts have separate provenance and no browser certification. Delivered report: evidence/executed-scenarios.csv (match test title and run ID).","Remaining listed policy precedence/runtime variants, revision and actor audit evidence, plus applicable self-elevation, exact-scope and denied-dispatch probes."
US-SP-POL-007,"Requested RBAC, whitelist/blacklist and automatic approval",governance administrator configuring a user,"As a governance administrator configuring a user, I want to remove a blacklist restriction.",Remove one denied entry; Save; retry as the same retained user session.,The formerly blocked action becomes available under the documented role/mode rules.,"An unprivileged user or model-generated request cannot alter its role/mode/prompt, override explicit denial, self-elevate or manufacture approval.",REAL_BROWSER; POLICY_FIXTURES; RELOAD; AUDIT_READBACK; NEGATIVE_SERVER,P0,PARTIAL,REQUESTED_NEW_BEHAVIOR,User request dated 2026-09-08; current implementation contract must be reconciled before execution,WebUI HEAD 451acb916a33d9267713eaf57aba7f93e462993c; engine HEAD 97fbbecd35984d5e28a3482d60a1165121333fc9. Exact tested file fingerprints: evidence/source-provenance.json. Frozen run 20260909-080212-676633000; commits and content fingerprints are distinct provenance. Any explicitly permitted post-run operator additions are recorded separately as post_run_operator_scripts and are not browser-tested source.,test-kit/tests/e2e/full/governance-revocation.spec.ts:36,"PASS subset [20260909-080212-676633000]: US-SP-POL-REVOKE-BLACKLIST group wildcard cannot override direct denial and clearing denial restores the same signed session; Role/group/direct skill allow conflicts with a saved direct blacklist deny; rendered Preview names that deny and group, actual skill read403 while unrelated sessions200. Clearing deny permits exact skill contents in the same browser; governance stays403 and saved revision change is audited. Frozen source: True; current spec: True; all tested source files unchanged: True. Any permitted new operator scripts have separate provenance and no browser certification. Delivered report: evidence/executed-scenarios.csv (match test title and run ID).","Remaining listed policy precedence/runtime variants, revision and actor audit evidence, plus applicable self-elevation, exact-scope and denied-dispatch probes."
US-SP-POL-008,"Requested RBAC, whitelist/blacklist and automatic approval",governance administrator configuring a user,"As a governance administrator configuring a user, I want to enforce denial over conflicting grants.",Seed role/group/direct allow and explicit deny for the same capability; save; preview; execute.,"The explicit denial wins at UI, API and runtime enforcement points.","An unprivileged user or model-generated request cannot alter its role/mode/prompt, override explicit denial, self-elevate or manufacture approval.",REAL_BROWSER; POLICY_FIXTURES; RELOAD; AUDIT_READBACK; NEGATIVE_SERVER,P0,PARTIAL,REQUESTED_NEW_BEHAVIOR,User request dated 2026-09-08; current implementation contract must be reconciled before execution,WebUI HEAD 451acb916a33d9267713eaf57aba7f93e462993c; engine HEAD 97fbbecd35984d5e28a3482d60a1165121333fc9. Exact tested file fingerprints: evidence/source-provenance.json. Frozen run 20260909-080212-676633000; commits and content fingerprints are distinct provenance. Any explicitly permitted post-run operator additions are recorded separately as post_run_operator_scripts and are not browser-tested source.,test-kit/tests/e2e/full/governance-revocation.spec.ts:36 | test-kit/tests/e2e/full/resource-security.spec.ts:3,"PASS subset [20260909-080212-676633000]: US-SP-POL-REVOKE-BLACKLIST group wildcard cannot override direct denial and clearing denial restores the same signed session; Role/group/direct skill allow conflicts with a saved direct blacklist deny; rendered Preview names that deny and group, actual skill read403 while unrelated sessions200. Clearing deny permits exact skill contents in the same browser; governance stays403 and saved revision change is audited. Frozen source: True; current spec: True; all tested source files unchanged: True. Any permitted new operator scripts have separate provenance and no browser certification. Delivered report: evidence/executed-scenarios.csv (match test title and run ID). | PASS subset [20260909-080212-676633000]: US-SP-POL-RESOURCE resource denials saved in frontend block real named skill settings and model API bypasses; Admin saves named skill/model/provider/settings denials via real frontend; second browser receives 10 expected direct-route 403s, catalogs hide denied resources, protected state remains unchanged. These are negative-path supplements only. Frozen source: True; current spec: True; all tested source files unchanged: True. Any permitted new operator scripts have separate provenance and no browser certification. Delivered report: evidence/executed-scenarios.csv (match test title and run ID).","Remaining listed policy precedence/runtime variants, revision and actor audit evidence, plus applicable self-elevation, exact-scope and denied-dispatch probes."
US-SP-POL-009,"Requested RBAC, whitelist/blacklist and automatic approval",governance administrator configuring a user,"As a governance administrator configuring a user, I want to switch whitelist to blacklist.",Save a user in whitelist mode; record effective rights; change to blacklist; review and save.,The UI clearly previews the widening change and persisted effective access matches the selected mode without stale grants.,"An unprivileged user or model-generated request cannot alter its role/mode/prompt, override explicit denial, self-elevate or manufacture approval.",REAL_BROWSER; POLICY_FIXTURES; RELOAD; AUDIT_READBACK; NEGATIVE_SERVER,P0,NOT RUN,REQUESTED_NEW_BEHAVIOR,User request dated 2026-09-08; current implementation contract must be reconciled before execution,WebUI HEAD 451acb916a33d9267713eaf57aba7f93e462993c; engine HEAD 97fbbecd35984d5e28a3482d60a1165121333fc9. Exact tested file fingerprints: evidence/source-provenance.json. Frozen run 20260909-080212-676633000; commits and content fingerprints are distinct provenance. Any explicitly permitted post-run operator additions are recorded separately as post_run_operator_scripts and are not browser-tested source.,NOT YET MAPPED TO EXECUTED FRONTEND CASE,NONE: no semantically matching actual frontend assertion found in current isolated run reports.,"LOCALLY MISSING: verify current exposure/contract and implement the stated real-browser workflow, fixture and negative path. Historical provenance alone does not establish current availability."
US-SP-POL-010,"Requested RBAC, whitelist/blacklist and automatic approval",governance administrator configuring a user,"As a governance administrator configuring a user, I want to switch blacklist to whitelist.",Save blacklist policy; switch to whitelist with explicit selected grants; inspect current tabs and workers.,All unlisted capabilities become denied immediately and previous broad access cannot survive in cache.,"An unprivileged user or model-generated request cannot alter its role/mode/prompt, override explicit denial, self-elevate or manufacture approval.",REAL_BROWSER; POLICY_FIXTURES; RELOAD; AUDIT_READBACK; NEGATIVE_SERVER,P0,NOT RUN,REQUESTED_NEW_BEHAVIOR,User request dated 2026-09-08; current implementation contract must be reconciled before execution,WebUI HEAD 451acb916a33d9267713eaf57aba7f93e462993c; engine HEAD 97fbbecd35984d5e28a3482d60a1165121333fc9. Exact tested file fingerprints: evidence/source-provenance.json. Frozen run 20260909-080212-676633000; commits and content fingerprints are distinct provenance. Any explicitly permitted post-run operator additions are recorded separately as post_run_operator_scripts and are not browser-tested source.,NOT YET MAPPED TO EXECUTED FRONTEND CASE,NONE: no semantically matching actual frontend assertion found in current isolated run reports.,"LOCALLY MISSING: verify current exposure/contract and implement the stated real-browser workflow, fixture and negative path. Historical provenance alone does not establish current availability."
US-SP-POL-011,"Requested RBAC, whitelist/blacklist and automatic approval",governance administrator configuring a user,"As a governance administrator configuring a user, I want to assign ordinary elevated and admin roles.","Create one fixture user per supported role; sign into each; exercise member, elevated and governance-admin actions.",The documented role hierarchy is enforced consistently and elevated is not silently equivalent to policy administrator.,"An unprivileged user or model-generated request cannot alter its role/mode/prompt, override explicit denial, self-elevate or manufacture approval.",REAL_BROWSER; POLICY_FIXTURES; RELOAD; AUDIT_READBACK; NEGATIVE_SERVER,P0,PARTIAL,REQUESTED_NEW_BEHAVIOR,User request dated 2026-09-08; current implementation contract must be reconciled before execution,WebUI HEAD 451acb916a33d9267713eaf57aba7f93e462993c; engine HEAD 97fbbecd35984d5e28a3482d60a1165121333fc9. Exact tested file fingerprints: evidence/source-provenance.json. Frozen run 20260909-080212-676633000; commits and content fingerprints are distinct provenance. Any explicitly permitted post-run operator additions are recorded separately as post_run_operator_scripts and are not browser-tested source.,test-kit/tests/e2e/full/governance-revocation.spec.ts:50,"PASS subset [20260909-080212-676633000]: US-SP-POL-REVOKE-LEVELS user elevated and admin choices persist while only explicit admin can administer policy; Rendered user/elevated/admin/user changes persist. Same signed browser can configure the model only at elevated/admin, can read governance only at explicit admin, and cannot self-elevate from user/elevated. Final downgrade revokes administrator access and has an audited revision. Frozen source: True; current spec: True; all tested source files unchanged: True. Any permitted new operator scripts have separate provenance and no browser certification. Delivered report: evidence/executed-scenarios.csv (match test title and run ID).","Remaining listed policy precedence/runtime variants, revision and actor audit evidence, plus applicable self-elevation, exact-scope and denied-dispatch probes."
US-SP-POL-012,"Requested RBAC, whitelist/blacklist and automatic approval",governance administrator configuring a user,"As a governance administrator configuring a user, I want to prevent self-elevation.",As ordinary/elevated user open or forge own policy edits for role/mode/prompt/approval flow.,No unauthorized policy change persists and the attempt is denied/audited.,"An unprivileged user or model-generated request cannot alter its role/mode/prompt, override explicit denial, self-elevate or manufacture approval.",REAL_BROWSER; POLICY_FIXTURES; RELOAD; AUDIT_READBACK; NEGATIVE_SERVER,P0,PARTIAL,REQUESTED_NEW_BEHAVIOR,User request dated 2026-09-08; current implementation contract must be reconciled before execution,WebUI HEAD 451acb916a33d9267713eaf57aba7f93e462993c; engine HEAD 97fbbecd35984d5e28a3482d60a1165121333fc9. Exact tested file fingerprints: evidence/source-provenance.json. Frozen run 20260909-080212-676633000; commits and content fingerprints are distinct provenance. Any explicitly permitted post-run operator additions are recorded separately as post_run_operator_scripts and are not browser-tested source.,test-kit/tests/e2e/full/governance-administration.spec.ts:28 | test-kit/tests/e2e/full/governance-revocation.spec.ts:50,"PASS subset [20260909-080212-676633000]: US-SP-GOV-ADMIN-USERS role and group assignment persists cancel preserves policy and assigned group cannot be deleted; An outsider cannot submit an admin-level policy update; authoritative user policy remains unchanged. Own ordinary/elevated identity variants and audited attempt evidence remain. Frozen source: True; current spec: True; all tested source files unchanged: True. Any permitted new operator scripts have separate provenance and no browser certification. Delivered report: evidence/executed-scenarios.csv (match test title and run ID). | PASS subset [20260909-080212-676633000]: US-SP-POL-REVOKE-LEVELS user elevated and admin choices persist while only explicit admin can administer policy; Rendered user/elevated/admin/user changes persist. Same signed browser can configure the model only at elevated/admin, can read governance only at explicit admin, and cannot self-elevate from user/elevated. Final downgrade revokes administrator access and has an audited revision. Frozen source: True; current spec: True; all tested source files unchanged: True. Any permitted new operator scripts have separate provenance and no browser certification. Delivered report: evidence/executed-scenarios.csv (match test title and run ID).","Remaining listed policy precedence/runtime variants, revision and actor audit evidence, plus applicable self-elevation, exact-scope and denied-dispatch probes."
US-SP-POL-013,"Requested RBAC, whitelist/blacklist and automatic approval",governance administrator configuring a user,"As a governance administrator configuring a user, I want to preserve the last recoverable administrator.",Attempt to remove or downgrade the final configured/bootstrap administrator in an isolated fixture.,The product's explicit last-admin recovery rule is honored and clearly surfaced; no silent irreversible lockout occurs.,"An unprivileged user or model-generated request cannot alter its role/mode/prompt, override explicit denial, self-elevate or manufacture approval.",REAL_BROWSER; POLICY_FIXTURES; RELOAD; AUDIT_READBACK; NEGATIVE_SERVER,P0,PARTIAL,REQUESTED_NEW_BEHAVIOR,User request dated 2026-09-08; current implementation contract must be reconciled before execution,WebUI HEAD 451acb916a33d9267713eaf57aba7f93e462993c; engine HEAD 97fbbecd35984d5e28a3482d60a1165121333fc9. Exact tested file fingerprints: evidence/source-provenance.json. Frozen run 20260909-080212-676633000; commits and content fingerprints are distinct provenance. Any explicitly permitted post-run operator additions are recorded separately as post_run_operator_scripts and are not browser-tested source.,test-kit/tests/e2e/full/governance-field-roundtrip.spec.ts:170,PASS subset [20260909-080212-676633000]: US-SP-POL-013 [bootstrap affordance] typing a recovery admin identity explains and locks ineffective restrictions; Typing bootstrap administrator shows recovery notice and disables ineffective restrictions; destructive last-admin scenario remains. Frozen source: True; current spec: True; all tested source files unchanged: True. Any permitted new operator scripts have separate provenance and no browser certification. Delivered report: evidence/executed-scenarios.csv (match test title and run ID).,"Remaining listed policy precedence/runtime variants, revision and actor audit evidence, plus applicable self-elevation, exact-scope and denied-dispatch probes."
US-SP-POL-014,"Requested RBAC, whitelist/blacklist and automatic approval",governance administrator configuring a user,"As a governance administrator configuring a user, I want to save a per-user natural-language policy.",Enter a fixture prompt describing allowed and disallowed actions; Save; reopen user policy.,The exact intended prompt/revision persists only for the selected user and is visible to authorized administrators.,"An unprivileged user or model-generated request cannot alter its role/mode/prompt, override explicit denial, self-elevate or manufacture approval.",REAL_BROWSER; POLICY_FIXTURES; RELOAD; AUDIT_READBACK; NEGATIVE_SERVER,P0,PARTIAL,REQUESTED_NEW_BEHAVIOR,User request dated 2026-09-08; current implementation contract must be reconciled before execution,WebUI HEAD 451acb916a33d9267713eaf57aba7f93e462993c; engine HEAD 97fbbecd35984d5e28a3482d60a1165121333fc9. Exact tested file fingerprints: evidence/source-provenance.json. Frozen run 20260909-080212-676633000; commits and content fingerprints are distinct provenance. Any explicitly permitted post-run operator additions are recorded separately as post_run_operator_scripts and are not browser-tested source.,test-kit/tests/e2e/full/governance-policy.spec.ts:10 | test-kit/tests/e2e/full/governance-policy.spec.ts:31 | test-kit/tests/e2e/full/governance-policy.spec.ts:44,"PASS subset [20260909-080212-676633000]: US-SP-POL-RESPONSIVE desktop edits policy prompt and saves accessible last controls after reload; At the named viewport, role/mode/flow/prompt and Save stay within horizontal bounds; real save and reload preserve all four fields, with actual hamburger navigation on mobile. Frozen source: True; current spec: True; all tested source files unchanged: True. Any permitted new operator scripts have separate provenance and no browser certification. Delivered report: evidence/executed-scenarios.csv (match test title and run ID). | PASS subset [20260909-080212-676633000]: US-SP-POL-RESPONSIVE laptop edits policy prompt and saves accessible last controls after reload; At the named viewport, role/mode/flow/prompt and Save stay within horizontal bounds; real save and reload preserve all four fields, with actual hamburger navigation on mobile. Frozen source: True; current spec: True; all tested source files unchanged: True. Any permitted new operator scripts have separate provenance and no browser certification. Delivered report: evidence/executed-scenarios.csv (match test title and run ID). | PASS subset [20260909-080212-676633000]: US-SP-POL-RESPONSIVE mobile edits policy prompt and saves accessible last controls after reload; At the named viewport, role/mode/flow/prompt and Save stay within horizontal bounds; real save and reload preserve all four fields, with actual hamburger navigation on mobile. Frozen source: True; current spec: True; all tested source files unchanged: True. Any permitted new operator scripts have separate provenance and no browser certification. Delivered report: evidence/executed-scenarios.csv (match test title and run ID). | PASS subset [20260909-080212-676633000]: US-SP-POL-VALIDATION automatic without policy prompt rejects before mutation; Automatic mode without prompt is rejected through frontend and no user entry is persisted. Frozen source: True; current spec: True; all tested source files unchanged: True. Any permitted new operator scripts have separate provenance and no browser certification. Delivered report: evidence/executed-scenarios.csv (match test title and run ID). | PASS subset [20260909-080212-676633000]: US-SP-POL-004 blacklist elevated automatic policy and narrow denials survive save reload; Blacklist/elevated/automatic selection, per-user prompt and narrow permission/tool denials save and reload. This provisional test ID is not whitelist-revocation story POL-004. Frozen source: True; current spec: True; all tested source files unchanged: True. Any permitted new operator scripts have separate provenance and no browser certification. Delivered report: evidence/executed-scenarios.csv (match test title and run ID).","Remaining listed policy precedence/runtime variants, revision and actor audit evidence, plus applicable self-elevation, exact-scope and denied-dispatch probes."
US-SP-POL-015,"Requested RBAC, whitelist/blacklist and automatic approval",governance administrator configuring a user,"As a governance administrator configuring a user, I want to keep manual approval pending.",Choose Manual; as the owning signed-in user trigger one otherwise-permitted fixture tool action; inspect the pending card before responding.,The action remains parked with no side effect and offers only Allow once or Deny; capability expansion still requires governance administration.,Another signed-in user cannot accept the owner-bound pending action; session/permanent/skip-all choices are refused; no one-shot action decision can add a grant or override an explicit denial.,REAL_BROWSER; POLICY_FIXTURES; RELOAD; AUDIT_READBACK; NEGATIVE_SERVER,P0,PARTIAL,REQUESTED_NEW_BEHAVIOR,User request dated 2026-09-08; current implementation contract must be reconciled before execution,WebUI HEAD 451acb916a33d9267713eaf57aba7f93e462993c; engine HEAD 97fbbecd35984d5e28a3482d60a1165121333fc9. Exact tested file fingerprints: evidence/source-provenance.json. Frozen run 20260909-080212-676633000; commits and content fingerprints are distinct provenance. Any explicitly permitted post-run operator additions are recorded separately as post_run_operator_scripts and are not browser-tested source.,test-kit/tests/e2e/full/governance-runtime.spec.ts:20 | test-kit/tests/e2e/full/realtime-voice.spec.ts:158,"PASS subset [20260909-080212-676633000]: US-SP-POL-RUNTIME-manualapprove parked action waits for real frontend once decision; Actual file action waits with no file effect; requester visible Allow once releases exact write and removes approval card. Separate administrator approval/reload/audit remain. Frozen source: True; current spec: True; all tested source files unchanged: True. Any permitted new operator scripts have separate provenance and no browser certification. Delivered report: evidence/executed-scenarios.csv (match test title and run ID). | PASS subset [20260909-080212-676633000]: US-SP-POL-RUNTIME-manualdeny parked action waits for real frontend deny decision; Actual file action waits with no effect; requester Deny prevents write and removes approval card. Separate approver and durable audit remain. Frozen source: True; current spec: True; all tested source files unchanged: True. Any permitted new operator scripts have separate provenance and no browser certification. Delivered report: evidence/executed-scenarios.csv (match test title and run ID). | PASS subset [20260909-080212-676633000]: US-SP-VOICE-REALTIME-ONCE governed native action waits for exact child approval while voice stays open; Mobile voice child tool remains effect-free while pending; exact child session and approval identifier reach the real Allow once endpoint, and only then does the file exist. Voice continues during review; original broad reload/replay variants remain. Frozen source: True; current spec: True; all tested source files unchanged: True. Any permitted new operator scripts have separate provenance and no browser certification. Delivered report: evidence/executed-scenarios.csv (match test title and run ID). | PASS subset [20260909-080212-676633000]: US-SP-VOICE-REALTIME-DENY governed native action waits for exact child approval while voice stays open; Mobile voice Deny targets the exact child approval; task returns actual denied tool result, file stays absent and voice continues. Retry and changed-argument variants remain. Frozen source: True; current spec: True; all tested source files unchanged: True. Any permitted new operator scripts have separate provenance and no browser certification. Delivered report: evidence/executed-scenarios.csv (match test title and run ID).","Remaining listed policy precedence/runtime variants, revision and actor audit evidence, plus applicable self-elevation, exact-scope and denied-dispatch probes."
US-SP-POL-016,"Requested RBAC, whitelist/blacklist and automatic approval",governance administrator configuring a user,"As a governance administrator configuring a user, I want to resume a manually approved action.",As the requester/session owner trigger one otherwise-permitted gated fixture tool action; choose Allow once in that session; reload and inspect the result.,Only that exact already-permitted action resumes once and its final status is durable; manual acceptance cannot add capabilities or override a denial.,Another signed-in user cannot accept the owner-bound pending action; session/permanent/skip-all choices are refused; no one-shot action decision can add a grant or override an explicit denial.,REAL_BROWSER; POLICY_FIXTURES; RELOAD; AUDIT_READBACK; NEGATIVE_SERVER,P0,PARTIAL,REQUESTED_NEW_BEHAVIOR,User request dated 2026-09-08; current implementation contract must be reconciled before execution,WebUI HEAD 451acb916a33d9267713eaf57aba7f93e462993c; engine HEAD 97fbbecd35984d5e28a3482d60a1165121333fc9. Exact tested file fingerprints: evidence/source-provenance.json. Frozen run 20260909-080212-676633000; commits and content fingerprints are distinct provenance. Any explicitly permitted post-run operator additions are recorded separately as post_run_operator_scripts and are not browser-tested source.,test-kit/tests/e2e/full/governance-runtime.spec.ts:20 | test-kit/tests/e2e/full/realtime-voice.spec.ts:158,"PASS subset [20260909-080212-676633000]: US-SP-POL-RUNTIME-manualapprove parked action waits for real frontend once decision; Actual file action waits with no file effect; requester visible Allow once releases exact write and removes approval card. Separate administrator approval/reload/audit remain. Frozen source: True; current spec: True; all tested source files unchanged: True. Any permitted new operator scripts have separate provenance and no browser certification. Delivered report: evidence/executed-scenarios.csv (match test title and run ID). | PASS subset [20260909-080212-676633000]: US-SP-VOICE-REALTIME-ONCE governed native action waits for exact child approval while voice stays open; Mobile voice child tool remains effect-free while pending; exact child session and approval identifier reach the real Allow once endpoint, and only then does the file exist. Voice continues during review; original broad reload/replay variants remain. Frozen source: True; current spec: True; all tested source files unchanged: True. Any permitted new operator scripts have separate provenance and no browser certification. Delivered report: evidence/executed-scenarios.csv (match test title and run ID).","Remaining listed policy precedence/runtime variants, revision and actor audit evidence, plus applicable self-elevation, exact-scope and denied-dispatch probes."
US-SP-POL-017,"Requested RBAC, whitelist/blacklist and automatic approval",governance administrator configuring a user,"As a governance administrator configuring a user, I want to block a manually denied action.",As the requester/session owner trigger one otherwise-permitted gated fixture tool action; choose Deny; reload and retry the denied request.,The tool side effect remains absent; the decision is durable and cannot be reused for another action.,Another signed-in user cannot accept the owner-bound pending action; session/permanent/skip-all choices are refused; no one-shot action decision can add a grant or override an explicit denial.,REAL_BROWSER; POLICY_FIXTURES; RELOAD; AUDIT_READBACK; NEGATIVE_SERVER,P0,PARTIAL,REQUESTED_NEW_BEHAVIOR,User request dated 2026-09-08; current implementation contract must be reconciled before execution,WebUI HEAD 451acb916a33d9267713eaf57aba7f93e462993c; engine HEAD 97fbbecd35984d5e28a3482d60a1165121333fc9. Exact tested file fingerprints: evidence/source-provenance.json. Frozen run 20260909-080212-676633000; commits and content fingerprints are distinct provenance. Any explicitly permitted post-run operator additions are recorded separately as post_run_operator_scripts and are not browser-tested source.,test-kit/tests/e2e/full/governance-runtime.spec.ts:20 | test-kit/tests/e2e/full/realtime-voice.spec.ts:158,"PASS subset [20260909-080212-676633000]: US-SP-POL-RUNTIME-manualdeny parked action waits for real frontend deny decision; Actual file action waits with no effect; requester Deny prevents write and removes approval card. Separate approver and durable audit remain. Frozen source: True; current spec: True; all tested source files unchanged: True. Any permitted new operator scripts have separate provenance and no browser certification. Delivered report: evidence/executed-scenarios.csv (match test title and run ID). | PASS subset [20260909-080212-676633000]: US-SP-VOICE-REALTIME-DENY governed native action waits for exact child approval while voice stays open; Mobile voice Deny targets the exact child approval; task returns actual denied tool result, file stays absent and voice continues. Retry and changed-argument variants remain. Frozen source: True; current spec: True; all tested source files unchanged: True. Any permitted new operator scripts have separate provenance and no browser certification. Delivered report: evidence/executed-scenarios.csv (match test title and run ID).","Remaining listed policy precedence/runtime variants, revision and actor audit evidence, plus applicable self-elevation, exact-scope and denied-dispatch probes."
US-SP-POL-018,"Requested RBAC, whitelist/blacklist and automatic approval",governance administrator configuring a user,"As a governance administrator configuring a user, I want to automatically accept an allowed action.",Choose Automatic and a prompt explicitly allowing one fixture action; trigger it through the user UI.,The actual decision service records acceptance with policy revision/reason and the scoped action executes once.,"An unprivileged user or model-generated request cannot alter its role/mode/prompt, override explicit denial, self-elevate or manufacture approval.",REAL_BROWSER; POLICY_FIXTURES; RELOAD; AUDIT_READBACK; NEGATIVE_SERVER,P0,PARTIAL,REQUESTED_NEW_BEHAVIOR,User request dated 2026-09-08; current implementation contract must be reconciled before execution,WebUI HEAD 451acb916a33d9267713eaf57aba7f93e462993c; engine HEAD 97fbbecd35984d5e28a3482d60a1165121333fc9. Exact tested file fingerprints: evidence/source-provenance.json. Frozen run 20260909-080212-676633000; commits and content fingerprints are distinct provenance. Any explicitly permitted post-run operator additions are recorded separately as post_run_operator_scripts and are not browser-tested source.,test-kit/tests/e2e/full/governance-runtime.spec.ts:15 | test-kit/tests/e2e/full/realtime-voice.spec.ts:181,PASS subset [20260909-080212-676633000]: US-SP-POL-RUNTIME-autoapprove actual model decision allows actual tool effect; Actual engine uses deterministic AI classifier approve response and writes exact fixture bytes without human card. Frozen source: True; current spec: True; all tested source files unchanged: True. Any permitted new operator scripts have separate provenance and no browser certification. Delivered report: evidence/executed-scenarios.csv (match test title and run ID). | PASS subset [20260909-080212-676633000]: US-SP-VOICE-REALTIME-AUTOAPPROVE native tool effect follows the user's real AI review decision; Voice-dispatched real write follows deterministic automatic approve; exact file bytes and durable automatic decision/tool/policy revision are asserted. Admin audit-view interactions and real-model judgment remain separate. Frozen source: True; current spec: True; all tested source files unchanged: True. Any permitted new operator scripts have separate provenance and no browser certification. Delivered report: evidence/executed-scenarios.csv (match test title and run ID).,"Remaining listed policy precedence/runtime variants, revision and actor audit evidence, plus applicable self-elevation, exact-scope and denied-dispatch probes."
US-SP-POL-019,"Requested RBAC, whitelist/blacklist and automatic approval",governance administrator configuring a user,"As a governance administrator configuring a user, I want to automatically deny a forbidden action.",Choose Automatic and a prompt explicitly forbidding one fixture action; trigger it through UI.,Automatic denial is visible and audited; no provider/tool side effect executes.,"An unprivileged user or model-generated request cannot alter its role/mode/prompt, override explicit denial, self-elevate or manufacture approval.",REAL_BROWSER; POLICY_FIXTURES; RELOAD; AUDIT_READBACK; NEGATIVE_SERVER,P0,PARTIAL,REQUESTED_NEW_BEHAVIOR,User request dated 2026-09-08; current implementation contract must be reconciled before execution,WebUI HEAD 451acb916a33d9267713eaf57aba7f93e462993c; engine HEAD 97fbbecd35984d5e28a3482d60a1165121333fc9. Exact tested file fingerprints: evidence/source-provenance.json. Frozen run 20260909-080212-676633000; commits and content fingerprints are distinct provenance. Any explicitly permitted post-run operator additions are recorded separately as post_run_operator_scripts and are not browser-tested source.,test-kit/tests/e2e/full/governance-runtime.spec.ts:15 | test-kit/tests/e2e/full/realtime-voice.spec.ts:181,PASS subset [20260909-080212-676633000]: US-SP-POL-RUNTIME-autodeny actual model decision blocks actual tool effect; Actual engine uses deterministic AI classifier deny response; target file does not exist and no approval card is offered. Frozen source: True; current spec: True; all tested source files unchanged: True. Any permitted new operator scripts have separate provenance and no browser certification. Delivered report: evidence/executed-scenarios.csv (match test title and run ID). | PASS subset [20260909-080212-676633000]: US-SP-VOICE-REALTIME-AUTODENY native tool effect follows the user's real AI review decision; Voice-dispatched real write follows deterministic automatic deny; file stays absent and durable automatic decision/tool/policy revision are asserted. Admin audit-view interactions and real-model judgment remain separate. Frozen source: True; current spec: True; all tested source files unchanged: True. Any permitted new operator scripts have separate provenance and no browser certification. Delivered report: evidence/executed-scenarios.csv (match test title and run ID).,"Remaining listed policy precedence/runtime variants, revision and actor audit evidence, plus applicable self-elevation, exact-scope and denied-dispatch probes."
US-SP-POL-020,"Requested RBAC, whitelist/blacklist and automatic approval",governance administrator configuring a user,"As a governance administrator configuring a user, I want to distinguish policies between users.",Give Alice and Bob contradictory prompts for the same action; trigger in separate contexts.,Each outcome follows the correct user's current prompt and no decision cache crosses identities.,"An unprivileged user or model-generated request cannot alter its role/mode/prompt, override explicit denial, self-elevate or manufacture approval.",REAL_BROWSER; POLICY_FIXTURES; RELOAD; AUDIT_READBACK; NEGATIVE_SERVER,P0,PARTIAL,REQUESTED_NEW_BEHAVIOR,User request dated 2026-09-08; current implementation contract must be reconciled before execution,WebUI HEAD 451acb916a33d9267713eaf57aba7f93e462993c; engine HEAD 97fbbecd35984d5e28a3482d60a1165121333fc9. Exact tested file fingerprints: evidence/source-provenance.json. Frozen run 20260909-080212-676633000; commits and content fingerprints are distinct provenance. Any explicitly permitted post-run operator additions are recorded separately as post_run_operator_scripts and are not browser-tested source.,test-kit/tests/e2e/full/governance-runtime.spec.ts:15 | test-kit/tests/e2e/full/realtime-voice.spec.ts:181,PASS subset [20260909-080212-676633000]: US-SP-POL-RUNTIME-autoapprove actual model decision allows actual tool effect; Actual engine uses deterministic AI classifier approve response and writes exact fixture bytes without human card. Frozen source: True; current spec: True; all tested source files unchanged: True. Any permitted new operator scripts have separate provenance and no browser certification. Delivered report: evidence/executed-scenarios.csv (match test title and run ID). | PASS subset [20260909-080212-676633000]: US-SP-POL-RUNTIME-autodeny actual model decision blocks actual tool effect; Actual engine uses deterministic AI classifier deny response; target file does not exist and no approval card is offered. Frozen source: True; current spec: True; all tested source files unchanged: True. Any permitted new operator scripts have separate provenance and no browser certification. Delivered report: evidence/executed-scenarios.csv (match test title and run ID). | PASS subset [20260909-080212-676633000]: US-SP-VOICE-REALTIME-AUTOAPPROVE native tool effect follows the user's real AI review decision; Voice-dispatched real write follows deterministic automatic approve; exact file bytes and durable automatic decision/tool/policy revision are asserted. Admin audit-view interactions and real-model judgment remain separate. Frozen source: True; current spec: True; all tested source files unchanged: True. Any permitted new operator scripts have separate provenance and no browser certification. Delivered report: evidence/executed-scenarios.csv (match test title and run ID). | PASS subset [20260909-080212-676633000]: US-SP-VOICE-REALTIME-AUTODENY native tool effect follows the user's real AI review decision; Voice-dispatched real write follows deterministic automatic deny; file stays absent and durable automatic decision/tool/policy revision are asserted. Admin audit-view interactions and real-model judgment remain separate. Frozen source: True; current spec: True; all tested source files unchanged: True. Any permitted new operator scripts have separate provenance and no browser certification. Delivered report: evidence/executed-scenarios.csv (match test title and run ID).,"Remaining listed policy precedence/runtime variants, revision and actor audit evidence, plus applicable self-elevation, exact-scope and denied-dispatch probes."
US-SP-POL-021,"Requested RBAC, whitelist/blacklist and automatic approval",governance administrator configuring a user,"As a governance administrator configuring a user, I want to handle ambiguous automatic decisions.",Choose Automatic; return an ambiguous/manual result from the decision fixture; as requester/session owner inspect and resolve the pending card.,Uncertain decisions park with no tool side effect until one-shot review by the owning identity; they never silently accept or expand access.,Another signed-in user cannot accept the owner-bound pending action; session/permanent/skip-all choices are refused; no one-shot action decision can add a grant or override an explicit denial.,REAL_BROWSER; POLICY_FIXTURES; RELOAD; AUDIT_READBACK; NEGATIVE_SERVER,P0,PARTIAL,REQUESTED_NEW_BEHAVIOR,User request dated 2026-09-08; current implementation contract must be reconciled before execution,WebUI HEAD 451acb916a33d9267713eaf57aba7f93e462993c; engine HEAD 97fbbecd35984d5e28a3482d60a1165121333fc9. Exact tested file fingerprints: evidence/source-provenance.json. Frozen run 20260909-080212-676633000; commits and content fingerprints are distinct provenance. Any explicitly permitted post-run operator additions are recorded separately as post_run_operator_scripts and are not browser-tested source.,test-kit/tests/e2e/full/governance-runtime.spec.ts:20,PASS subset [20260909-080212-676633000]: US-SP-POL-RUNTIME-automanual parked action waits for real frontend once decision; Deterministic ambiguous/manual classifier result parks action; visible Allow once resumes exact file write; unavailable/malformed responses remain distinct. Frozen source: True; current spec: True; all tested source files unchanged: True. Any permitted new operator scripts have separate provenance and no browser certification. Delivered report: evidence/executed-scenarios.csv (match test title and run ID).,"Remaining listed policy precedence/runtime variants, revision and actor audit evidence, plus applicable self-elevation, exact-scope and denied-dispatch probes."
US-SP-POL-022,"Requested RBAC, whitelist/blacklist and automatic approval",governance administrator configuring a user,"As a governance administrator configuring a user, I want to handle unavailable decision intelligence.",Make the automatic decision provider timeout/fail; trigger a gated action; restore service.,The action remains unapproved until a valid supported decision path completes; retry cannot duplicate side effects.,"An unprivileged user or model-generated request cannot alter its role/mode/prompt, override explicit denial, self-elevate or manufacture approval.",REAL_BROWSER; POLICY_FIXTURES; RELOAD; AUDIT_READBACK; NEGATIVE_SERVER,P0,NOT RUN,REQUESTED_NEW_BEHAVIOR,User request dated 2026-09-08; current implementation contract must be reconciled before execution,WebUI HEAD 451acb916a33d9267713eaf57aba7f93e462993c; engine HEAD 97fbbecd35984d5e28a3482d60a1165121333fc9. Exact tested file fingerprints: evidence/source-provenance.json. Frozen run 20260909-080212-676633000; commits and content fingerprints are distinct provenance. Any explicitly permitted post-run operator additions are recorded separately as post_run_operator_scripts and are not browser-tested source.,NOT YET MAPPED TO EXECUTED FRONTEND CASE,NONE: no semantically matching actual frontend assertion found in current isolated run reports.,"LOCALLY MISSING: verify current exposure/contract and implement the stated real-browser workflow, fixture and negative path. Historical provenance alone does not establish current availability."
US-SP-POL-023,"Requested RBAC, whitelist/blacklist and automatic approval",governance administrator configuring a user,"As a governance administrator configuring a user, I want to reject malformed automatic responses.","Return invalid JSON, unknown decision labels, missing scope/revision and hostile markup from the decision fixture.",Invalid results do not authorize work; the UI shows recoverable failure and renders text safely.,"An unprivileged user or model-generated request cannot alter its role/mode/prompt, override explicit denial, self-elevate or manufacture approval.",REAL_BROWSER; POLICY_FIXTURES; RELOAD; AUDIT_READBACK; NEGATIVE_SERVER,P0,NOT RUN,REQUESTED_NEW_BEHAVIOR,User request dated 2026-09-08; current implementation contract must be reconciled before execution,WebUI HEAD 451acb916a33d9267713eaf57aba7f93e462993c; engine HEAD 97fbbecd35984d5e28a3482d60a1165121333fc9. Exact tested file fingerprints: evidence/source-provenance.json. Frozen run 20260909-080212-676633000; commits and content fingerprints are distinct provenance. Any explicitly permitted post-run operator additions are recorded separately as post_run_operator_scripts and are not browser-tested source.,NOT YET MAPPED TO EXECUTED FRONTEND CASE,NONE: no semantically matching actual frontend assertion found in current isolated run reports.,"LOCALLY MISSING: verify current exposure/contract and implement the stated real-browser workflow, fixture and negative path. Historical provenance alone does not establish current availability."
US-SP-POL-024,"Requested RBAC, whitelist/blacklist and automatic approval",governance administrator configuring a user,"As a governance administrator configuring a user, I want to resist prompt injection in action content.",Set a restrictive administrator policy; submit a fixture action containing instructions to ignore policy or self-approve.,Untrusted action content cannot replace administrator policy or override explicit denials.,"An unprivileged user or model-generated request cannot alter its role/mode/prompt, override explicit denial, self-elevate or manufacture approval.",REAL_BROWSER; POLICY_FIXTURES; RELOAD; AUDIT_READBACK; NEGATIVE_SERVER,P0,NOT RUN,REQUESTED_NEW_BEHAVIOR,User request dated 2026-09-08; current implementation contract must be reconciled before execution,WebUI HEAD 451acb916a33d9267713eaf57aba7f93e462993c; engine HEAD 97fbbecd35984d5e28a3482d60a1165121333fc9. Exact tested file fingerprints: evidence/source-provenance.json. Frozen run 20260909-080212-676633000; commits and content fingerprints are distinct provenance. Any explicitly permitted post-run operator additions are recorded separately as post_run_operator_scripts and are not browser-tested source.,NOT YET MAPPED TO EXECUTED FRONTEND CASE,NONE: no semantically matching actual frontend assertion found in current isolated run reports.,"LOCALLY MISSING: verify current exposure/contract and implement the stated real-browser workflow, fixture and negative path. Historical provenance alone does not establish current availability."
US-SP-POL-025,"Requested RBAC, whitelist/blacklist and automatic approval",governance administrator configuring a user,"As a governance administrator configuring a user, I want to enforce policy during delegated execution.",Allow a parent task but deny a child tool/resource; request two real engine children.,Each child retains caller policy and immutable bot ceiling; the forbidden child action never executes.,"An unprivileged user or model-generated request cannot alter its role/mode/prompt, override explicit denial, self-elevate or manufacture approval.",REAL_BROWSER; POLICY_FIXTURES; RELOAD; AUDIT_READBACK; NEGATIVE_SERVER,P0,PARTIAL,REQUESTED_NEW_BEHAVIOR,User request dated 2026-09-08; current implementation contract must be reconciled before execution,WebUI HEAD 451acb916a33d9267713eaf57aba7f93e462993c; engine HEAD 97fbbecd35984d5e28a3482d60a1165121333fc9. Exact tested file fingerprints: evidence/source-provenance.json. Frozen run 20260909-080212-676633000; commits and content fingerprints are distinct provenance. Any explicitly permitted post-run operator additions are recorded separately as post_run_operator_scripts and are not browser-tested source.,test-kit/tests/e2e/full/realtime-voice.spec.ts:330,"PASS subset [20260909-080212-676633000]: US-SP-VOICE-REALTIME-CONTINUATION original signed SSO restriction survives actual child completion and parent wakeup; Two actual children finish; parent wakeup preserves original signed SSO group/profile and file-denied glob, so its subsequent write is blocked with no file. This does not assert every child-denied capability or policy-change timing variant. Frozen source: True; current spec: True; all tested source files unchanged: True. Any permitted new operator scripts have separate provenance and no browser certification. Delivered report: evidence/executed-scenarios.csv (match test title and run ID).",Actual two-child completion and original SSO denied-glob enforcement after parent continuation are covered in VOICE-024. Additional denied child action and mid-flight changed-policy variants in this story remain.
US-SP-POL-026,"Requested RBAC, whitelist/blacklist and automatic approval",governance administrator configuring a user,"As a governance administrator configuring a user, I want to recheck policy before approved execution.",Approve an action; change/revoke policy before its queued execution begins; release the fixture runner.,Execution rechecks current authorization and stale approval cannot bypass the new restriction.,"An unprivileged user or model-generated request cannot alter its role/mode/prompt, override explicit denial, self-elevate or manufacture approval.",REAL_BROWSER; POLICY_FIXTURES; RELOAD; AUDIT_READBACK; NEGATIVE_SERVER,P0,PARTIAL,REQUESTED_NEW_BEHAVIOR,User request dated 2026-09-08; current implementation contract must be reconciled before execution,WebUI HEAD 451acb916a33d9267713eaf57aba7f93e462993c; engine HEAD 97fbbecd35984d5e28a3482d60a1165121333fc9. Exact tested file fingerprints: evidence/source-provenance.json. Frozen run 20260909-080212-676633000; commits and content fingerprints are distinct provenance. Any explicitly permitted post-run operator additions are recorded separately as post_run_operator_scripts and are not browser-tested source.,test-kit/tests/e2e/full/workspace-governance.spec.ts:54,PASS subset [20260909-080212-676633000]: US-SP-WS-RUNTIME revoking workspace member while real write awaits approval blocks engine effect after Allow once; Real engine write parks on human approval; administrator revokes workspace membership; requester Allow once produces an exact denied tool result and no file effect; the subsequent model call is also denied. Persisted transcript and retained direct file403 confirm current membership enforcement. Frozen source: True; current spec: True; all tested source files unchanged: True. Any permitted new operator scripts have separate provenance and no browser certification. Delivered report: evidence/executed-scenarios.csv (match test title and run ID).,"Remaining listed policy precedence/runtime variants, revision and actor audit evidence, plus applicable self-elevation, exact-scope and denied-dispatch probes."
US-SP-POL-027,"Requested RBAC, whitelist/blacklist and automatic approval",governance administrator configuring a user,"As a governance administrator configuring a user, I want to switch approval mode with pending requests.",Create a pending manual request; change user to automatic and back; inspect/resolve pending work.,The product's explicit migration rule is shown; existing requests cannot be silently double-decided or auto-executed.,"An unprivileged user or model-generated request cannot alter its role/mode/prompt, override explicit denial, self-elevate or manufacture approval.",REAL_BROWSER; POLICY_FIXTURES; RELOAD; AUDIT_READBACK; NEGATIVE_SERVER,P0,NOT RUN,REQUESTED_NEW_BEHAVIOR,User request dated 2026-09-08; current implementation contract must be reconciled before execution,WebUI HEAD 451acb916a33d9267713eaf57aba7f93e462993c; engine HEAD 97fbbecd35984d5e28a3482d60a1165121333fc9. Exact tested file fingerprints: evidence/source-provenance.json. Frozen run 20260909-080212-676633000; commits and content fingerprints are distinct provenance. Any explicitly permitted post-run operator additions are recorded separately as post_run_operator_scripts and are not browser-tested source.,NOT YET MAPPED TO EXECUTED FRONTEND CASE,NONE: no semantically matching actual frontend assertion found in current isolated run reports.,"LOCALLY MISSING: verify current exposure/contract and implement the stated real-browser workflow, fixture and negative path. Historical provenance alone does not establish current availability."
US-SP-POL-028,"Requested RBAC, whitelist/blacklist and automatic approval",governance administrator configuring a user,"As a governance administrator configuring a user, I want to bind an approval to the exact request.",Approve one request; change target/arguments or replay its identifier for a different action.,Scope/identity/revision binding prevents a decision from authorizing changed work.,"An unprivileged user or model-generated request cannot alter its role/mode/prompt, override explicit denial, self-elevate or manufacture approval.",REAL_BROWSER; POLICY_FIXTURES; RELOAD; AUDIT_READBACK; NEGATIVE_SERVER,P0,NOT RUN,REQUESTED_NEW_BEHAVIOR,User request dated 2026-09-08; current implementation contract must be reconciled before execution,WebUI HEAD 451acb916a33d9267713eaf57aba7f93e462993c; engine HEAD 97fbbecd35984d5e28a3482d60a1165121333fc9. Exact tested file fingerprints: evidence/source-provenance.json. Frozen run 20260909-080212-676633000; commits and content fingerprints are distinct provenance. Any explicitly permitted post-run operator additions are recorded separately as post_run_operator_scripts and are not browser-tested source.,NOT YET MAPPED TO EXECUTED FRONTEND CASE,NONE: no semantically matching actual frontend assertion found in current isolated run reports.,"LOCALLY MISSING: verify current exposure/contract and implement the stated real-browser workflow, fixture and negative path. Historical provenance alone does not establish current availability."
US-SP-POL-029,"Requested RBAC, whitelist/blacklist and automatic approval",governance administrator configuring a user,"As a governance administrator configuring a user, I want to audit automated acceptance and denial.",Run accepted/denied/manual/uncertain fixtures; open requester status and admin audit.,"Events identify actual actor/decision source, policy revision, target, outcome and readable reason without secrets.","An unprivileged user or model-generated request cannot alter its role/mode/prompt, override explicit denial, self-elevate or manufacture approval.",REAL_BROWSER; POLICY_FIXTURES; RELOAD; AUDIT_READBACK; NEGATIVE_SERVER,P0,PARTIAL,REQUESTED_NEW_BEHAVIOR,User request dated 2026-09-08; current implementation contract must be reconciled before execution,WebUI HEAD 451acb916a33d9267713eaf57aba7f93e462993c; engine HEAD 97fbbecd35984d5e28a3482d60a1165121333fc9. Exact tested file fingerprints: evidence/source-provenance.json. Frozen run 20260909-080212-676633000; commits and content fingerprints are distinct provenance. Any explicitly permitted post-run operator additions are recorded separately as post_run_operator_scripts and are not browser-tested source.,test-kit/tests/e2e/full/governance-runtime.spec.ts:15 | test-kit/tests/e2e/full/governance-runtime.spec.ts:20 | test-kit/tests/e2e/full/realtime-voice.spec.ts:181,"PASS subset [20260909-080212-676633000]: US-SP-POL-RUNTIME-autoapprove actual model decision allows actual tool effect; Durable action_approval event asserts the actual decision/source/tool/session, hashed actor, operation ID, policy revision and readable reason. Admin audit filtering and requester status UI remain. Frozen source: True; current spec: True; all tested source files unchanged: True. Any permitted new operator scripts have separate provenance and no browser certification. Delivered report: evidence/executed-scenarios.csv (match test title and run ID). | PASS subset [20260909-080212-676633000]: US-SP-POL-RUNTIME-autodeny actual model decision blocks actual tool effect; Durable action_approval event asserts the actual decision/source/tool/session, hashed actor, operation ID, policy revision and readable reason. Admin audit filtering and requester status UI remain. Frozen source: True; current spec: True; all tested source files unchanged: True. Any permitted new operator scripts have separate provenance and no browser certification. Delivered report: evidence/executed-scenarios.csv (match test title and run ID). | PASS subset [20260909-080212-676633000]: US-SP-POL-RUNTIME-manualapprove parked action waits for real frontend once decision; Durable action_approval event asserts the actual decision/source/tool/session, hashed actor, operation ID, policy revision and readable reason. Admin audit filtering and requester status UI remain. Frozen source: True; current spec: True; all tested source files unchanged: True. Any permitted new operator scripts have separate provenance and no browser certification. Delivered report: evidence/executed-scenarios.csv (match test title and run ID). | PASS subset [20260909-080212-676633000]: US-SP-POL-RUNTIME-manualdeny parked action waits for real frontend deny decision; Durable action_approval event asserts the actual decision/source/tool/session, hashed actor, operation ID, policy revision and readable reason. Admin audit filtering and requester status UI remain. Frozen source: True; current spec: True; all tested source files unchanged: True. Any permitted new operator scripts have separate provenance and no browser certification. Delivered report: evidence/executed-scenarios.csv (match test title and run ID). | PASS subset [20260909-080212-676633000]: US-SP-POL-RUNTIME-automanual parked action waits for real frontend once decision; Durable action_approval event asserts the actual decision/source/tool/session, hashed actor, operation ID, policy revision and readable reason. Admin audit filtering and requester status UI remain. Frozen source: True; current spec: True; all tested source files unchanged: True. Any permitted new operator scripts have separate provenance and no browser certification. Delivered report: evidence/executed-scenarios.csv (match test title and run ID). | PASS subset [20260909-080212-676633000]: US-SP-VOICE-REALTIME-AUTOAPPROVE native tool effect follows the user's real AI review decision; Voice-dispatched real write follows deterministic automatic approve; exact file bytes and durable automatic decision/tool/policy revision are asserted. Admin audit-view interactions and real-model judgment remain separate. Frozen source: True; current spec: True; all tested source files unchanged: True. Any permitted new operator scripts have separate provenance and no browser certification. Delivered report: evidence/executed-scenarios.csv (match test title and run ID). | PASS subset [20260909-080212-676633000]: US-SP-VOICE-REALTIME-AUTODENY native tool effect follows the user's real AI review decision; Voice-dispatched real write follows deterministic automatic deny; file stays absent and durable automatic decision/tool/policy revision are asserted. Admin audit-view interactions and real-model judgment remain separate. Frozen source: True; current spec: True; all tested source files unchanged: True. Any permitted new operator scripts have separate provenance and no browser certification. Delivered report: evidence/executed-scenarios.csv (match test title and run ID).","Durable automatic/manual decision events are asserted, but actual requester status plus administrator audit view/filter/privacy interactions remain."
US-SP-POL-030,"Requested RBAC, whitelist/blacklist and automatic approval",governance administrator configuring a user,"As a governance administrator configuring a user, I want to keep policy prompts separate from user data.","Store distinct user prompts and private markers; inspect another user, shared bot and model request fixtures.",Only the decision service receives authorized policy context; one user's prompt/private data does not leak to another.,"An unprivileged user or model-generated request cannot alter its role/mode/prompt, override explicit denial, self-elevate or manufacture approval.",REAL_BROWSER; POLICY_FIXTURES; RELOAD; AUDIT_READBACK; NEGATIVE_SERVER,P0,NOT RUN,REQUESTED_NEW_BEHAVIOR,User request dated 2026-09-08; current implementation contract must be reconciled before execution,WebUI HEAD 451acb916a33d9267713eaf57aba7f93e462993c; engine HEAD 97fbbecd35984d5e28a3482d60a1165121333fc9. Exact tested file fingerprints: evidence/source-provenance.json. Frozen run 20260909-080212-676633000; commits and content fingerprints are distinct provenance. Any explicitly permitted post-run operator additions are recorded separately as post_run_operator_scripts and are not browser-tested source.,NOT YET MAPPED TO EXECUTED FRONTEND CASE,NONE: no semantically matching actual frontend assertion found in current isolated run reports.,"LOCALLY MISSING: verify current exposure/contract and implement the stated real-browser workflow, fixture and negative path. Historical provenance alone does not establish current availability."
US-SP-POL-031,"Requested RBAC, whitelist/blacklist and automatic approval",governance administrator configuring a user,"As a governance administrator configuring a user, I want to show an effective-policy explanation.","Configure inheritance, mode and deny conflicts; open user effective access and denied-action explanation.",The UI explains decisive role/mode/allow/deny/approval conditions in user language and matches actual enforcement.,"An unprivileged user or model-generated request cannot alter its role/mode/prompt, override explicit denial, self-elevate or manufacture approval.",REAL_BROWSER; POLICY_FIXTURES; RELOAD; AUDIT_READBACK; NEGATIVE_SERVER,P0,PARTIAL,REQUESTED_NEW_BEHAVIOR,User request dated 2026-09-08; current implementation contract must be reconciled before execution,WebUI HEAD 451acb916a33d9267713eaf57aba7f93e462993c; engine HEAD 97fbbecd35984d5e28a3482d60a1165121333fc9. Exact tested file fingerprints: evidence/source-provenance.json. Frozen run 20260909-080212-676633000; commits and content fingerprints are distinct provenance. Any explicitly permitted post-run operator additions are recorded separately as post_run_operator_scripts and are not browser-tested source.,test-kit/tests/e2e/full/governance-policy.spec.ts:50,PASS subset [20260909-080212-676633000]: US-SP-GOV-PREVIEW real preview button shows chosen user and effective grants; Preview button renders chosen email and assigned role; exact decision reasons across all dimensions remain. Frozen source: True; current spec: True; all tested source files unchanged: True. Any permitted new operator scripts have separate provenance and no browser certification. Delivered report: evidence/executed-scenarios.csv (match test title and run ID).,"Remaining listed policy precedence/runtime variants, revision and actor audit evidence, plus applicable self-elevation, exact-scope and denied-dispatch probes."
US-SP-POL-032,"Requested RBAC, whitelist/blacklist and automatic approval",governance administrator configuring a user,"As a governance administrator configuring a user, I want to migrate legacy users without silent widening.",Load a historical fixture policy without new fields; open each user; save an unrelated field; reload.,Migration/default semantics are explicitly documented and tested; existing rights do not widen accidentally.,"An unprivileged user or model-generated request cannot alter its role/mode/prompt, override explicit denial, self-elevate or manufacture approval.",REAL_BROWSER; POLICY_FIXTURES; RELOAD; AUDIT_READBACK; NEGATIVE_SERVER,P0,PARTIAL,REQUESTED_NEW_BEHAVIOR,User request dated 2026-09-08; current implementation contract must be reconciled before execution,WebUI HEAD 451acb916a33d9267713eaf57aba7f93e462993c; engine HEAD 97fbbecd35984d5e28a3482d60a1165121333fc9. Exact tested file fingerprints: evidence/source-provenance.json. Frozen run 20260909-080212-676633000; commits and content fingerprints are distinct provenance. Any explicitly permitted post-run operator additions are recorded separately as post_run_operator_scripts and are not browser-tested source.,test-kit/tests/e2e/full/governance-administration.spec.ts:59 | test-kit/tests/e2e/full/governance-field-roundtrip.spec.ts:141 | test-kit/tests/e2e/full/governance-field-roundtrip.spec.ts:183 | test-kit/tests/e2e/full/governance-policy.spec.ts:36,"PASS subset [20260909-080212-676633000]: US-SP-GOV-ADMIN-LEGACY unchanged group save preserves command denials metadata and unexposed grants; Unchanged legacy group frontend save and reload retain CLI command objects, CLI denials, MCP tool map, file globs and usage caps exactly. Frozen source: True; current spec: True; all tested source files unchanged: True. Any permitted new operator scripts have separate provenance and no browser certification. Delivered report: evidence/executed-scenarios.csv (match test title and run ID). | PASS subset [20260909-080212-676633000]: US-SP-POL-032 [legacy subset] unchanged user save preserves unexposed command denials and policy metadata; Unchanged legacy save preserves unexposed CLI denied commands, file globs, MCP/usage metadata and asymmetric skill denies. Frozen source: True; current spec: True; all tested source files unchanged: True. Any permitted new operator scripts have separate provenance and no browser certification. Delivered report: evidence/executed-scenarios.csv (match test title and run ID). | PASS subset [20260909-080212-676633000]: US-SP-POL-001 [legacy level-only edit] Keep existing policy retains assigned role access when changing level; Changing only role level retains Keep existing policy and effective assigned-role permissions. Frozen source: True; current spec: True; all tested source files unchanged: True. Any permitted new operator scripts have separate provenance and no browser certification. Delivered report: evidence/executed-scenarios.csv (match test title and run ID). | PASS subset [20260909-080212-676633000]: US-SP-POL-LEGACY editing a legacy user preserves omitted access level and mode; Unchanged legacy Alice retains roles and omitted mode/level on frontend save. Frozen source: True; current spec: True; all tested source files unchanged: True. Any permitted new operator scripts have separate provenance and no browser certification. Delivered report: evidence/executed-scenarios.csv (match test title and run ID).","Remaining listed policy precedence/runtime variants, revision and actor audit evidence, plus applicable self-elevation, exact-scope and denied-dispatch probes."
US-SP-POL-033,"Requested RBAC, whitelist/blacklist and automatic approval",governance administrator configuring a user,"As a governance administrator configuring a user, I want to verify the configured AI decision model end to end.",In an isolated authorized environment invoke the actual configured decision model for one clearly allowed and one clearly denied harmless fixture action; inspect frontend outcomes and audit.,Both decisions traverse the real configured intelligence service with recorded model/source and prompt revision; no external business side effect is performed.,"The real model cannot override a hard deny, self-elevate or approve changed request scope.",REAL_BROWSER; REAL_DECISION_MODEL; ISOLATED_RUNTIME; AUDIT_READBACK; NEGATIVE_SERVER,P0,NOT RUN,REQUESTED_NEW_BEHAVIOR,User request dated 2026-09-08; current implementation contract must be reconciled before execution,WebUI HEAD 451acb916a33d9267713eaf57aba7f93e462993c; engine HEAD 97fbbecd35984d5e28a3482d60a1165121333fc9. Exact tested file fingerprints: evidence/source-provenance.json. Frozen run 20260909-080212-676633000; commits and content fingerprints are distinct provenance. Any explicitly permitted post-run operator additions are recorded separately as post_run_operator_scripts and are not browser-tested source.,NOT YET MAPPED TO EXECUTED FRONTEND CASE,NONE: no semantically matching actual frontend assertion found in current isolated run reports.,"UNPROVISIONED EXTERNAL: no named real decision model is exercised. Loopback approve/deny/manual responses establish plumbing and side effects only, not real-model judgment."
US-SP-INS-001,"Insights, usage and health reporting",authorized analytics viewer,"As an authorized analytics viewer, I want to inspect usage and cost totals.",Open Insights on seeded known usage; inspect aggregate and per-model charts.,Visible totals equal fixture values with correct units/time window; no write occurs.,"Without analytics/health permission a caller cannot obtain underlying session, identity, cost or usage data through hidden endpoints.",REAL_BROWSER; SEEDED_USAGE; NEGATIVE_SERVER,P1,NOT RUN,HISTORICAL_SOURCE_DERIVED,static/panels.js loadInsights and capacity/health renderers,WebUI HEAD 451acb916a33d9267713eaf57aba7f93e462993c; engine HEAD 97fbbecd35984d5e28a3482d60a1165121333fc9. Exact tested file fingerprints: evidence/source-provenance.json. Frozen run 20260909-080212-676633000; commits and content fingerprints are distinct provenance. Any explicitly permitted post-run operator additions are recorded separately as post_run_operator_scripts and are not browser-tested source.,NOT YET MAPPED TO EXECUTED FRONTEND CASE,NONE: no semantically matching actual frontend assertion found in current isolated run reports.,"LOCALLY MISSING: verify current exposure/contract and implement the stated real-browser workflow, fixture and negative path. Historical provenance alone does not establish current availability."
US-SP-INS-002,"Insights, usage and health reporting",authorized analytics viewer,"As an authorized analytics viewer, I want to change reporting filters and periods.",Exercise visible date/profile/model filters; compare two known fixtures.,Each chart/table uses the selected authorized scope without stale mixed data.,"Without analytics/health permission a caller cannot obtain underlying session, identity, cost or usage data through hidden endpoints.",REAL_BROWSER; SEEDED_USAGE; NEGATIVE_SERVER,P1,PARTIAL,HISTORICAL_SOURCE_DERIVED,static/panels.js loadInsights and capacity/health renderers,WebUI HEAD 451acb916a33d9267713eaf57aba7f93e462993c; engine HEAD 97fbbecd35984d5e28a3482d60a1165121333fc9. Exact tested file fingerprints: evidence/source-provenance.json. Frozen run 20260909-080212-676633000; commits and content fingerprints are distinct provenance. Any explicitly permitted post-run operator additions are recorded separately as post_run_operator_scripts and are not browser-tested source.,test-kit/tests/e2e/full/frontend-extras.spec.ts:21,PASS subset [20260909-080212-676633000]: US-SP-INS-001 all analytics periods request and render their selected window; 7/30/90/365-day periods request and display expected period labels; exact seeded financial/usage totals remain. Frozen source: True; current spec: True; all tested source files unchanged: True. Any permitted new operator scripts have separate provenance and no browser certification. Delivered report: evidence/executed-scenarios.csv (match test title and run ID).,"Only the listed assertions are evidenced; complete the remaining explicit frontend, persistence and permission requirements in this row."
US-SP-INS-003,"Insights, usage and health reporting",authorized analytics viewer,"As an authorized analytics viewer, I want to inspect model and provider health.",Open model health/cost table and provider statuses; refresh.,Status freshness and unknown/unavailable states are explicit; configured does not imply working inference.,"Without analytics/health permission a caller cannot obtain underlying session, identity, cost or usage data through hidden endpoints.",REAL_BROWSER; SEEDED_USAGE; NEGATIVE_SERVER,P1,NOT RUN,HISTORICAL_SOURCE_DERIVED,static/panels.js loadInsights and capacity/health renderers,WebUI HEAD 451acb916a33d9267713eaf57aba7f93e462993c; engine HEAD 97fbbecd35984d5e28a3482d60a1165121333fc9. Exact tested file fingerprints: evidence/source-provenance.json. Frozen run 20260909-080212-676633000; commits and content fingerprints are distinct provenance. Any explicitly permitted post-run operator additions are recorded separately as post_run_operator_scripts and are not browser-tested source.,NOT YET MAPPED TO EXECUTED FRONTEND CASE,NONE: no semantically matching actual frontend assertion found in current isolated run reports.,"LOCALLY MISSING: verify current exposure/contract and implement the stated real-browser workflow, fixture and negative path. Historical provenance alone does not establish current availability."
US-SP-INS-004,"Insights, usage and health reporting",authorized analytics viewer,"As an authorized analytics viewer, I want to inspect skill usage.",Open skill usage details for a known fixture run.,Counts and labels represent actual recorded permitted activity.,"Without analytics/health permission a caller cannot obtain underlying session, identity, cost or usage data through hidden endpoints.",REAL_BROWSER; SEEDED_USAGE; NEGATIVE_SERVER,P1,NOT RUN,HISTORICAL_SOURCE_DERIVED,static/panels.js loadInsights and capacity/health renderers,WebUI HEAD 451acb916a33d9267713eaf57aba7f93e462993c; engine HEAD 97fbbecd35984d5e28a3482d60a1165121333fc9. Exact tested file fingerprints: evidence/source-provenance.json. Frozen run 20260909-080212-676633000; commits and content fingerprints are distinct provenance. Any explicitly permitted post-run operator additions are recorded separately as post_run_operator_scripts and are not browser-tested source.,NOT YET MAPPED TO EXECUTED FRONTEND CASE,NONE: no semantically matching actual frontend assertion found in current isolated run reports.,"LOCALLY MISSING: verify current exposure/contract and implement the stated real-browser workflow, fixture and negative path. Historical provenance alone does not establish current availability."
US-SP-INS-005,"Insights, usage and health reporting",authorized analytics viewer,"As an authorized analytics viewer, I want to inspect system and notes/wiki health.",Open supported system/notes/wiki status cards and their browser links.,"Cards distinguish connected, unavailable and stale states; links preserve access control.","Without analytics/health permission a caller cannot obtain underlying session, identity, cost or usage data through hidden endpoints.",REAL_BROWSER; SEEDED_USAGE; NEGATIVE_SERVER,P1,NOT RUN,HISTORICAL_SOURCE_DERIVED,static/panels.js loadInsights and capacity/health renderers,WebUI HEAD 451acb916a33d9267713eaf57aba7f93e462993c; engine HEAD 97fbbecd35984d5e28a3482d60a1165121333fc9. Exact tested file fingerprints: evidence/source-provenance.json. Frozen run 20260909-080212-676633000; commits and content fingerprints are distinct provenance. Any explicitly permitted post-run operator additions are recorded separately as post_run_operator_scripts and are not browser-tested source.,NOT YET MAPPED TO EXECUTED FRONTEND CASE,NONE: no semantically matching actual frontend assertion found in current isolated run reports.,"LOCALLY MISSING: verify current exposure/contract and implement the stated real-browser workflow, fixture and negative path. Historical provenance alone does not establish current availability."
US-SP-INS-006,"Insights, usage and health reporting",authorized analytics viewer,"As an authorized analytics viewer, I want to handle empty and failed metrics.",Load empty fixture; then fail metrics retrieval; retry.,Zero usage is shown only for known empty data; failed data stays unavailable.,"Without analytics/health permission a caller cannot obtain underlying session, identity, cost or usage data through hidden endpoints.",REAL_BROWSER; SEEDED_USAGE; NEGATIVE_SERVER,P1,NOT RUN,HISTORICAL_SOURCE_DERIVED,static/panels.js loadInsights and capacity/health renderers,WebUI HEAD 451acb916a33d9267713eaf57aba7f93e462993c; engine HEAD 97fbbecd35984d5e28a3482d60a1165121333fc9. Exact tested file fingerprints: evidence/source-provenance.json. Frozen run 20260909-080212-676633000; commits and content fingerprints are distinct provenance. Any explicitly permitted post-run operator additions are recorded separately as post_run_operator_scripts and are not browser-tested source.,NOT YET MAPPED TO EXECUTED FRONTEND CASE,NONE: no semantically matching actual frontend assertion found in current isolated run reports.,"LOCALLY MISSING: verify current exposure/contract and implement the stated real-browser workflow, fixture and negative path. Historical provenance alone does not establish current availability."
US-SP-LOG-001,Logs and diagnostics,authorized log viewer,"As an authorized log viewer, I want to select log file and tail size.",Open Logs; choose two fixture files and tail lengths.,Displayed lines come from the selected permitted file and bounded tail.,Users without logs access cannot list/read/copy log files; selected logs must exclude secrets and unauthorized private data.,REAL_BROWSER; SEEDED_LOGS; NEGATIVE_SERVER,P1,PARTIAL,HISTORICAL_SOURCE_DERIVED,static/panels.js (log controls),WebUI HEAD 451acb916a33d9267713eaf57aba7f93e462993c; engine HEAD 97fbbecd35984d5e28a3482d60a1165121333fc9. Exact tested file fingerprints: evidence/source-provenance.json. Frozen run 20260909-080212-676633000; commits and content fingerprints are distinct provenance. Any explicitly permitted post-run operator additions are recorded separately as post_run_operator_scripts and are not browser-tested source.,test-kit/tests/e2e/full/frontend-extras.spec.ts:18,"PASS subset [20260909-080212-676633000]: US-SP-LOG-001 logfile tail severity wrap and refresh controls remain usable; Log file, tail, severity, wrap, auto-refresh and refresh controls exercised; seeded contents and timed poll assertions remain. Frozen source: True; current spec: True; all tested source files unchanged: True. Any permitted new operator scripts have separate provenance and no browser certification. Delivered report: evidence/executed-scenarios.csv (match test title and run ID).","Only the listed assertions are evidenced; complete the remaining explicit frontend, persistence and permission requirements in this row."
US-SP-LOG-002,Logs and diagnostics,authorized log viewer,"As an authorized log viewer, I want to filter severity and text wrapping.",Choose each visible severity filter; toggle wrap; inspect long lines.,Only matching lines remain and wrapping does not lose underlying text.,Users without logs access cannot list/read/copy log files; selected logs must exclude secrets and unauthorized private data.,REAL_BROWSER; SEEDED_LOGS; NEGATIVE_SERVER,P1,PARTIAL,HISTORICAL_SOURCE_DERIVED,static/panels.js (log controls),WebUI HEAD 451acb916a33d9267713eaf57aba7f93e462993c; engine HEAD 97fbbecd35984d5e28a3482d60a1165121333fc9. Exact tested file fingerprints: evidence/source-provenance.json. Frozen run 20260909-080212-676633000; commits and content fingerprints are distinct provenance. Any explicitly permitted post-run operator additions are recorded separately as post_run_operator_scripts and are not browser-tested source.,test-kit/tests/e2e/full/frontend-extras.spec.ts:18 | test-kit/tests/e2e/full/recovery-navigation.spec.ts:40,"PASS subset [20260909-080212-676633000]: US-SP-LOG-001 logfile tail severity wrap and refresh controls remain usable; Log file, tail, severity, wrap, auto-refresh and refresh controls exercised; seeded contents and timed poll assertions remain. Frozen source: True; current spec: True; all tested source files unchanged: True. Any permitted new operator scripts have separate provenance and no browser certification. Delivered report: evidence/executed-scenarios.csv (match test title and run ID). | PASS subset [20260909-080212-676633000]: US-SP-LOG-CLIPBOARD-CLICKS copy exact visible severity lines and refresh reads appended disk evidence; Seeded gateway log produces exact all/warnings/errors line sets; each Copy all has exact matching UTF-8 clipboard bytes. Appending a disk line then manually refreshing updates the filtered DOM, full API line list and copied content. Automatic polling shutdown, planted-secret redaction, denied log readers and unavailable-file recovery remain. Frozen source: True; current spec: True; all tested source files unchanged: True. Any permitted new operator scripts have separate provenance and no browser certification. Delivered report: evidence/executed-scenarios.csv (match test title and run ID).","Only the listed assertions are evidenced; complete the remaining explicit frontend, persistence and permission requirements in this row."
US-SP-LOG-003,Logs and diagnostics,authorized log viewer,"As an authorized log viewer, I want to refresh and auto-refresh logs.",Refresh manually; enable auto-refresh; append fixture line; navigate away.,New authorized lines appear; polling stops when appropriate and no stale panel update occurs.,Users without logs access cannot list/read/copy log files; selected logs must exclude secrets and unauthorized private data.,REAL_BROWSER; SEEDED_LOGS; NEGATIVE_SERVER,P1,PARTIAL,HISTORICAL_SOURCE_DERIVED,static/panels.js (log controls),WebUI HEAD 451acb916a33d9267713eaf57aba7f93e462993c; engine HEAD 97fbbecd35984d5e28a3482d60a1165121333fc9. Exact tested file fingerprints: evidence/source-provenance.json. Frozen run 20260909-080212-676633000; commits and content fingerprints are distinct provenance. Any explicitly permitted post-run operator additions are recorded separately as post_run_operator_scripts and are not browser-tested source.,test-kit/tests/e2e/full/frontend-extras.spec.ts:18 | test-kit/tests/e2e/full/recovery-navigation.spec.ts:40,"PASS subset [20260909-080212-676633000]: US-SP-LOG-001 logfile tail severity wrap and refresh controls remain usable; Log file, tail, severity, wrap, auto-refresh and refresh controls exercised; seeded contents and timed poll assertions remain. Frozen source: True; current spec: True; all tested source files unchanged: True. Any permitted new operator scripts have separate provenance and no browser certification. Delivered report: evidence/executed-scenarios.csv (match test title and run ID). | PASS subset [20260909-080212-676633000]: US-SP-LOG-CLIPBOARD-CLICKS copy exact visible severity lines and refresh reads appended disk evidence; Seeded gateway log produces exact all/warnings/errors line sets; each Copy all has exact matching UTF-8 clipboard bytes. Appending a disk line then manually refreshing updates the filtered DOM, full API line list and copied content. Automatic polling shutdown, planted-secret redaction, denied log readers and unavailable-file recovery remain. Frozen source: True; current spec: True; all tested source files unchanged: True. Any permitted new operator scripts have separate provenance and no browser certification. Delivered report: evidence/executed-scenarios.csv (match test title and run ID).","Only the listed assertions are evidenced; complete the remaining explicit frontend, persistence and permission requirements in this row."
US-SP-LOG-004,Logs and diagnostics,authorized log viewer,"As an authorized log viewer, I want to copy log output.",Use Copy all on a known fixture selection; inspect clipboard.,Copied content matches the intended filtered/raw contract and contains no planted secret marker.,Users without logs access cannot list/read/copy log files; selected logs must exclude secrets and unauthorized private data.,REAL_BROWSER; SEEDED_LOGS; NEGATIVE_SERVER,P1,PARTIAL,HISTORICAL_SOURCE_DERIVED,static/panels.js (log controls),WebUI HEAD 451acb916a33d9267713eaf57aba7f93e462993c; engine HEAD 97fbbecd35984d5e28a3482d60a1165121333fc9. Exact tested file fingerprints: evidence/source-provenance.json. Frozen run 20260909-080212-676633000; commits and content fingerprints are distinct provenance. Any explicitly permitted post-run operator additions are recorded separately as post_run_operator_scripts and are not browser-tested source.,test-kit/tests/e2e/full/recovery-navigation.spec.ts:40,"PASS subset [20260909-080212-676633000]: US-SP-LOG-CLIPBOARD-CLICKS copy exact visible severity lines and refresh reads appended disk evidence; Seeded gateway log produces exact all/warnings/errors line sets; each Copy all has exact matching UTF-8 clipboard bytes. Appending a disk line then manually refreshing updates the filtered DOM, full API line list and copied content. Automatic polling shutdown, planted-secret redaction, denied log readers and unavailable-file recovery remain. Frozen source: True; current spec: True; all tested source files unchanged: True. Any permitted new operator scripts have separate provenance and no browser certification. Delivered report: evidence/executed-scenarios.csv (match test title and run ID).","Every seeded all/warnings/errors selection has exact visible and clipboard bytes, including a manually refreshed appended line. No planted-secret redaction or unauthorized copy/read case is asserted."
US-SP-LOG-005,Logs and diagnostics,authorized log viewer,"As an authorized log viewer, I want to recover a log read failure.",Make a selected file unavailable; refresh; choose a valid file.,Error is explicit and the previous protected content is not mislabeled as current.,Users without logs access cannot list/read/copy log files; selected logs must exclude secrets and unauthorized private data.,REAL_BROWSER; SEEDED_LOGS; NEGATIVE_SERVER,P1,NOT RUN,HISTORICAL_SOURCE_DERIVED,static/panels.js (log controls),WebUI HEAD 451acb916a33d9267713eaf57aba7f93e462993c; engine HEAD 97fbbecd35984d5e28a3482d60a1165121333fc9. Exact tested file fingerprints: evidence/source-provenance.json. Frozen run 20260909-080212-676633000; commits and content fingerprints are distinct provenance. Any explicitly permitted post-run operator additions are recorded separately as post_run_operator_scripts and are not browser-tested source.,NOT YET MAPPED TO EXECUTED FRONTEND CASE,NONE: no semantically matching actual frontend assertion found in current isolated run reports.,"LOCALLY MISSING: verify current exposure/contract and implement the stated real-browser workflow, fixture and negative path. Historical provenance alone does not establish current availability."
US-SP-PREF-001,Settings and personal preferences,signed-in user,"As a signed-in user, I want to open every settings section.","Open Settings; click Conversation, Appearance, Access requests, Preferences, Providers, Plugins, Extensions, System and Help as permitted.",Every reachable section shows its proper content and governed sections remain protected.,Personal preferences cannot change another account or enable governance-forbidden functionality; privileged global options require their own server permission.,REAL_BROWSER; RELOAD; TWO_USERS; NEGATIVE_SERVER,P1,PARTIAL,HISTORICAL_SOURCE_DERIVED,static/index.html; static/panels.js (settings controls),WebUI HEAD 451acb916a33d9267713eaf57aba7f93e462993c; engine HEAD 97fbbecd35984d5e28a3482d60a1165121333fc9. Exact tested file fingerprints: evidence/source-provenance.json. Frozen run 20260909-080212-676633000; commits and content fingerprints are distinct provenance. Any explicitly permitted post-run operator additions are recorded separately as post_run_operator_scripts and are not browser-tested source.,test-kit/tests/e2e/full/navigation.spec.ts:18,PASS subset [20260909-080212-676633000]: US-SP-PREF-TAB-appearance settings appearance renders; Seven rendered settings sections open nonempty; all role and search variants remain. Frozen source: True; current spec: True; all tested source files unchanged: True. Any permitted new operator scripts have separate provenance and no browser certification. Delivered report: evidence/executed-scenarios.csv (match test title and run ID). | PASS subset [20260909-080212-676633000]: US-SP-PREF-TAB-preferences settings preferences renders; Seven rendered settings sections open nonempty; all role and search variants remain. Frozen source: True; current spec: True; all tested source files unchanged: True. Any permitted new operator scripts have separate provenance and no browser certification. Delivered report: evidence/executed-scenarios.csv (match test title and run ID). | PASS subset [20260909-080212-676633000]: US-SP-PREF-TAB-providers settings providers renders; Seven rendered settings sections open nonempty; all role and search variants remain. Frozen source: True; current spec: True; all tested source files unchanged: True. Any permitted new operator scripts have separate provenance and no browser certification. Delivered report: evidence/executed-scenarios.csv (match test title and run ID). | PASS subset [20260909-080212-676633000]: US-SP-PREF-TAB-plugins settings plugins renders; Seven rendered settings sections open nonempty; all role and search variants remain. Frozen source: True; current spec: True; all tested source files unchanged: True. Any permitted new operator scripts have separate provenance and no browser certification. Delivered report: evidence/executed-scenarios.csv (match test title and run ID). | PASS subset [20260909-080212-676633000]: US-SP-PREF-TAB-extensions settings extensions renders; Seven rendered settings sections open nonempty; all role and search variants remain. Frozen source: True; current spec: True; all tested source files unchanged: True. Any permitted new operator scripts have separate provenance and no browser certification. Delivered report: evidence/executed-scenarios.csv (match test title and run ID). | PASS subset [20260909-080212-676633000]: US-SP-PREF-TAB-system settings system renders; Seven rendered settings sections open nonempty; all role and search variants remain. Frozen source: True; current spec: True; all tested source files unchanged: True. Any permitted new operator scripts have separate provenance and no browser certification. Delivered report: evidence/executed-scenarios.csv (match test title and run ID). | PASS subset [20260909-080212-676633000]: US-SP-PREF-TAB-help settings help renders; Seven rendered settings sections open nonempty; all role and search variants remain. Frozen source: True; current spec: True; all tested source files unchanged: True. Any permitted new operator scripts have separate provenance and no browser certification. Delivered report: evidence/executed-scenarios.csv (match test title and run ID).,"The listed setting controls persist, but downstream rendered behavior and second-user isolation/privileged-option restrictions still need the story-specific assertions."
US-SP-PREF-002,Settings and personal preferences,signed-in user,"As a signed-in user, I want to search for settings.",Type label/description queries; select a result; clear search; repeat for a hidden/forbidden setting.,Search focuses the intended visible control without revealing or enabling unauthorized settings.,Personal preferences cannot change another account or enable governance-forbidden functionality; privileged global options require their own server permission.,REAL_BROWSER; RELOAD; TWO_USERS; NEGATIVE_SERVER,P1,PARTIAL,HISTORICAL_SOURCE_DERIVED,static/index.html; static/panels.js (settings controls),WebUI HEAD 451acb916a33d9267713eaf57aba7f93e462993c; engine HEAD 97fbbecd35984d5e28a3482d60a1165121333fc9. Exact tested file fingerprints: evidence/source-provenance.json. Frozen run 20260909-080212-676633000; commits and content fingerprints are distinct provenance. Any explicitly permitted post-run operator additions are recorded separately as post_run_operator_scripts and are not browser-tested source.,test-kit/tests/e2e/full/preferences-behavior.spec.ts:19,PASS subset [20260909-080212-676633000]: US-SP-PREF-BEHAVIOR-SEARCH search selects actual setting and clears stale results; Exact setting search returns one real result; clicking reveals its control and clears query/results; real toggle persists and restores; impossible query has no result. Frozen source: True; current spec: True; all tested source files unchanged: True. Any permitted new operator scripts have separate provenance and no browser certification. Delivered report: evidence/executed-scenarios.csv (match test title and run ID).,"The listed setting controls persist, but downstream rendered behavior and second-user isolation/privileged-option restrictions still need the story-specific assertions."
US-SP-PREF-003,Settings and personal preferences,signed-in user,"As a signed-in user, I want to choose theme skin and font size.",Select each available theme/skin/font size on a fixture account; inspect chat/panels; reload.,Chosen appearance persists for its documented scope with readable controls and no cross-user changes.,Personal preferences cannot change another account or enable governance-forbidden functionality; privileged global options require their own server permission.,REAL_BROWSER; RELOAD; TWO_USERS; NEGATIVE_SERVER,P1,PARTIAL,HISTORICAL_SOURCE_DERIVED,static/index.html; static/panels.js (settings controls),WebUI HEAD 451acb916a33d9267713eaf57aba7f93e462993c; engine HEAD 97fbbecd35984d5e28a3482d60a1165121333fc9. Exact tested file fingerprints: evidence/source-provenance.json. Frozen run 20260909-080212-676633000; commits and content fingerprints are distinct provenance. Any explicitly permitted post-run operator additions are recorded separately as post_run_operator_scripts and are not browser-tested source.,test-kit/tests/e2e/full/frontend-extras.spec.ts:8 | test-kit/tests/e2e/full/frontend-extras.spec.ts:14,PASS subset [20260909-080212-676633000]: US-SP-PREF-THEMES all built-in theme and font-size buttons apply and reload; All built-in theme and font-size buttons update local state; final size survives reload. Frozen source: True; current spec: True; all tested source files unchanged: True. Any permitted new operator scripts have separate provenance and no browser certification. Delivered report: evidence/executed-scenarios.csv (match test title and run ID). | PASS subset [20260909-080212-676633000]: US-SP-PREF-SKINS every rendered skin button applies its own skin value; Every dynamically rendered skin button applies its own local value; independent account and final reload checks remain. Frozen source: True; current spec: True; all tested source files unchanged: True. Any permitted new operator scripts have separate provenance and no browser certification. Delivered report: evidence/executed-scenarios.csv (match test title and run ID).,"The listed setting controls persist, but downstream rendered behavior and second-user isolation/privileged-option restrictions still need the story-specific assertions."
US-SP-PREF-004,Settings and personal preferences,signed-in user,"As a signed-in user, I want to control default workspace pane visibility.",Toggle Keep workspace panel open; create a new chat; reload.,The pane opens/closes by the persisted preference and manual controls still work.,Personal preferences cannot change another account or enable governance-forbidden functionality; privileged global options require their own server permission.,REAL_BROWSER; RELOAD; TWO_USERS; NEGATIVE_SERVER,P1,PARTIAL,HISTORICAL_SOURCE_DERIVED,static/index.html; static/panels.js (settings controls),WebUI HEAD 451acb916a33d9267713eaf57aba7f93e462993c; engine HEAD 97fbbecd35984d5e28a3482d60a1165121333fc9. Exact tested file fingerprints: evidence/source-provenance.json. Frozen run 20260909-080212-676633000; commits and content fingerprints are distinct provenance. Any explicitly permitted post-run operator additions are recorded separately as post_run_operator_scripts and are not browser-tested source.,test-kit/tests/e2e/full/recovery-navigation.spec.ts:5,PASS subset [20260909-080212-676633000]: US-SP-NAV-PANEL-CLICKS rail labels and workspace edge toggle preserve draft and workspace default survives reload; Rail label toggle updates aria state/label and local preference without losing an unsent draft. Workspace edge open and header close preserve the draft and show actual fixture files. Both browser-local default-workspace-pane preferences survive reload and a new chat. This does not assert every navigation entry/persona or cross-account preference isolation. Frozen source: True; current spec: True; all tested source files unchanged: True. Any permitted new operator scripts have separate provenance and no browser certification. Delivered report: evidence/executed-scenarios.csv (match test title and run ID).,"Both browser-local pane defaults apply after reload and a new chat; manual edge open/header close preserve a draft. This is localStorage behavior, not a server preference; another account/browser and governance-forbidden workspace boundaries remain separate."
US-SP-PREF-005,Settings and personal preferences,signed-in user,"As a signed-in user, I want to toggle workspace Todos.",Toggle Show Todos tab; open right pane; reload.,Tab visibility follows preference while authorized left Todos remains usable.,Personal preferences cannot change another account or enable governance-forbidden functionality; privileged global options require their own server permission.,REAL_BROWSER; RELOAD; TWO_USERS; NEGATIVE_SERVER,P1,PARTIAL,HISTORICAL_SOURCE_DERIVED,static/index.html; static/panels.js (settings controls),WebUI HEAD 451acb916a33d9267713eaf57aba7f93e462993c; engine HEAD 97fbbecd35984d5e28a3482d60a1165121333fc9. Exact tested file fingerprints: evidence/source-provenance.json. Frozen run 20260909-080212-676633000; commits and content fingerprints are distinct provenance. Any explicitly permitted post-run operator additions are recorded separately as post_run_operator_scripts and are not browser-tested source.,test-kit/tests/e2e/full/preferences-behavior.spec.ts:74,PASS subset [20260909-080212-676633000]: US-SP-PREF-BEHAVIOR-TODOS workspace preference controls actual tab while sidebar remains usable; Both workspace Todos settings save; enabled tab opens the real panel with aria-selected; disabled tab disappears while the left Todos panel stays usable. Reload and other identity preference scope remain. Frozen source: True; current spec: True; all tested source files unchanged: True. Any permitted new operator scripts have separate provenance and no browser certification. Delivered report: evidence/executed-scenarios.csv (match test title and run ID).,"The listed setting controls persist, but downstream rendered behavior and second-user isolation/privileged-option restrictions still need the story-specific assertions."
US-SP-PREF-006,Settings and personal preferences,signed-in user,"As a signed-in user, I want to toggle session jump controls.",Toggle Start/End controls; open a long transcript; click each.,The controls follow preference and reach correct transcript boundaries.,Personal preferences cannot change another account or enable governance-forbidden functionality; privileged global options require their own server permission.,REAL_BROWSER; RELOAD; TWO_USERS; NEGATIVE_SERVER,P1,PARTIAL,HISTORICAL_SOURCE_DERIVED,static/index.html; static/panels.js (settings controls),WebUI HEAD 451acb916a33d9267713eaf57aba7f93e462993c; engine HEAD 97fbbecd35984d5e28a3482d60a1165121333fc9. Exact tested file fingerprints: evidence/source-provenance.json. Frozen run 20260909-080212-676633000; commits and content fingerprints are distinct provenance. Any explicitly permitted post-run operator additions are recorded separately as post_run_operator_scripts and are not browser-tested source.,test-kit/tests/e2e/full/settings-complete.spec.ts:23,PASS subset [20260909-080212-676633000]: US-SP-PREF-CONTROL-session_jump_buttons both switch states save and reload; Both session_jump_buttons checkbox states save through actual settings API and survive reload; downstream behavior/two-user bounds remain. Frozen source: True; current spec: True; all tested source files unchanged: True. Any permitted new operator scripts have separate provenance and no browser certification. Delivered report: evidence/executed-scenarios.csv (match test title and run ID).,"The listed setting controls persist, but downstream rendered behavior and second-user isolation/privileged-option restrictions still need the story-specific assertions."
US-SP-PREF-007,Settings and personal preferences,signed-in user,"As a signed-in user, I want to choose older-message loading behavior.",Toggle automatic older-message loading; scroll to top; use manual load alternative.,Only the configured mechanism loads older messages and history remains complete.,Personal preferences cannot change another account or enable governance-forbidden functionality; privileged global options require their own server permission.,REAL_BROWSER; RELOAD; TWO_USERS; NEGATIVE_SERVER,P1,PARTIAL,HISTORICAL_SOURCE_DERIVED,static/index.html; static/panels.js (settings controls),WebUI HEAD 451acb916a33d9267713eaf57aba7f93e462993c; engine HEAD 97fbbecd35984d5e28a3482d60a1165121333fc9. Exact tested file fingerprints: evidence/source-provenance.json. Frozen run 20260909-080212-676633000; commits and content fingerprints are distinct provenance. Any explicitly permitted post-run operator additions are recorded separately as post_run_operator_scripts and are not browser-tested source.,test-kit/tests/e2e/full/settings-complete.spec.ts:23,PASS subset [20260909-080212-676633000]: US-SP-PREF-CONTROL-session_endless_scroll both switch states save and reload; Both session_endless_scroll checkbox states save through actual settings API and survive reload; downstream behavior/two-user bounds remain. Frozen source: True; current spec: True; all tested source files unchanged: True. Any permitted new operator scripts have separate provenance and no browser certification. Delivered report: evidence/executed-scenarios.csv (match test title and run ID).,"The listed setting controls persist, but downstream rendered behavior and second-user isolation/privileged-option restrictions still need the story-specific assertions."
US-SP-PREF-008,Settings and personal preferences,signed-in user,"As a signed-in user, I want to choose activity display mode.","Select Compact Worklog, Transparent Stream and Final answer only; run a fixture response in each.",The selected presentation persists and never changes actual execution/approval behavior.,Personal preferences cannot change another account or enable governance-forbidden functionality; privileged global options require their own server permission.,REAL_BROWSER; RELOAD; TWO_USERS; NEGATIVE_SERVER,P1,PARTIAL,HISTORICAL_SOURCE_DERIVED,static/index.html; static/panels.js (settings controls),WebUI HEAD 451acb916a33d9267713eaf57aba7f93e462993c; engine HEAD 97fbbecd35984d5e28a3482d60a1165121333fc9. Exact tested file fingerprints: evidence/source-provenance.json. Frozen run 20260909-080212-676633000; commits and content fingerprints are distinct provenance. Any explicitly permitted post-run operator additions are recorded separately as post_run_operator_scripts and are not browser-tested source.,test-kit/tests/e2e/full/settings-complete.spec.ts:34,PASS subset [20260909-080212-676633000]: US-SP-PREF-ACTIVITY all activity display modes persist and timestamps toggle independently; All activity-mode selections and timestamp states persist through real settings API; actual rendered event stream behavior remains. Frozen source: True; current spec: True; all tested source files unchanged: True. Any permitted new operator scripts have separate provenance and no browser certification. Delivered report: evidence/executed-scenarios.csv (match test title and run ID).,"The listed setting controls persist, but downstream rendered behavior and second-user isolation/privileged-option restrictions still need the story-specific assertions."
US-SP-PREF-009,Settings and personal preferences,signed-in user,"As a signed-in user, I want to toggle activity event timestamps.",Toggle transparent-event timestamps; inspect a fixture turn and footer.,Per-event chips follow preference while the required footer time remains visible.,Personal preferences cannot change another account or enable governance-forbidden functionality; privileged global options require their own server permission.,REAL_BROWSER; RELOAD; TWO_USERS; NEGATIVE_SERVER,P1,PARTIAL,HISTORICAL_SOURCE_DERIVED,static/index.html; static/panels.js (settings controls),WebUI HEAD 451acb916a33d9267713eaf57aba7f93e462993c; engine HEAD 97fbbecd35984d5e28a3482d60a1165121333fc9. Exact tested file fingerprints: evidence/source-provenance.json. Frozen run 20260909-080212-676633000; commits and content fingerprints are distinct provenance. Any explicitly permitted post-run operator additions are recorded separately as post_run_operator_scripts and are not browser-tested source.,test-kit/tests/e2e/full/settings-complete.spec.ts:34,PASS subset [20260909-080212-676633000]: US-SP-PREF-ACTIVITY all activity display modes persist and timestamps toggle independently; All activity-mode selections and timestamp states persist through real settings API; actual rendered event stream behavior remains. Frozen source: True; current spec: True; all tested source files unchanged: True. Any permitted new operator scripts have separate provenance and no browser certification. Delivered report: evidence/executed-scenarios.csv (match test title and run ID).,"The listed setting controls persist, but downstream rendered behavior and second-user isolation/privileged-option restrictions still need the story-specific assertions."
US-SP-PREF-010,Settings and personal preferences,signed-in user,"As a signed-in user, I want to control automatic scroll following.",Toggle Auto-follow; stream a fixture response while scrolled upward and at bottom.,Scrolling follows only the documented preference/user-position rule.,Personal preferences cannot change another account or enable governance-forbidden functionality; privileged global options require their own server permission.,REAL_BROWSER; RELOAD; TWO_USERS; NEGATIVE_SERVER,P1,PARTIAL,HISTORICAL_SOURCE_DERIVED,static/index.html; static/panels.js (settings controls),WebUI HEAD 451acb916a33d9267713eaf57aba7f93e462993c; engine HEAD 97fbbecd35984d5e28a3482d60a1165121333fc9. Exact tested file fingerprints: evidence/source-provenance.json. Frozen run 20260909-080212-676633000; commits and content fingerprints are distinct provenance. Any explicitly permitted post-run operator additions are recorded separately as post_run_operator_scripts and are not browser-tested source.,test-kit/tests/e2e/full/settings-complete.spec.ts:23,PASS subset [20260909-080212-676633000]: US-SP-PREF-CONTROL-auto_scroll_follow both switch states save and reload; Both auto_scroll_follow checkbox states save through actual settings API and survive reload; downstream behavior/two-user bounds remain. Frozen source: True; current spec: True; all tested source files unchanged: True. Any permitted new operator scripts have separate provenance and no browser certification. Delivered report: evidence/executed-scenarios.csv (match test title and run ID).,"The listed setting controls persist, but downstream rendered behavior and second-user isolation/privileged-option restrictions still need the story-specific assertions."
US-SP-PREF-011,Settings and personal preferences,signed-in user,"As a signed-in user, I want to toggle user-message Markdown.",Send Markdown text with setting off/on; reload the chat.,User text rendering follows preference while fenced code/math retain their documented behavior.,Personal preferences cannot change another account or enable governance-forbidden functionality; privileged global options require their own server permission.,REAL_BROWSER; RELOAD; TWO_USERS; NEGATIVE_SERVER,P1,PARTIAL,HISTORICAL_SOURCE_DERIVED,static/index.html; static/panels.js (settings controls),WebUI HEAD 451acb916a33d9267713eaf57aba7f93e462993c; engine HEAD 97fbbecd35984d5e28a3482d60a1165121333fc9. Exact tested file fingerprints: evidence/source-provenance.json. Frozen run 20260909-080212-676633000; commits and content fingerprints are distinct provenance. Any explicitly permitted post-run operator additions are recorded separately as post_run_operator_scripts and are not browser-tested source.,test-kit/tests/e2e/full/settings-complete.spec.ts:23,PASS subset [20260909-080212-676633000]: US-SP-PREF-CONTROL-render_user_markdown both switch states save and reload; Both render_user_markdown checkbox states save through actual settings API and survive reload; downstream behavior/two-user bounds remain. Frozen source: True; current spec: True; all tested source files unchanged: True. Any permitted new operator scripts have separate provenance and no browser certification. Delivered report: evidence/executed-scenarios.csv (match test title and run ID).,"The listed setting controls persist, but downstream rendered behavior and second-user isolation/privileged-option restrictions still need the story-specific assertions."
US-SP-PREF-012,Settings and personal preferences,signed-in user,"As a signed-in user, I want to attach large pasted text.",Enable large-paste-as-attachment; paste a bounded long fixture; inspect composer; send.,A valid attachment replaces large composer text under the documented threshold and preserves exact content.,Personal preferences cannot change another account or enable governance-forbidden functionality; privileged global options require their own server permission.,REAL_BROWSER; RELOAD; TWO_USERS; NEGATIVE_SERVER,P1,PARTIAL,HISTORICAL_SOURCE_DERIVED,static/index.html; static/panels.js (settings controls),WebUI HEAD 451acb916a33d9267713eaf57aba7f93e462993c; engine HEAD 97fbbecd35984d5e28a3482d60a1165121333fc9. Exact tested file fingerprints: evidence/source-provenance.json. Frozen run 20260909-080212-676633000; commits and content fingerprints are distinct provenance. Any explicitly permitted post-run operator additions are recorded separately as post_run_operator_scripts and are not browser-tested source.,test-kit/tests/e2e/full/settings-complete.spec.ts:23,PASS subset [20260909-080212-676633000]: US-SP-PREF-CONTROL-large_text_paste_as_attachment both switch states save and reload; Both large_text_paste_as_attachment checkbox states save through actual settings API and survive reload; downstream behavior/two-user bounds remain. Frozen source: True; current spec: True; all tested source files unchanged: True. Any permitted new operator scripts have separate provenance and no browser certification. Delivered report: evidence/executed-scenarios.csv (match test title and run ID).,"The listed setting controls persist, but downstream rendered behavior and second-user isolation/privileged-option restrictions still need the story-specific assertions."
US-SP-PREF-013,Settings and personal preferences,signed-in user,"As a signed-in user, I want to toggle per-project quick creation.",Toggle project New conversation buttons; use one on a fixture project.,Visibility follows setting and the resulting chat binds to that project.,Personal preferences cannot change another account or enable governance-forbidden functionality; privileged global options require their own server permission.,REAL_BROWSER; RELOAD; TWO_USERS; NEGATIVE_SERVER,P1,PARTIAL,HISTORICAL_SOURCE_DERIVED,static/index.html; static/panels.js (settings controls),WebUI HEAD 451acb916a33d9267713eaf57aba7f93e462993c; engine HEAD 97fbbecd35984d5e28a3482d60a1165121333fc9. Exact tested file fingerprints: evidence/source-provenance.json. Frozen run 20260909-080212-676633000; commits and content fingerprints are distinct provenance. Any explicitly permitted post-run operator additions are recorded separately as post_run_operator_scripts and are not browser-tested source.,test-kit/tests/e2e/full/settings-complete.spec.ts:23,PASS subset [20260909-080212-676633000]: US-SP-PREF-CONTROL-project_quick_create_buttons both switch states save and reload; Both project_quick_create_buttons checkbox states save through actual settings API and survive reload; downstream behavior/two-user bounds remain. Frozen source: True; current spec: True; all tested source files unchanged: True. Any permitted new operator scripts have separate provenance and no browser certification. Delivered report: evidence/executed-scenarios.csv (match test title and run ID).,"The listed setting controls persist, but downstream rendered behavior and second-user isolation/privileged-option restrictions still need the story-specific assertions."
US-SP-PREF-014,Settings and personal preferences,signed-in user,"As a signed-in user, I want to configure structured code defaults.",Choose Auto/Tree/Raw and line threshold; open short/long JSON/YAML.,Default view follows saved threshold/mode; manual view switching remains available.,Personal preferences cannot change another account or enable governance-forbidden functionality; privileged global options require their own server permission.,REAL_BROWSER; RELOAD; TWO_USERS; NEGATIVE_SERVER,P1,PARTIAL,HISTORICAL_SOURCE_DERIVED,static/index.html; static/panels.js (settings controls),WebUI HEAD 451acb916a33d9267713eaf57aba7f93e462993c; engine HEAD 97fbbecd35984d5e28a3482d60a1165121333fc9. Exact tested file fingerprints: evidence/source-provenance.json. Frozen run 20260909-080212-676633000; commits and content fingerprints are distinct provenance. Any explicitly permitted post-run operator additions are recorded separately as post_run_operator_scripts and are not browser-tested source.,test-kit/tests/e2e/full/settings-complete.spec.ts:46,PASS subset [20260909-080212-676633000]: US-SP-PREF-STRUCTURED JSON and YAML view choices and threshold persist; All structured-code default choices and threshold save/reload; actual code blocks and malformed data remain. Frozen source: True; current spec: True; all tested source files unchanged: True. Any permitted new operator scripts have separate provenance and no browser certification. Delivered report: evidence/executed-scenarios.csv (match test title and run ID).,"The listed setting controls persist, but downstream rendered behavior and second-user isolation/privileged-option restrictions still need the story-specific assertions."
US-SP-PREF-015,Settings and personal preferences,signed-in user,"As a signed-in user, I want to toggle titlebar profile switcher.",Enable/disable titlebar switcher; switch a permitted profile; reload.,Visibility persists and profile changes preserve current identity and grants.,Personal preferences cannot change another account or enable governance-forbidden functionality; privileged global options require their own server permission.,REAL_BROWSER; RELOAD; TWO_USERS; NEGATIVE_SERVER,P1,PARTIAL,HISTORICAL_SOURCE_DERIVED,static/index.html; static/panels.js (settings controls),WebUI HEAD 451acb916a33d9267713eaf57aba7f93e462993c; engine HEAD 97fbbecd35984d5e28a3482d60a1165121333fc9. Exact tested file fingerprints: evidence/source-provenance.json. Frozen run 20260909-080212-676633000; commits and content fingerprints are distinct provenance. Any explicitly permitted post-run operator additions are recorded separately as post_run_operator_scripts and are not browser-tested source.,test-kit/tests/e2e/full/settings-complete.spec.ts:23,PASS subset [20260909-080212-676633000]: US-SP-PREF-CONTROL-show_titlebar_profile both switch states save and reload; Both show_titlebar_profile checkbox states save through actual settings API and survive reload; downstream behavior/two-user bounds remain. Frozen source: True; current spec: True; all tested source files unchanged: True. Any permitted new operator scripts have separate provenance and no browser certification. Delivered report: evidence/executed-scenarios.csv (match test title and run ID).,"The listed setting controls persist, but downstream rendered behavior and second-user isolation/privileged-option restrictions still need the story-specific assertions."
US-SP-PREF-016,Settings and personal preferences,signed-in user,"As a signed-in user, I want to choose default Worklog expansion.",Toggle automatic details expansion; run a fixture turn; manually collapse; reload.,New rows honor the default and manual per-turn choices follow the documented persistence.,Personal preferences cannot change another account or enable governance-forbidden functionality; privileged global options require their own server permission.,REAL_BROWSER; RELOAD; TWO_USERS; NEGATIVE_SERVER,P1,PARTIAL,HISTORICAL_SOURCE_DERIVED,static/index.html; static/panels.js (settings controls),WebUI HEAD 451acb916a33d9267713eaf57aba7f93e462993c; engine HEAD 97fbbecd35984d5e28a3482d60a1165121333fc9. Exact tested file fingerprints: evidence/source-provenance.json. Frozen run 20260909-080212-676633000; commits and content fingerprints are distinct provenance. Any explicitly permitted post-run operator additions are recorded separately as post_run_operator_scripts and are not browser-tested source.,test-kit/tests/e2e/full/settings-complete.spec.ts:23,PASS subset [20260909-080212-676633000]: US-SP-PREF-CONTROL-worklog_details_expanded_default both switch states save and reload; Both worklog_details_expanded_default checkbox states save through actual settings API and survive reload; downstream behavior/two-user bounds remain. Frozen source: True; current spec: True; all tested source files unchanged: True. Any permitted new operator scripts have separate provenance and no browser certification. Delivered report: evidence/executed-scenarios.csv (match test title and run ID).,"The listed setting controls persist, but downstream rendered behavior and second-user isolation/privileged-option restrictions still need the story-specific assertions."
US-SP-PREF-017,Settings and personal preferences,signed-in user,"As a signed-in user, I want to reorder and hide sidebar tabs.",Drag permitted sidebar chips; hide/show a tab; reload; inspect rail/mobile navigation.,Order/visibility persists without hiding required access shell or resurrecting forbidden panels.,Personal preferences cannot change another account or enable governance-forbidden functionality; privileged global options require their own server permission.,REAL_BROWSER; RELOAD; TWO_USERS; NEGATIVE_SERVER,P1,PARTIAL,HISTORICAL_SOURCE_DERIVED,static/index.html; static/panels.js (settings controls),WebUI HEAD 451acb916a33d9267713eaf57aba7f93e462993c; engine HEAD 97fbbecd35984d5e28a3482d60a1165121333fc9. Exact tested file fingerprints: evidence/source-provenance.json. Frozen run 20260909-080212-676633000; commits and content fingerprints are distinct provenance. Any explicitly permitted post-run operator additions are recorded separately as post_run_operator_scripts and are not browser-tested source.,test-kit/tests/e2e/full/settings-complete.spec.ts:96,PASS subset [20260909-080212-676633000]: US-SP-PREF-TAB-CHIPS each configurable navigation chip hides and restores its panel; Every configurable navigation visibility chip saves and restores its hidden state; drag ordering remains. Frozen source: True; current spec: True; all tested source files unchanged: True. Any permitted new operator scripts have separate provenance and no browser certification. Delivered report: evidence/executed-scenarios.csv (match test title and run ID).,"The listed setting controls persist, but downstream rendered behavior and second-user isolation/privileged-option restrictions still need the story-specific assertions."
US-SP-PREF-018,Settings and personal preferences,signed-in user,"As a signed-in user, I want to reorder and hide composer controls.",Drag footer-control chips within supported groups; toggle situational controls; reload.,Saved order/visibility obey valid grouping and controls remain reachable on supported widths.,Personal preferences cannot change another account or enable governance-forbidden functionality; privileged global options require their own server permission.,REAL_BROWSER; RELOAD; TWO_USERS; NEGATIVE_SERVER,P1,PARTIAL,HISTORICAL_SOURCE_DERIVED,static/index.html; static/panels.js (settings controls); current static/boot.js footer definitions omit retired hide_composer_chat_mode; Chat/Super controls now live in static/index.html #chatModeHeader,WebUI HEAD 451acb916a33d9267713eaf57aba7f93e462993c; engine HEAD 97fbbecd35984d5e28a3482d60a1165121333fc9. Exact tested file fingerprints: evidence/source-provenance.json. Frozen run 20260909-080212-676633000; commits and content fingerprints are distinct provenance. Any explicitly permitted post-run operator additions are recorded separately as post_run_operator_scripts and are not browser-tested source.,test-kit/tests/e2e/full/settings-complete.spec.ts:112,PASS subset [20260909-080212-676633000]: US-SP-PREF-COMPOSER-CHIPS every footer visibility chip saves both states; Every rendered footer visibility chip saves both states; drag ordering and downstream keyboard reachability remain. Frozen source: True; current spec: True; all tested source files unchanged: True. Any permitted new operator scripts have separate provenance and no browser certification. Delivered report: evidence/executed-scenarios.csv (match test title and run ID).,"The listed setting controls persist, but downstream rendered behavior and second-user isolation/privileged-option restrictions still need the story-specific assertions."
US-SP-PREF-019,Settings and personal preferences,signed-in user,"As a signed-in user, I want to choose a default model.",Open default-model picker; select allowed pair; save/reload; start a new chat.,New chat uses the saved provider/model; unavailable/ungranted selection is rejected.,Personal preferences cannot change another account or enable governance-forbidden functionality; privileged global options require their own server permission.,REAL_BROWSER; RELOAD; TWO_USERS; NEGATIVE_SERVER,P1,PARTIAL,HISTORICAL_SOURCE_DERIVED,static/index.html; static/panels.js (settings controls),WebUI HEAD 451acb916a33d9267713eaf57aba7f93e462993c; engine HEAD 97fbbecd35984d5e28a3482d60a1165121333fc9. Exact tested file fingerprints: evidence/source-provenance.json. Frozen run 20260909-080212-676633000; commits and content fingerprints are distinct provenance. Any explicitly permitted post-run operator additions are recorded separately as post_run_operator_scripts and are not browser-tested source.,test-kit/tests/e2e/full/resource-security.spec.ts:3,"PASS subset [20260909-080212-676633000]: US-SP-POL-RESOURCE resource denials saved in frontend block real named skill settings and model API bypasses; Admin saves named skill/model/provider/settings denials via real frontend; second browser receives 10 expected direct-route 403s, catalogs hide denied resources, protected state remains unchanged. These are negative-path supplements only. Frozen source: True; current spec: True; all tested source files unchanged: True. Any permitted new operator scripts have separate provenance and no browser certification. Delivered report: evidence/executed-scenarios.csv (match test title and run ID).","The listed setting controls persist, but downstream rendered behavior and second-user isolation/privileged-option restrictions still need the story-specific assertions."
US-SP-PREF-020,Settings and personal preferences,signed-in user,"As a signed-in user, I want to hide welcome panel and suggestions.",Toggle each empty-chat option; create a new chat; reload.,The selected welcome/suggestion elements follow the saved settings without affecting existing chats.,Personal preferences cannot change another account or enable governance-forbidden functionality; privileged global options require their own server permission.,REAL_BROWSER; RELOAD; TWO_USERS; NEGATIVE_SERVER,P1,PARTIAL,HISTORICAL_SOURCE_DERIVED,static/index.html; static/panels.js (settings controls),WebUI HEAD 451acb916a33d9267713eaf57aba7f93e462993c; engine HEAD 97fbbecd35984d5e28a3482d60a1165121333fc9. Exact tested file fingerprints: evidence/source-provenance.json. Frozen run 20260909-080212-676633000; commits and content fingerprints are distinct provenance. Any explicitly permitted post-run operator additions are recorded separately as post_run_operator_scripts and are not browser-tested source.,test-kit/tests/e2e/full/preferences-behavior.spec.ts:50,PASS subset [20260909-080212-676633000]: US-SP-PREF-BEHAVIOR-EMPTY suggestions and entire welcome panel hide independently and survive reload; Suggestions hide and show independently while welcome panel remains visible; whole panel hide persists through hard reload; restoring the panel restores suggestions. Another account preference scope remains separate. Frozen source: True; current spec: True; all tested source files unchanged: True. Any permitted new operator scripts have separate provenance and no browser certification. Delivered report: evidence/executed-scenarios.csv (match test title and run ID).,"The listed setting controls persist, but downstream rendered behavior and second-user isolation/privileged-option restrictions still need the story-specific assertions."
US-SP-PREF-021,Settings and personal preferences,signed-in user,"As a signed-in user, I want to configure transcript virtualization.",Toggle experimental virtualization; open long seeded history; scroll/search/render old turns.,Supported content remains reachable without lost/duplicate messages; limitations are honestly described.,Personal preferences cannot change another account or enable governance-forbidden functionality; privileged global options require their own server permission.,REAL_BROWSER; RELOAD; TWO_USERS; NEGATIVE_SERVER,P1,NOT RUN,HISTORICAL_SOURCE_DERIVED,static/index.html; static/panels.js (settings controls),WebUI HEAD 451acb916a33d9267713eaf57aba7f93e462993c; engine HEAD 97fbbecd35984d5e28a3482d60a1165121333fc9. Exact tested file fingerprints: evidence/source-provenance.json. Frozen run 20260909-080212-676633000; commits and content fingerprints are distinct provenance. Any explicitly permitted post-run operator additions are recorded separately as post_run_operator_scripts and are not browser-tested source.,NOT YET MAPPED TO EXECUTED FRONTEND CASE,NONE: no semantically matching actual frontend assertion found in current isolated run reports.,"LOCALLY MISSING: verify current exposure/contract and implement the stated real-browser workflow, fixture and negative path. Historical provenance alone does not establish current availability."
US-SP-PREF-022,Settings and personal preferences,signed-in user,"As a signed-in user, I want to choose language and RTL layout.",Choose a supported language and RTL; inspect chat and other panels; reload.,Labels and intended chat alignment persist; non-chat layout follows its documented behavior.,Personal preferences cannot change another account or enable governance-forbidden functionality; privileged global options require their own server permission.,REAL_BROWSER; RELOAD; TWO_USERS; NEGATIVE_SERVER,P1,PARTIAL,HISTORICAL_SOURCE_DERIVED,static/index.html; static/panels.js (settings controls),WebUI HEAD 451acb916a33d9267713eaf57aba7f93e462993c; engine HEAD 97fbbecd35984d5e28a3482d60a1165121333fc9. Exact tested file fingerprints: evidence/source-provenance.json. Frozen run 20260909-080212-676633000; commits and content fingerprints are distinct provenance. Any explicitly permitted post-run operator additions are recorded separately as post_run_operator_scripts and are not browser-tested source.,test-kit/tests/e2e/full/preferences-behavior.spec.ts:36 | test-kit/tests/e2e/full/settings-complete.spec.ts:23,PASS subset [20260909-080212-676633000]: US-SP-PREF-BEHAVIOR-LANGUAGE German selection translates visible interface then restores English; German selection saves and translates actual settings heading and label; restoring English saves and reverses those DOM translations. Separate RTL control cases supplement only its persisted value; German reload is not asserted. Frozen source: True; current spec: True; all tested source files unchanged: True. Any permitted new operator scripts have separate provenance and no browser certification. Delivered report: evidence/executed-scenarios.csv (match test title and run ID). | PASS subset [20260909-080212-676633000]: US-SP-PREF-CONTROL-rtl both switch states save and reload; Both rtl checkbox states save through actual settings API and survive reload; downstream behavior/two-user bounds remain. Frozen source: True; current spec: True; all tested source files unchanged: True. Any permitted new operator scripts have separate provenance and no browser certification. Delivered report: evidence/executed-scenarios.csv (match test title and run ID).,"The listed setting controls persist, but downstream rendered behavior and second-user isolation/privileged-option restrictions still need the story-specific assertions."
US-SP-PREF-023,Settings and personal preferences,signed-in user,"As a signed-in user, I want to configure notification sound.",Toggle completion sound; finish a fixture run in foreground/background.,Sound occurs only according to preference and supported browser permission.,Personal preferences cannot change another account or enable governance-forbidden functionality; privileged global options require their own server permission.,REAL_BROWSER; RELOAD; TWO_USERS; NEGATIVE_SERVER,P1,PARTIAL,HISTORICAL_SOURCE_DERIVED,static/index.html; static/panels.js (settings controls),WebUI HEAD 451acb916a33d9267713eaf57aba7f93e462993c; engine HEAD 97fbbecd35984d5e28a3482d60a1165121333fc9. Exact tested file fingerprints: evidence/source-provenance.json. Frozen run 20260909-080212-676633000; commits and content fingerprints are distinct provenance. Any explicitly permitted post-run operator additions are recorded separately as post_run_operator_scripts and are not browser-tested source.,test-kit/tests/e2e/full/settings-complete.spec.ts:23,PASS subset [20260909-080212-676633000]: US-SP-PREF-CONTROL-sound_enabled both switch states save and reload; Both sound_enabled checkbox states save through actual settings API and survive reload; downstream behavior/two-user bounds remain. Frozen source: True; current spec: True; all tested source files unchanged: True. Any permitted new operator scripts have separate provenance and no browser certification. Delivered report: evidence/executed-scenarios.csv (match test title and run ID).,"The listed setting controls persist, but downstream rendered behavior and second-user isolation/privileged-option restrictions still need the story-specific assertions."
US-SP-PREF-024,Settings and personal preferences,signed-in user,"As a signed-in user, I want to configure TTS and auto-read preferences.",Toggle response TTS and auto-read; choose voice/rate/pitch; use a fixture response.,Values persist under the documented personal scope and read controls match them.,Personal preferences cannot change another account or enable governance-forbidden functionality; privileged global options require their own server permission.,REAL_BROWSER; RELOAD; TWO_USERS; NEGATIVE_SERVER,P1,NOT RUN,HISTORICAL_SOURCE_DERIVED,static/index.html; static/panels.js (settings controls),WebUI HEAD 451acb916a33d9267713eaf57aba7f93e462993c; engine HEAD 97fbbecd35984d5e28a3482d60a1165121333fc9. Exact tested file fingerprints: evidence/source-provenance.json. Frozen run 20260909-080212-676633000; commits and content fingerprints are distinct provenance. Any explicitly permitted post-run operator additions are recorded separately as post_run_operator_scripts and are not browser-tested source.,NOT YET MAPPED TO EXECUTED FRONTEND CASE,NONE: no semantically matching actual frontend assertion found in current isolated run reports.,"LOCALLY MISSING: verify current exposure/contract and implement the stated real-browser workflow, fixture and negative path. Historical provenance alone does not establish current availability."
US-SP-PREF-025,Settings and personal preferences,signed-in user,"As a signed-in user, I want to configure dictation append and raw audio.",Toggle append/raw-audio; invoke the fixture speech controls over an existing draft.,Input handling matches saved mode and never silently replaces/appends contrary to the setting.,Personal preferences cannot change another account or enable governance-forbidden functionality; privileged global options require their own server permission.,REAL_BROWSER; RELOAD; TWO_USERS; NEGATIVE_SERVER,P1,NOT RUN,HISTORICAL_SOURCE_DERIVED,static/index.html; static/panels.js (settings controls),WebUI HEAD 451acb916a33d9267713eaf57aba7f93e462993c; engine HEAD 97fbbecd35984d5e28a3482d60a1165121333fc9. Exact tested file fingerprints: evidence/source-provenance.json. Frozen run 20260909-080212-676633000; commits and content fingerprints are distinct provenance. Any explicitly permitted post-run operator additions are recorded separately as post_run_operator_scripts and are not browser-tested source.,NOT YET MAPPED TO EXECUTED FRONTEND CASE,NONE: no semantically matching actual frontend assertion found in current isolated run reports.,"LOCALLY MISSING: verify current exposure/contract and implement the stated real-browser workflow, fixture and negative path. Historical provenance alone does not establish current availability."
US-SP-PREF-026,Settings and personal preferences,signed-in user,"As a signed-in user, I want to configure browser notifications.",Toggle notifications; deny/grant browser permission; complete a background fixture run.,Permission status is accurate and notifications follow both settings and browser permission.,Personal preferences cannot change another account or enable governance-forbidden functionality; privileged global options require their own server permission.,REAL_BROWSER; RELOAD; TWO_USERS; NEGATIVE_SERVER,P1,NOT RUN,HISTORICAL_SOURCE_DERIVED,static/index.html; static/panels.js (settings controls),WebUI HEAD 451acb916a33d9267713eaf57aba7f93e462993c; engine HEAD 97fbbecd35984d5e28a3482d60a1165121333fc9. Exact tested file fingerprints: evidence/source-provenance.json. Frozen run 20260909-080212-676633000; commits and content fingerprints are distinct provenance. Any explicitly permitted post-run operator additions are recorded separately as post_run_operator_scripts and are not browser-tested source.,NOT YET MAPPED TO EXECUTED FRONTEND CASE,NONE: no semantically matching actual frontend assertion found in current isolated run reports.,"LOCALLY MISSING: verify current exposure/contract and implement the stated real-browser workflow, fixture and negative path. Historical provenance alone does not establish current availability."
US-SP-PREF-027,Settings and personal preferences,signed-in user,"As a signed-in user, I want to show token counts speed and quota controls.",Toggle token usage/TPS/quota chip; run known usage at narrow/wide widths.,Correct values appear where supported and unknown quota is not shown as zero.,Personal preferences cannot change another account or enable governance-forbidden functionality; privileged global options require their own server permission.,REAL_BROWSER; RELOAD; TWO_USERS; NEGATIVE_SERVER,P1,PARTIAL,HISTORICAL_SOURCE_DERIVED,static/index.html; static/panels.js (settings controls),WebUI HEAD 451acb916a33d9267713eaf57aba7f93e462993c; engine HEAD 97fbbecd35984d5e28a3482d60a1165121333fc9. Exact tested file fingerprints: evidence/source-provenance.json. Frozen run 20260909-080212-676633000; commits and content fingerprints are distinct provenance. Any explicitly permitted post-run operator additions are recorded separately as post_run_operator_scripts and are not browser-tested source.,test-kit/tests/e2e/full/settings-complete.spec.ts:23,PASS subset [20260909-080212-676633000]: US-SP-PREF-CONTROL-show_token_usage both switch states save and reload; Both show_token_usage checkbox states save through actual settings API and survive reload; downstream behavior/two-user bounds remain. Frozen source: True; current spec: True; all tested source files unchanged: True. Any permitted new operator scripts have separate provenance and no browser certification. Delivered report: evidence/executed-scenarios.csv (match test title and run ID). | PASS subset [20260909-080212-676633000]: US-SP-PREF-CONTROL-show_quota_chip both switch states save and reload; Both show_quota_chip checkbox states save through actual settings API and survive reload; downstream behavior/two-user bounds remain. Frozen source: True; current spec: True; all tested source files unchanged: True. Any permitted new operator scripts have separate provenance and no browser certification. Delivered report: evidence/executed-scenarios.csv (match test title and run ID). | PASS subset [20260909-080212-676633000]: US-SP-PREF-CONTROL-show_tps both switch states save and reload; Both show_tps checkbox states save through actual settings API and survive reload; downstream behavior/two-user bounds remain. Frozen source: True; current spec: True; all tested source files unchanged: True. Any permitted new operator scripts have separate provenance and no browser certification. Delivered report: evidence/executed-scenarios.csv (match test title and run ID).,"The listed setting controls persist, but downstream rendered behavior and second-user isolation/privileged-option restrictions still need the story-specific assertions."
US-SP-PREF-028,Settings and personal preferences,signed-in user,"As a signed-in user, I want to set maximum output tokens.",Enter valid/invalid/blank values; save; run a fixture completion.,Valid cap reaches actual provider request; blank uses documented fallback and invalid input is rejected.,Personal preferences cannot change another account or enable governance-forbidden functionality; privileged global options require their own server permission.,REAL_BROWSER; RELOAD; TWO_USERS; NEGATIVE_SERVER,P1,NOT RUN,HISTORICAL_SOURCE_DERIVED,static/index.html; static/panels.js (settings controls),WebUI HEAD 451acb916a33d9267713eaf57aba7f93e462993c; engine HEAD 97fbbecd35984d5e28a3482d60a1165121333fc9. Exact tested file fingerprints: evidence/source-provenance.json. Frozen run 20260909-080212-676633000; commits and content fingerprints are distinct provenance. Any explicitly permitted post-run operator additions are recorded separately as post_run_operator_scripts and are not browser-tested source.,NOT YET MAPPED TO EXECUTED FRONTEND CASE,NONE: no semantically matching actual frontend assertion found in current isolated run reports.,"LOCALLY MISSING: verify current exposure/contract and implement the stated real-browser workflow, fixture and negative path. Historical provenance alone does not establish current availability."
US-SP-PREF-029,Settings and personal preferences,signed-in user,"As a signed-in user, I want to toggle conversation outline and fade effect.",Toggle each control; open a long streaming fixture; use outline jumps.,Presentation persists without hiding content or causing scroll jumps.,Personal preferences cannot change another account or enable governance-forbidden functionality; privileged global options require their own server permission.,REAL_BROWSER; RELOAD; TWO_USERS; NEGATIVE_SERVER,P1,PARTIAL,HISTORICAL_SOURCE_DERIVED,static/index.html; static/panels.js (settings controls),WebUI HEAD 451acb916a33d9267713eaf57aba7f93e462993c; engine HEAD 97fbbecd35984d5e28a3482d60a1165121333fc9. Exact tested file fingerprints: evidence/source-provenance.json. Frozen run 20260909-080212-676633000; commits and content fingerprints are distinct provenance. Any explicitly permitted post-run operator additions are recorded separately as post_run_operator_scripts and are not browser-tested source.,test-kit/tests/e2e/full/settings-complete.spec.ts:23,PASS subset [20260909-080212-676633000]: US-SP-PREF-CONTROL-show_conversation_outline both switch states save and reload; Both show_conversation_outline checkbox states save through actual settings API and survive reload; downstream behavior/two-user bounds remain. Frozen source: True; current spec: True; all tested source files unchanged: True. Any permitted new operator scripts have separate provenance and no browser certification. Delivered report: evidence/executed-scenarios.csv (match test title and run ID). | PASS subset [20260909-080212-676633000]: US-SP-PREF-CONTROL-fade_text_effect both switch states save and reload; Both fade_text_effect checkbox states save through actual settings API and survive reload; downstream behavior/two-user bounds remain. Frozen source: True; current spec: True; all tested source files unchanged: True. Any permitted new operator scripts have separate provenance and no browser certification. Delivered report: evidence/executed-scenarios.csv (match test title and run ID).,"The listed setting controls persist, but downstream rendered behavior and second-user isolation/privileged-option restrictions still need the story-specific assertions."
US-SP-PREF-030,Settings and personal preferences,signed-in user,"As a signed-in user, I want to configure terminal auto-expand.",Toggle auto-expand; collapse terminal; emit fixture command output.,Terminal expansion follows preference and data remains accessible.,Personal preferences cannot change another account or enable governance-forbidden functionality; privileged global options require their own server permission.,REAL_BROWSER; RELOAD; TWO_USERS; NEGATIVE_SERVER,P1,PARTIAL,HISTORICAL_SOURCE_DERIVED,static/index.html; static/panels.js (settings controls),WebUI HEAD 451acb916a33d9267713eaf57aba7f93e462993c; engine HEAD 97fbbecd35984d5e28a3482d60a1165121333fc9. Exact tested file fingerprints: evidence/source-provenance.json. Frozen run 20260909-080212-676633000; commits and content fingerprints are distinct provenance. Any explicitly permitted post-run operator additions are recorded separately as post_run_operator_scripts and are not browser-tested source.,test-kit/tests/e2e/full/settings-complete.spec.ts:23,PASS subset [20260909-080212-676633000]: US-SP-PREF-CONTROL-terminal_auto_expand_on_output both switch states save and reload; Both terminal_auto_expand_on_output checkbox states save through actual settings API and survive reload; downstream behavior/two-user bounds remain. Frozen source: True; current spec: True; all tested source files unchanged: True. Any permitted new operator scripts have separate provenance and no browser certification. Delivered report: evidence/executed-scenarios.csv (match test title and run ID).,"The listed setting controls persist, but downstream rendered behavior and second-user isolation/privileged-option restrictions still need the story-specific assertions."
US-SP-PREF-031,Settings and personal preferences,signed-in user,"As a signed-in user, I want to configure API redaction.",As authorized administrator toggle redaction in isolated state; inspect permitted fixture API/UI values.,Redaction state persists and protected secrets/private data remain governed by the explicit security contract.,Ordinary users cannot change global redaction or retrieve raw privileged values.,REAL_BROWSER; ADMIN_AND_MEMBER; PRIVACY_MARKERS; NEGATIVE_SERVER,P1,NOT RUN,HISTORICAL_SOURCE_DERIVED,static/index.html; static/panels.js (settings controls),WebUI HEAD 451acb916a33d9267713eaf57aba7f93e462993c; engine HEAD 97fbbecd35984d5e28a3482d60a1165121333fc9. Exact tested file fingerprints: evidence/source-provenance.json. Frozen run 20260909-080212-676633000; commits and content fingerprints are distinct provenance. Any explicitly permitted post-run operator additions are recorded separately as post_run_operator_scripts and are not browser-tested source.,NOT YET MAPPED TO EXECUTED FRONTEND CASE,NONE: no semantically matching actual frontend assertion found in current isolated run reports.,"LOCALLY MISSING: verify current exposure/contract and implement the stated real-browser workflow, fixture and negative path. Historical provenance alone does not establish current availability."
US-SP-PREF-032,Settings and personal preferences,signed-in user,"As a signed-in user, I want to configure sidebar density and pin limit.",Choose Compact/Detailed; set valid/invalid pin limits; pin fixture chats.,Density persists and allowed pin count matches the valid configured limit.,Personal preferences cannot change another account or enable governance-forbidden functionality; privileged global options require their own server permission.,REAL_BROWSER; RELOAD; TWO_USERS; NEGATIVE_SERVER,P1,PARTIAL,HISTORICAL_SOURCE_DERIVED,static/index.html; static/panels.js (settings controls),WebUI HEAD 451acb916a33d9267713eaf57aba7f93e462993c; engine HEAD 97fbbecd35984d5e28a3482d60a1165121333fc9. Exact tested file fingerprints: evidence/source-provenance.json. Frozen run 20260909-080212-676633000; commits and content fingerprints are distinct provenance. Any explicitly permitted post-run operator additions are recorded separately as post_run_operator_scripts and are not browser-tested source.,test-kit/tests/e2e/full/settings-complete.spec.ts:81 | test-kit/tests/e2e/full/settings-complete.spec.ts:88,PASS subset [20260909-080212-676633000]: US-SP-PREF-SELECT-sidebar_density every offered option saves and restores; Every offered sidebar_density option saves and original choice reloads; actual downstream behavior remains. Frozen source: True; current spec: True; all tested source files unchanged: True. Any permitted new operator scripts have separate provenance and no browser certification. Delivered report: evidence/executed-scenarios.csv (match test title and run ID). | PASS subset [20260909-080212-676633000]: US-SP-PREF-NUMBERS pinned limit and assistant display name save and reload; Pinned limit and assistant display name save/reload; actual pin-limit boundary and transcript labels remain. Frozen source: True; current spec: True; all tested source files unchanged: True. Any permitted new operator scripts have separate provenance and no browser certification. Delivered report: evidence/executed-scenarios.csv (match test title and run ID).,"The listed setting controls persist, but downstream rendered behavior and second-user isolation/privileged-option restrictions still need the story-specific assertions."
US-SP-PREF-033,Settings and personal preferences,signed-in user,"As a signed-in user, I want to configure automatic title refresh.",Choose Off and one refresh interval; run the required synthetic exchanges.,Only documented title refreshes occur and user titles follow ownership rules.,Personal preferences cannot change another account or enable governance-forbidden functionality; privileged global options require their own server permission.,REAL_BROWSER; RELOAD; TWO_USERS; NEGATIVE_SERVER,P1,PARTIAL,HISTORICAL_SOURCE_DERIVED,static/index.html; static/panels.js (settings controls),WebUI HEAD 451acb916a33d9267713eaf57aba7f93e462993c; engine HEAD 97fbbecd35984d5e28a3482d60a1165121333fc9. Exact tested file fingerprints: evidence/source-provenance.json. Frozen run 20260909-080212-676633000; commits and content fingerprints are distinct provenance. Any explicitly permitted post-run operator additions are recorded separately as post_run_operator_scripts and are not browser-tested source.,test-kit/tests/e2e/full/settings-complete.spec.ts:81,PASS subset [20260909-080212-676633000]: US-SP-PREF-SELECT-auto_title_refresh_every every offered option saves and restores; Every offered auto_title_refresh_every option saves and original choice reloads; actual downstream behavior remains. Frozen source: True; current spec: True; all tested source files unchanged: True. Any permitted new operator scripts have separate provenance and no browser certification. Delivered report: evidence/executed-scenarios.csv (match test title and run ID).,"The listed setting controls persist, but downstream rendered behavior and second-user isolation/privileged-option restrictions still need the story-specific assertions."
US-SP-PREF-034,Settings and personal preferences,signed-in user,"As a signed-in user, I want to configure default busy-message action.",Choose queue/interrupt/steer defaults; start a run; inspect composer and submit follow-up.,The default and busy hint persist; actual behavior matches the visible action.,Personal preferences cannot change another account or enable governance-forbidden functionality; privileged global options require their own server permission.,REAL_BROWSER; RELOAD; TWO_USERS; NEGATIVE_SERVER,P1,PARTIAL,HISTORICAL_SOURCE_DERIVED,static/index.html; static/panels.js (settings controls),WebUI HEAD 451acb916a33d9267713eaf57aba7f93e462993c; engine HEAD 97fbbecd35984d5e28a3482d60a1165121333fc9. Exact tested file fingerprints: evidence/source-provenance.json. Frozen run 20260909-080212-676633000; commits and content fingerprints are distinct provenance. Any explicitly permitted post-run operator additions are recorded separately as post_run_operator_scripts and are not browser-tested source.,test-kit/tests/e2e/full/settings-complete.spec.ts:23 | test-kit/tests/e2e/full/settings-complete.spec.ts:81,PASS subset [20260909-080212-676633000]: US-SP-PREF-CONTROL-show_busy_placeholder_hint both switch states save and reload; Both show_busy_placeholder_hint checkbox states save through actual settings API and survive reload; downstream behavior/two-user bounds remain. Frozen source: True; current spec: True; all tested source files unchanged: True. Any permitted new operator scripts have separate provenance and no browser certification. Delivered report: evidence/executed-scenarios.csv (match test title and run ID). | PASS subset [20260909-080212-676633000]: US-SP-PREF-SELECT-default_message_mode every offered option saves and restores; Every offered default_message_mode option saves and original choice reloads; actual downstream behavior remains. Frozen source: True; current spec: True; all tested source files unchanged: True. Any permitted new operator scripts have separate provenance and no browser certification. Delivered report: evidence/executed-scenarios.csv (match test title and run ID).,"The listed setting controls persist, but downstream rendered behavior and second-user isolation/privileged-option restrictions still need the story-specific assertions."
US-SP-PREF-035,Settings and personal preferences,signed-in user,"As a signed-in user, I want to filter external session types.",Toggle non-WebUI/cron/Claude Code/webhook/previous messaging sessions; reload sidebar.,Only configured and authorized source types appear; subordinate toggles behave consistently.,Personal preferences cannot change another account or enable governance-forbidden functionality; privileged global options require their own server permission.,REAL_BROWSER; RELOAD; TWO_USERS; NEGATIVE_SERVER,P1,NOT RUN,HISTORICAL_SOURCE_DERIVED,static/index.html; static/panels.js (settings controls),WebUI HEAD 451acb916a33d9267713eaf57aba7f93e462993c; engine HEAD 97fbbecd35984d5e28a3482d60a1165121333fc9. Exact tested file fingerprints: evidence/source-provenance.json. Frozen run 20260909-080212-676633000; commits and content fingerprints are distinct provenance. Any explicitly permitted post-run operator additions are recorded separately as post_run_operator_scripts and are not browser-tested source.,NOT YET MAPPED TO EXECUTED FRONTEND CASE,NONE: no semantically matching actual frontend assertion found in current isolated run reports.,"LOCALLY MISSING: verify current exposure/contract and implement the stated real-browser workflow, fixture and negative path. Historical provenance alone does not establish current availability."
US-SP-PREF-036,Settings and personal preferences,signed-in user,"As a signed-in user, I want to configure usage synchronization.",Toggle usage sync to Insights; run a known fixture turn; inspect recorded totals.,Usage is recorded under the documented setting without double counting or crossing user boundaries.,Personal preferences cannot change another account or enable governance-forbidden functionality; privileged global options require their own server permission.,REAL_BROWSER; RELOAD; TWO_USERS; NEGATIVE_SERVER,P1,NOT RUN,HISTORICAL_SOURCE_DERIVED,static/index.html; static/panels.js (settings controls),WebUI HEAD 451acb916a33d9267713eaf57aba7f93e462993c; engine HEAD 97fbbecd35984d5e28a3482d60a1165121333fc9. Exact tested file fingerprints: evidence/source-provenance.json. Frozen run 20260909-080212-676633000; commits and content fingerprints are distinct provenance. Any explicitly permitted post-run operator additions are recorded separately as post_run_operator_scripts and are not browser-tested source.,NOT YET MAPPED TO EXECUTED FRONTEND CASE,NONE: no semantically matching actual frontend assertion found in current isolated run reports.,"LOCALLY MISSING: verify current exposure/contract and implement the stated real-browser workflow, fixture and negative path. Historical provenance alone does not establish current availability."
US-SP-PREF-037,Settings and personal preferences,signed-in user,"As a signed-in user, I want to configure update preferences.",Toggle checks/ignored agent updates/summary preference; select stable/experimental; inspect update UI.,Selections persist and follow the configured update channel; no installation is implied by a check.,Personal preferences cannot change another account or enable governance-forbidden functionality; privileged global options require their own server permission.,REAL_BROWSER; RELOAD; TWO_USERS; NEGATIVE_SERVER,P1,PARTIAL,HISTORICAL_SOURCE_DERIVED,static/index.html; static/panels.js (settings controls),WebUI HEAD 451acb916a33d9267713eaf57aba7f93e462993c; engine HEAD 97fbbecd35984d5e28a3482d60a1165121333fc9. Exact tested file fingerprints: evidence/source-provenance.json. Frozen run 20260909-080212-676633000; commits and content fingerprints are distinct provenance. Any explicitly permitted post-run operator additions are recorded separately as post_run_operator_scripts and are not browser-tested source.,test-kit/tests/e2e/full/settings-complete.spec.ts:23,PASS subset [20260909-080212-676633000]: US-SP-PREF-CONTROL-whats_new_summary_enabled both switch states save and reload; Both whats_new_summary_enabled checkbox states save through actual settings API and survive reload; downstream behavior/two-user bounds remain. Frozen source: True; current spec: True; all tested source files unchanged: True. Any permitted new operator scripts have separate provenance and no browser certification. Delivered report: evidence/executed-scenarios.csv (match test title and run ID).,"The listed setting controls persist, but downstream rendered behavior and second-user isolation/privileged-option restrictions still need the story-specific assertions."
US-SP-PREF-038,Settings and personal preferences,signed-in user,"As a signed-in user, I want to set a default assistant display name.",Edit default bot name; save; inspect default and named-profile chats.,Only the documented default display name changes; named bots retain their identities.,Personal preferences cannot change another account or enable governance-forbidden functionality; privileged global options require their own server permission.,REAL_BROWSER; RELOAD; TWO_USERS; NEGATIVE_SERVER,P1,PARTIAL,HISTORICAL_SOURCE_DERIVED,static/index.html; static/panels.js (settings controls),WebUI HEAD 451acb916a33d9267713eaf57aba7f93e462993c; engine HEAD 97fbbecd35984d5e28a3482d60a1165121333fc9. Exact tested file fingerprints: evidence/source-provenance.json. Frozen run 20260909-080212-676633000; commits and content fingerprints are distinct provenance. Any explicitly permitted post-run operator additions are recorded separately as post_run_operator_scripts and are not browser-tested source.,test-kit/tests/e2e/full/settings-complete.spec.ts:88,PASS subset [20260909-080212-676633000]: US-SP-PREF-NUMBERS pinned limit and assistant display name save and reload; Pinned limit and assistant display name save/reload; actual pin-limit boundary and transcript labels remain. Frozen source: True; current spec: True; all tested source files unchanged: True. Any permitted new operator scripts have separate provenance and no browser certification. Delivered report: evidence/executed-scenarios.csv (match test title and run ID).,"The listed setting controls persist, but downstream rendered behavior and second-user isolation/privileged-option restrictions still need the story-specific assertions."
US-SP-PREF-039,Settings and personal preferences,signed-in user,"As a signed-in user, I want to recover failed settings autosave.",Change an autosaved preference; fail the request; inspect unsaved/error indicator; retry.,Failure remains visible and success is claimed only after persisted read-back.,Personal preferences cannot change another account or enable governance-forbidden functionality; privileged global options require their own server permission.,REAL_BROWSER; RELOAD; TWO_USERS; NEGATIVE_SERVER,P1,NOT RUN,HISTORICAL_SOURCE_DERIVED,static/index.html; static/panels.js (settings controls),WebUI HEAD 451acb916a33d9267713eaf57aba7f93e462993c; engine HEAD 97fbbecd35984d5e28a3482d60a1165121333fc9. Exact tested file fingerprints: evidence/source-provenance.json. Frozen run 20260909-080212-676633000; commits and content fingerprints are distinct provenance. Any explicitly permitted post-run operator additions are recorded separately as post_run_operator_scripts and are not browser-tested source.,NOT YET MAPPED TO EXECUTED FRONTEND CASE,NONE: no semantically matching actual frontend assertion found in current isolated run reports.,"LOCALLY MISSING: verify current exposure/contract and implement the stated real-browser workflow, fixture and negative path. Historical provenance alone does not establish current availability."
US-SP-PREF-040,Settings and personal preferences,signed-in user,"As a signed-in user, I want to discard unsaved settings on navigation.",Change a non-autosaved field; navigate away using the displayed save/discard flow.,The chosen discard/save behavior matches stored state and no late response reclaims the old panel.,Personal preferences cannot change another account or enable governance-forbidden functionality; privileged global options require their own server permission.,REAL_BROWSER; RELOAD; TWO_USERS; NEGATIVE_SERVER,P1,NOT RUN,HISTORICAL_SOURCE_DERIVED,static/index.html; static/panels.js (settings controls),WebUI HEAD 451acb916a33d9267713eaf57aba7f93e462993c; engine HEAD 97fbbecd35984d5e28a3482d60a1165121333fc9. Exact tested file fingerprints: evidence/source-provenance.json. Frozen run 20260909-080212-676633000; commits and content fingerprints are distinct provenance. Any explicitly permitted post-run operator additions are recorded separately as post_run_operator_scripts and are not browser-tested source.,NOT YET MAPPED TO EXECUTED FRONTEND CASE,NONE: no semantically matching actual frontend assertion found in current isolated run reports.,"LOCALLY MISSING: verify current exposure/contract and implement the stated real-browser workflow, fixture and negative path. Historical provenance alone does not establish current availability."
US-SP-PROV-001,"Providers, models and budgets",authorized provider administrator,"As an authorized provider administrator, I want to inspect provider cards and models.",Open Providers; expand configured entries; inspect model list/status.,"Configured, connected and failed states are distinguished without exposing secret values.","Non-admins cannot read/write provider secrets, change budgets or select ungranted model routes; errors and evidence must redact credentials.",REAL_BROWSER; PROVIDER_FIXTURE; RELOAD; NEGATIVE_SERVER,P1,NOT RUN,HISTORICAL_SOURCE_DERIVED,"static/panels.js (provider, quota, budget and auxiliary-model controls)",WebUI HEAD 451acb916a33d9267713eaf57aba7f93e462993c; engine HEAD 97fbbecd35984d5e28a3482d60a1165121333fc9. Exact tested file fingerprints: evidence/source-provenance.json. Frozen run 20260909-080212-676633000; commits and content fingerprints are distinct provenance. Any explicitly permitted post-run operator additions are recorded separately as post_run_operator_scripts and are not browser-tested source.,NOT YET MAPPED TO EXECUTED FRONTEND CASE,NONE: no semantically matching actual frontend assertion found in current isolated run reports.,"LOCALLY MISSING: verify current exposure/contract and implement the stated real-browser workflow, fixture and negative path. Historical provenance alone does not establish current availability."
US-SP-PROV-002,"Providers, models and budgets",authorized provider administrator,"As an authorized provider administrator, I want to save and remove a fixture provider key.",Enter a disposable local-provider credential; Save; test; Remove; reload.,Only that provider credential changes and secret input is not echoed in reports or URLs.,"Non-admins cannot read/write provider secrets, change budgets or select ungranted model routes; errors and evidence must redact credentials.",REAL_BROWSER; PROVIDER_FIXTURE; RELOAD; NEGATIVE_SERVER,P1,NOT RUN,HISTORICAL_SOURCE_DERIVED,"static/panels.js (provider, quota, budget and auxiliary-model controls)",WebUI HEAD 451acb916a33d9267713eaf57aba7f93e462993c; engine HEAD 97fbbecd35984d5e28a3482d60a1165121333fc9. Exact tested file fingerprints: evidence/source-provenance.json. Frozen run 20260909-080212-676633000; commits and content fingerprints are distinct provenance. Any explicitly permitted post-run operator additions are recorded separately as post_run_operator_scripts and are not browser-tested source.,NOT YET MAPPED TO EXECUTED FRONTEND CASE,NONE: no semantically matching actual frontend assertion found in current isolated run reports.,"LOCALLY MISSING: verify current exposure/contract and implement the stated real-browser workflow, fixture and negative path. Historical provenance alone does not establish current availability."
US-SP-PROV-003,"Providers, models and budgets",authorized provider administrator,"As an authorized provider administrator, I want to configure a self-hosted provider.",Enter local fixture endpoint/model; test connection; save; refresh model picker.,Saved provider and exact endpoint/model are selectable only when permitted.,An identity without provider configuration permission cannot change the saved endpoint/model. Secret-bearing fields stay redacted from provider reads and browser evidence.,REAL_BROWSER; PROVIDER_FIXTURE; RELOAD; NEGATIVE_SERVER,P1,PARTIAL,HISTORICAL_SOURCE_DERIVED,"static/panels.js (provider, quota, budget and auxiliary-model controls)",WebUI HEAD 451acb916a33d9267713eaf57aba7f93e462993c; engine HEAD 97fbbecd35984d5e28a3482d60a1165121333fc9. Exact tested file fingerprints: evidence/source-provenance.json. Frozen run 20260909-080212-676633000; commits and content fingerprints are distinct provenance. Any explicitly permitted post-run operator additions are recorded separately as post_run_operator_scripts and are not browser-tested source.,test-kit/tests/e2e/full/system-configuration.spec.ts:147,PASS subset [20260909-080212-676633000]: US-SP-SYSTEM-PROVIDER actual self-hosted connection test save and inference use only the loopback provider; Actual self-hosted connection probe obtains one local model; Save persists and activates exact endpoint/model; reload and denied write preserve it; real chat inference returns a stored deterministic marker. No external provider or deliberately failed completion is asserted. Frozen source: True; current spec: True; all tested source files unchanged: True. Any permitted new operator scripts have separate provenance and no browser certification. Delivered report: evidence/executed-scenarios.csv (match test title and run ID).,"Real local probe, persisted endpoint/model, reload, denied configuration write and actual inference are covered. Verify the specific model-picker refresh/selection and provider credential-view boundaries."
US-SP-PROV-004,"Providers, models and budgets",authorized provider administrator,"As an authorized provider administrator, I want to distinguish connection test from inference.",Pass a fixture health/catalog probe; deliberately fail completion; send a chat.,The UI does not equate connection-test success with successful generation.,A denied provider/model cannot be selected or invoked through either the connection probe or completion path; failed completion must preserve the user draft and expose no credentials.,REAL_BROWSER; PROVIDER_FIXTURE; RELOAD; NEGATIVE_SERVER,P1,NOT RUN,HISTORICAL_SOURCE_DERIVED,"static/panels.js (provider, quota, budget and auxiliary-model controls)",WebUI HEAD 451acb916a33d9267713eaf57aba7f93e462993c; engine HEAD 97fbbecd35984d5e28a3482d60a1165121333fc9. Exact tested file fingerprints: evidence/source-provenance.json. Frozen run 20260909-080212-676633000; commits and content fingerprints are distinct provenance. Any explicitly permitted post-run operator additions are recorded separately as post_run_operator_scripts and are not browser-tested source.,NOT YET MAPPED TO EXECUTED FRONTEND CASE,NONE: no semantically matching actual frontend assertion found in current isolated run reports.,LOCAL FIXTURE WORK REMAINS: deliberate completion failure after a successful probe is not yet tested. Successful local inference in SYSTEM-PROVIDER does not satisfy this error-path story.
US-SP-PROV-005,"Providers, models and budgets",authorized provider administrator,"As an authorized provider administrator, I want to refresh provider models.",Refresh the catalog; change fixture model availability; reopen picker.,Current permitted models appear; stale results cannot replace another provider's catalog.,"Non-admins cannot read/write provider secrets, change budgets or select ungranted model routes; errors and evidence must redact credentials.",REAL_BROWSER; PROVIDER_FIXTURE; RELOAD; NEGATIVE_SERVER,P1,PARTIAL,HISTORICAL_SOURCE_DERIVED,"static/panels.js (provider, quota, budget and auxiliary-model controls)",WebUI HEAD 451acb916a33d9267713eaf57aba7f93e462993c; engine HEAD 97fbbecd35984d5e28a3482d60a1165121333fc9. Exact tested file fingerprints: evidence/source-provenance.json. Frozen run 20260909-080212-676633000; commits and content fingerprints are distinct provenance. Any explicitly permitted post-run operator additions are recorded separately as post_run_operator_scripts and are not browser-tested source.,test-kit/tests/e2e/full/resource-security.spec.ts:3,"PASS subset [20260909-080212-676633000]: US-SP-POL-RESOURCE resource denials saved in frontend block real named skill settings and model API bypasses; Admin saves named skill/model/provider/settings denials via real frontend; second browser receives 10 expected direct-route 403s, catalogs hide denied resources, protected state remains unchanged. These are negative-path supplements only. Frozen source: True; current spec: True; all tested source files unchanged: True. Any permitted new operator scripts have separate provenance and no browser certification. Delivered report: evidence/executed-scenarios.csv (match test title and run ID).","Only the listed assertions are evidenced; complete the remaining explicit frontend, persistence and permission requirements in this row."
US-SP-PROV-006,"Providers, models and budgets",authorized provider administrator,"As an authorized provider administrator, I want to inspect quota windows and pools.",Load known fixture quotas/pool states; expand breakdowns; refresh.,"Units, remaining/used values, reset times and source freshness match fixture data.","Non-admins cannot read/write provider secrets, change budgets or select ungranted model routes; errors and evidence must redact credentials.",REAL_BROWSER; PROVIDER_FIXTURE; RELOAD; NEGATIVE_SERVER,P1,NOT RUN,HISTORICAL_SOURCE_DERIVED,"static/panels.js (provider, quota, budget and auxiliary-model controls)",WebUI HEAD 451acb916a33d9267713eaf57aba7f93e462993c; engine HEAD 97fbbecd35984d5e28a3482d60a1165121333fc9. Exact tested file fingerprints: evidence/source-provenance.json. Frozen run 20260909-080212-676633000; commits and content fingerprints are distinct provenance. Any explicitly permitted post-run operator additions are recorded separately as post_run_operator_scripts and are not browser-tested source.,NOT YET MAPPED TO EXECUTED FRONTEND CASE,NONE: no semantically matching actual frontend assertion found in current isolated run reports.,"LOCALLY MISSING: verify current exposure/contract and implement the stated real-browser workflow, fixture and negative path. Historical provenance alone does not establish current availability."
US-SP-PROV-007,"Providers, models and budgets",authorized provider administrator,"As an authorized provider administrator, I want to handle quota errors and exhausted balance.","Return rate limit, credit exhaustion, authentication and unknown-status fixtures.","The UI distinguishes states accurately, offers supported recovery and does not fabricate a balance.","Non-admins cannot read/write provider secrets, change budgets or select ungranted model routes; errors and evidence must redact credentials.",REAL_BROWSER; PROVIDER_FIXTURE; RELOAD; NEGATIVE_SERVER,P1,NOT RUN,HISTORICAL_SOURCE_DERIVED,"static/panels.js (provider, quota, budget and auxiliary-model controls)",WebUI HEAD 451acb916a33d9267713eaf57aba7f93e462993c; engine HEAD 97fbbecd35984d5e28a3482d60a1165121333fc9. Exact tested file fingerprints: evidence/source-provenance.json. Frozen run 20260909-080212-676633000; commits and content fingerprints are distinct provenance. Any explicitly permitted post-run operator additions are recorded separately as post_run_operator_scripts and are not browser-tested source.,NOT YET MAPPED TO EXECUTED FRONTEND CASE,NONE: no semantically matching actual frontend assertion found in current isolated run reports.,"LOCALLY MISSING: verify current exposure/contract and implement the stated real-browser workflow, fixture and negative path. Historical provenance alone does not establish current availability."
US-SP-PROV-008,"Providers, models and budgets",authorized provider administrator,"As an authorized provider administrator, I want to configure a provider budget.",Set a bounded fixture budget; save; cross the cap synthetically; inspect behavior.,Budget persists and documented enforcement/reporting behavior matches actual requests.,"Non-admins cannot read/write provider secrets, change budgets or select ungranted model routes; errors and evidence must redact credentials.",REAL_BROWSER; PROVIDER_FIXTURE; RELOAD; NEGATIVE_SERVER,P1,NOT RUN,HISTORICAL_SOURCE_DERIVED,"static/panels.js (provider, quota, budget and auxiliary-model controls)",WebUI HEAD 451acb916a33d9267713eaf57aba7f93e462993c; engine HEAD 97fbbecd35984d5e28a3482d60a1165121333fc9. Exact tested file fingerprints: evidence/source-provenance.json. Frozen run 20260909-080212-676633000; commits and content fingerprints are distinct provenance. Any explicitly permitted post-run operator additions are recorded separately as post_run_operator_scripts and are not browser-tested source.,NOT YET MAPPED TO EXECUTED FRONTEND CASE,NONE: no semantically matching actual frontend assertion found in current isolated run reports.,"LOCALLY MISSING: verify current exposure/contract and implement the stated real-browser workflow, fixture and negative path. Historical provenance alone does not establish current availability."
US-SP-PROV-009,"Providers, models and budgets",authorized provider administrator,"As an authorized provider administrator, I want to configure auxiliary task models.",Open auxiliary model controls; choose allowed provider/model for a supported task; save; run that fixture task.,The actual auxiliary request uses its saved pair without replacing the main chat model.,An identity without model configuration permission cannot change any auxiliary assignment; ungranted provider/model pairs cannot be saved or invoked.,REAL_BROWSER; PROVIDER_FIXTURE; RELOAD; NEGATIVE_SERVER,P1,PARTIAL,HISTORICAL_SOURCE_DERIVED,"static/panels.js (provider, quota, budget and auxiliary-model controls)",WebUI HEAD 451acb916a33d9267713eaf57aba7f93e462993c; engine HEAD 97fbbecd35984d5e28a3482d60a1165121333fc9. Exact tested file fingerprints: evidence/source-provenance.json. Frozen run 20260909-080212-676633000; commits and content fingerprints are distinct provenance. Any explicitly permitted post-run operator additions are recorded separately as post_run_operator_scripts and are not browser-tested source.,test-kit/tests/e2e/full/resource-security.spec.ts:3 | test-kit/tests/e2e/full/system-configuration.spec.ts:80,"PASS subset [20260909-080212-676633000]: US-SP-POL-RESOURCE resource denials saved in frontend block real named skill settings and model API bypasses; Admin saves named skill/model/provider/settings denials via real frontend; second browser receives 10 expected direct-route 403s, catalogs hide denied resources, protected state remains unchanged. These are negative-path supplements only. Frozen source: True; current spec: True; all tested source files unchanged: True. Any permitted new operator scripts have separate provenance and no browser certification. Delivered report: evidence/executed-scenarios.csv (match test title and run ID). | PASS subset [20260909-080212-676633000]: US-SP-SYSTEM-AUX-SLOTS every actual auxiliary slot saves chosen local provider model and reset cancellation preserves assignments; All 12 rendered auxiliary slots save/reload their chosen loopback provider/model; reset cancellation preserves assignments; denied assignment change is403; confirmed reset returns all slots to auto. No auxiliary worker dispatch is asserted. Frozen source: True; current spec: True; all tested source files unchanged: True. Any permitted new operator scripts have separate provenance and no browser certification. Delivered report: evidence/executed-scenarios.csv (match test title and run ID).",All 12 rendered slot assignments and reset/cancel/denial persist. Trigger the corresponding real auxiliary worker and assert its outbound saved provider/model while main remains unchanged.
US-SP-PROV-010,"Providers, models and budgets",authorized provider administrator,"As an authorized provider administrator, I want to configure advanced model options.",Open main/auxiliary advanced options; set supported reasoning/service-tier values; save/reopen.,Only supported permitted options persist and unsupported provider options do not silently take effect.,An identity without model configuration permission cannot alter main or auxiliary advanced options; saved keys are redacted and clearing/cancel cannot modify unrelated options.,REAL_BROWSER; PROVIDER_FIXTURE; RELOAD; NEGATIVE_SERVER,P1,PARTIAL,HISTORICAL_SOURCE_DERIVED,"static/panels.js (provider, quota, budget and auxiliary-model controls)",WebUI HEAD 451acb916a33d9267713eaf57aba7f93e462993c; engine HEAD 97fbbecd35984d5e28a3482d60a1165121333fc9. Exact tested file fingerprints: evidence/source-provenance.json. Frozen run 20260909-080212-676633000; commits and content fingerprints are distinct provenance. Any explicitly permitted post-run operator additions are recorded separately as post_run_operator_scripts and are not browser-tested source.,test-kit/tests/e2e/full/system-configuration.spec.ts:94 | test-kit/tests/e2e/full/system-configuration.spec.ts:107,"PASS subset [20260909-080212-676633000]: US-SP-SYSTEM-AUX-ADVANCED real modal validates JSON saves all fields hides synthetic key and clears or cancels precisely; Advanced modal rejects malformed/nonobject JSON; baseURL/timeouts/concurrency/extraJSON/synthetic key save and reload; key stays redacted; cancel preserves values and explicit clearing removes saved fields. Reasoning/service-tier compatibility remains. Frozen source: True; current spec: True; all tested source files unchanged: True. Any permitted new operator scripts have separate provenance and no browser certification. Delivered report: evidence/executed-scenarios.csv (match test title and run ID). | PASS subset [20260909-080212-676633000]: US-SP-SYSTEM-MAIN-ADVANCED main model options cancel and save persist without changing loopback provider pair; Main advanced extraJSON cancellation, actual save/reload and clearing preserve the exact loopback provider/model/baseURL. Unsupported provider option behavior remains. Frozen source: True; current spec: True; all tested source files unchanged: True. Any permitted new operator scripts have separate provenance and no browser certification. Delivered report: evidence/executed-scenarios.csv (match test title and run ID).","Main/auxiliary exposed advanced field roundtrips, validation, cancel/clear and key redaction are covered. Supported reasoning/service-tier choices and provider-specific unsupported-option behavior remain."
US-SP-EXT-001,Plugins and extensions,authorized extension administrator,"As an authorized extension administrator, I want to inspect installed plugins.","Open Plugins; inspect active/inactive status, hooks and available plugin pages.",Status reflects actual runtime data and unavailable plugins are not described as working.,An identity without plugin read permission cannot read the plugin catalog or privileged page/asset contents.,REAL_BROWSER; LOCAL_EXTENSION_FIXTURE; RELOAD; NEGATIVE_SERVER,P1,PARTIAL,HISTORICAL_SOURCE_DERIVED,static/panels.js; static/extension_settings.js,WebUI HEAD 451acb916a33d9267713eaf57aba7f93e462993c; engine HEAD 97fbbecd35984d5e28a3482d60a1165121333fc9. Exact tested file fingerprints: evidence/source-provenance.json. Frozen run 20260909-080212-676633000; commits and content fingerprints are distinct provenance. Any explicitly permitted post-run operator additions are recorded separately as post_run_operator_scripts and are not browser-tested source.,test-kit/tests/e2e/full/system-configuration.spec.ts:116,"PASS subset [20260909-080212-676633000]: US-SP-SYSTEM-PLUGIN local dashboard plugin toggle page sandbox and disabled routes persist with negative checks; Actual seeded self-contained dashboard IIFE enables/reloads/renders, keeps opaque parent/cookie/storage boundaries and sends no session cookie from its frame. Ungranted page/assets403, anonymous/invalid-session assets401, disabled page/assets404 and denied toggle preservation are asserted. Arbitrary SPA assets and two-page delayed-navigation variants remain. Frozen source: True; current spec: True; all tested source files unchanged: True. Any permitted new operator scripts have separate provenance and no browser certification. Delivered report: evidence/executed-scenarios.csv (match test title and run ID).",Seeded dashboard enabled/disabled status and actual page rendering are covered. Runtime hooks and failed/unavailable plugin status variants remain.
US-SP-EXT-002,Plugins and extensions,authorized extension administrator,"As an authorized extension administrator, I want to toggle a supported plugin.",As authorized fixture administrator toggle a disposable plugin; reload status.,The documented activation state persists and runtime behavior agrees; read-only deployments show no false mutation success.,An identity without plugin configuration permission cannot enable or disable the plugin through the frontend or direct settings request; the previous state remains intact.,REAL_BROWSER; LOCAL_EXTENSION_FIXTURE; RELOAD; NEGATIVE_SERVER,P1,PARTIAL,HISTORICAL_SOURCE_DERIVED,static/panels.js; static/extension_settings.js,WebUI HEAD 451acb916a33d9267713eaf57aba7f93e462993c; engine HEAD 97fbbecd35984d5e28a3482d60a1165121333fc9. Exact tested file fingerprints: evidence/source-provenance.json. Frozen run 20260909-080212-676633000; commits and content fingerprints are distinct provenance. Any explicitly permitted post-run operator additions are recorded separately as post_run_operator_scripts and are not browser-tested source.,test-kit/tests/e2e/full/system-configuration.spec.ts:116,"PASS subset [20260909-080212-676633000]: US-SP-SYSTEM-PLUGIN local dashboard plugin toggle page sandbox and disabled routes persist with negative checks; Actual seeded self-contained dashboard IIFE enables/reloads/renders, keeps opaque parent/cookie/storage boundaries and sends no session cookie from its frame. Ungranted page/assets403, anonymous/invalid-session assets401, disabled page/assets404 and denied toggle preservation are asserted. Arbitrary SPA assets and two-page delayed-navigation variants remain. Frozen source: True; current spec: True; all tested source files unchanged: True. Any permitted new operator scripts have separate provenance and no browser certification. Delivered report: evidence/executed-scenarios.csv (match test title and run ID).","Supported local IIFE enable/disable, readback/reload, runtime visibility and unauthorized toggle refusal are covered. Explicit read-only deployment affordance remains unverified."
US-SP-EXT-003,Plugins and extensions,authorized extension administrator,"As an authorized extension administrator, I want to open plugin pages.",Select two permitted plugin pages; navigate away during a delayed page load.,Correct page loads and stale content cannot replace another active panel.,"An ungranted or unsigned identity cannot read protected plugin content. The opaque plugin page cannot access the parent document, cookies, storage or authenticated session APIs.",REAL_BROWSER; LOCAL_EXTENSION_FIXTURE; RELOAD; NEGATIVE_SERVER,P1,PARTIAL,HISTORICAL_SOURCE_DERIVED,static/panels.js; static/extension_settings.js,WebUI HEAD 451acb916a33d9267713eaf57aba7f93e462993c; engine HEAD 97fbbecd35984d5e28a3482d60a1165121333fc9. Exact tested file fingerprints: evidence/source-provenance.json. Frozen run 20260909-080212-676633000; commits and content fingerprints are distinct provenance. Any explicitly permitted post-run operator additions are recorded separately as post_run_operator_scripts and are not browser-tested source.,test-kit/tests/e2e/full/system-configuration.spec.ts:116,"PASS subset [20260909-080212-676633000]: US-SP-SYSTEM-PLUGIN local dashboard plugin toggle page sandbox and disabled routes persist with negative checks; Actual seeded self-contained dashboard IIFE enables/reloads/renders, keeps opaque parent/cookie/storage boundaries and sends no session cookie from its frame. Ungranted page/assets403, anonymous/invalid-session assets401, disabled page/assets404 and denied toggle preservation are asserted. Arbitrary SPA assets and two-page delayed-navigation variants remain. Frozen source: True; current spec: True; all tested source files unchanged: True. Any permitted new operator scripts have separate provenance and no browser certification. Delivered report: evidence/executed-scenarios.csv (match test title and run ID).","One self-contained IIFE renders with opaque sandbox and denied page/asset/session boundaries. Two distinct pages, navigation during held load and arbitrary full-SPA authenticated assets remain."
US-SP-EXT-004,Plugins and extensions,authorized extension administrator,"As an authorized extension administrator, I want to browse the extension gallery.","Open Extensions > Gallery; inspect source links, permissions and install details.",Only supported safe URLs open and requested permissions are visible before installation.,"Users without extension administration cannot install/enable code, change sidecar consent, clear shared storage or access privileged plugin pages.",REAL_BROWSER; LOCAL_EXTENSION_FIXTURE; RELOAD; NEGATIVE_SERVER,P1,NOT RUN,HISTORICAL_SOURCE_DERIVED,static/panels.js; static/extension_settings.js,WebUI HEAD 451acb916a33d9267713eaf57aba7f93e462993c; engine HEAD 97fbbecd35984d5e28a3482d60a1165121333fc9. Exact tested file fingerprints: evidence/source-provenance.json. Frozen run 20260909-080212-676633000; commits and content fingerprints are distinct provenance. Any explicitly permitted post-run operator additions are recorded separately as post_run_operator_scripts and are not browser-tested source.,NOT YET MAPPED TO EXECUTED FRONTEND CASE,NONE: no semantically matching actual frontend assertion found in current isolated run reports.,"LOCALLY MISSING: verify current exposure/contract and implement the stated real-browser workflow, fixture and negative path. Historical provenance alone does not establish current availability."
US-SP-EXT-005,Plugins and extensions,authorized extension administrator,"As an authorized extension administrator, I want to install a disposable local extension.",Choose an isolated test extension; review declared permissions; Install; inspect Installed.,The exact extension/version persists with truthful post-install activation requirements.,"Users without extension administration cannot install/enable code, change sidecar consent, clear shared storage or access privileged plugin pages.",REAL_BROWSER; LOCAL_EXTENSION_FIXTURE; RELOAD; NEGATIVE_SERVER,P1,NOT RUN,HISTORICAL_SOURCE_DERIVED,static/panels.js; static/extension_settings.js,WebUI HEAD 451acb916a33d9267713eaf57aba7f93e462993c; engine HEAD 97fbbecd35984d5e28a3482d60a1165121333fc9. Exact tested file fingerprints: evidence/source-provenance.json. Frozen run 20260909-080212-676633000; commits and content fingerprints are distinct provenance. Any explicitly permitted post-run operator additions are recorded separately as post_run_operator_scripts and are not browser-tested source.,NOT YET MAPPED TO EXECUTED FRONTEND CASE,NONE: no semantically matching actual frontend assertion found in current isolated run reports.,"LOCALLY MISSING: verify current exposure/contract and implement the stated real-browser workflow, fixture and negative path. Historical provenance alone does not establish current availability."
US-SP-EXT-006,Plugins and extensions,authorized extension administrator,"As an authorized extension administrator, I want to enable and disable an extension.",Toggle a fixture installed extension; reload page and supported feature.,Enabled state persists and disabled assets/hooks stop according to the documented lifecycle.,"Users without extension administration cannot install/enable code, change sidecar consent, clear shared storage or access privileged plugin pages.",REAL_BROWSER; LOCAL_EXTENSION_FIXTURE; RELOAD; NEGATIVE_SERVER,P1,NOT RUN,HISTORICAL_SOURCE_DERIVED,static/panels.js; static/extension_settings.js,WebUI HEAD 451acb916a33d9267713eaf57aba7f93e462993c; engine HEAD 97fbbecd35984d5e28a3482d60a1165121333fc9. Exact tested file fingerprints: evidence/source-provenance.json. Frozen run 20260909-080212-676633000; commits and content fingerprints are distinct provenance. Any explicitly permitted post-run operator additions are recorded separately as post_run_operator_scripts and are not browser-tested source.,NOT YET MAPPED TO EXECUTED FRONTEND CASE,NONE: no semantically matching actual frontend assertion found in current isolated run reports.,"LOCALLY MISSING: verify current exposure/contract and implement the stated real-browser workflow, fixture and negative path. Historical provenance alone does not establish current availability."
US-SP-EXT-007,Plugins and extensions,authorized extension administrator,"As an authorized extension administrator, I want to uninstall an extension.",Uninstall the disposable extension through confirmation; reload gallery/installed list.,Only that extension is removed and its feature no longer runs.,"Users without extension administration cannot install/enable code, change sidecar consent, clear shared storage or access privileged plugin pages.",REAL_BROWSER; LOCAL_EXTENSION_FIXTURE; RELOAD; NEGATIVE_SERVER,P1,NOT RUN,HISTORICAL_SOURCE_DERIVED,static/panels.js; static/extension_settings.js,WebUI HEAD 451acb916a33d9267713eaf57aba7f93e462993c; engine HEAD 97fbbecd35984d5e28a3482d60a1165121333fc9. Exact tested file fingerprints: evidence/source-provenance.json. Frozen run 20260909-080212-676633000; commits and content fingerprints are distinct provenance. Any explicitly permitted post-run operator additions are recorded separately as post_run_operator_scripts and are not browser-tested source.,NOT YET MAPPED TO EXECUTED FRONTEND CASE,NONE: no semantically matching actual frontend assertion found in current isolated run reports.,"LOCALLY MISSING: verify current exposure/contract and implement the stated real-browser workflow, fixture and negative path. Historical provenance alone does not establish current availability."
US-SP-EXT-008,Plugins and extensions,authorized extension administrator,"As an authorized extension administrator, I want to save and reset extension settings.",Edit each field of a fixture extension schema; Save; reload; Reset.,Validated values persist; reset returns documented defaults without affecting other extensions.,"Users without extension administration cannot install/enable code, change sidecar consent, clear shared storage or access privileged plugin pages.",REAL_BROWSER; LOCAL_EXTENSION_FIXTURE; RELOAD; NEGATIVE_SERVER,P1,NOT RUN,HISTORICAL_SOURCE_DERIVED,static/panels.js; static/extension_settings.js,WebUI HEAD 451acb916a33d9267713eaf57aba7f93e462993c; engine HEAD 97fbbecd35984d5e28a3482d60a1165121333fc9. Exact tested file fingerprints: evidence/source-provenance.json. Frozen run 20260909-080212-676633000; commits and content fingerprints are distinct provenance. Any explicitly permitted post-run operator additions are recorded separately as post_run_operator_scripts and are not browser-tested source.,NOT YET MAPPED TO EXECUTED FRONTEND CASE,NONE: no semantically matching actual frontend assertion found in current isolated run reports.,"LOCALLY MISSING: verify current exposure/contract and implement the stated real-browser workflow, fixture and negative path. Historical provenance alone does not establish current availability."
US-SP-EXT-009,Plugins and extensions,authorized extension administrator,"As an authorized extension administrator, I want to clear extension storage.",Seed disposable extension storage; use its Clear storage action; reload.,Only the intended extension/user scope is cleared.,"Users without extension administration cannot install/enable code, change sidecar consent, clear shared storage or access privileged plugin pages.",REAL_BROWSER; LOCAL_EXTENSION_FIXTURE; RELOAD; NEGATIVE_SERVER,P1,NOT RUN,HISTORICAL_SOURCE_DERIVED,static/panels.js; static/extension_settings.js,WebUI HEAD 451acb916a33d9267713eaf57aba7f93e462993c; engine HEAD 97fbbecd35984d5e28a3482d60a1165121333fc9. Exact tested file fingerprints: evidence/source-provenance.json. Frozen run 20260909-080212-676633000; commits and content fingerprints are distinct provenance. Any explicitly permitted post-run operator additions are recorded separately as post_run_operator_scripts and are not browser-tested source.,NOT YET MAPPED TO EXECUTED FRONTEND CASE,NONE: no semantically matching actual frontend assertion found in current isolated run reports.,"LOCALLY MISSING: verify current exposure/contract and implement the stated real-browser workflow, fixture and negative path. Historical provenance alone does not establish current availability."
US-SP-EXT-010,Plugins and extensions,authorized extension administrator,"As an authorized extension administrator, I want to decide sidecar proxy consent.",Open extension sidecar controls; decline and grant consent in separate fixtures; retry calls.,Proxy availability follows explicit stored consent and extension permission constraints.,"Users without extension administration cannot install/enable code, change sidecar consent, clear shared storage or access privileged plugin pages.",REAL_BROWSER; LOCAL_EXTENSION_FIXTURE; RELOAD; NEGATIVE_SERVER,P1,NOT RUN,HISTORICAL_SOURCE_DERIVED,static/panels.js; static/extension_settings.js,WebUI HEAD 451acb916a33d9267713eaf57aba7f93e462993c; engine HEAD 97fbbecd35984d5e28a3482d60a1165121333fc9. Exact tested file fingerprints: evidence/source-provenance.json. Frozen run 20260909-080212-676633000; commits and content fingerprints are distinct provenance. Any explicitly permitted post-run operator additions are recorded separately as post_run_operator_scripts and are not browser-tested source.,NOT YET MAPPED TO EXECUTED FRONTEND CASE,NONE: no semantically matching actual frontend assertion found in current isolated run reports.,"LOCALLY MISSING: verify current exposure/contract and implement the stated real-browser workflow, fixture and negative path. Historical provenance alone does not establish current availability."
US-SP-EXT-011,Plugins and extensions,authorized extension administrator,"As an authorized extension administrator, I want to inspect extension health and diagnostics.",Open Diagnostics; refresh sidecar health/runtime; Copy diagnostics.,Health and origins are current or labeled unavailable and copied data excludes credentials.,"Users without extension administration cannot install/enable code, change sidecar consent, clear shared storage or access privileged plugin pages.",REAL_BROWSER; LOCAL_EXTENSION_FIXTURE; RELOAD; NEGATIVE_SERVER,P1,NOT RUN,HISTORICAL_SOURCE_DERIVED,static/panels.js; static/extension_settings.js,WebUI HEAD 451acb916a33d9267713eaf57aba7f93e462993c; engine HEAD 97fbbecd35984d5e28a3482d60a1165121333fc9. Exact tested file fingerprints: evidence/source-provenance.json. Frozen run 20260909-080212-676633000; commits and content fingerprints are distinct provenance. Any explicitly permitted post-run operator additions are recorded separately as post_run_operator_scripts and are not browser-tested source.,NOT YET MAPPED TO EXECUTED FRONTEND CASE,NONE: no semantically matching actual frontend assertion found in current isolated run reports.,"LOCALLY MISSING: verify current exposure/contract and implement the stated real-browser workflow, fixture and negative path. Historical provenance alone does not establish current availability."
US-SP-EXT-012,Plugins and extensions,authorized extension administrator,"As an authorized extension administrator, I want to handle extension install or health failures.",Fail registry/install/sidecar fixture calls; retry supported actions.,"Errors are visible, partial installation state is honest and no duplicate active extension remains.","Users without extension administration cannot install/enable code, change sidecar consent, clear shared storage or access privileged plugin pages.",REAL_BROWSER; LOCAL_EXTENSION_FIXTURE; RELOAD; NEGATIVE_SERVER,P1,NOT RUN,HISTORICAL_SOURCE_DERIVED,static/panels.js; static/extension_settings.js,WebUI HEAD 451acb916a33d9267713eaf57aba7f93e462993c; engine HEAD 97fbbecd35984d5e28a3482d60a1165121333fc9. Exact tested file fingerprints: evidence/source-provenance.json. Frozen run 20260909-080212-676633000; commits and content fingerprints are distinct provenance. Any explicitly permitted post-run operator additions are recorded separately as post_run_operator_scripts and are not browser-tested source.,NOT YET MAPPED TO EXECUTED FRONTEND CASE,NONE: no semantically matching actual frontend assertion found in current isolated run reports.,"LOCALLY MISSING: verify current exposure/contract and implement the stated real-browser workflow, fixture and negative path. Historical provenance alone does not establish current availability."
US-SP-SYS-001,"System, gateway, MCP and capacity controls",authorized system administrator,"As an authorized system administrator, I want to change the fixture password.",Open System authentication; enter current/new fixture password; save; sign in again.,New credential works and old credential is refused under the documented session invalidation contract.,"Without system/governance permission users cannot modify auth, restart services, restore checkpoints, change MCP state or adjust global limits.",REAL_BROWSER; ISOLATED_RUNTIME; RELOAD; NEGATIVE_SERVER,P0,NOT RUN,HISTORICAL_SOURCE_DERIVED,"static/panels.js (System, gateway, MCP, checkpoints, capacity controls)",WebUI HEAD 451acb916a33d9267713eaf57aba7f93e462993c; engine HEAD 97fbbecd35984d5e28a3482d60a1165121333fc9. Exact tested file fingerprints: evidence/source-provenance.json. Frozen run 20260909-080212-676633000; commits and content fingerprints are distinct provenance. Any explicitly permitted post-run operator additions are recorded separately as post_run_operator_scripts and are not browser-tested source.,NOT YET MAPPED TO EXECUTED FRONTEND CASE,NONE: no semantically matching actual frontend assertion found in current isolated run reports.,"LOCALLY MISSING: verify current exposure/contract and implement the stated real-browser workflow, fixture and negative path. Historical provenance alone does not establish current availability."
US-SP-SYS-002,"System, gateway, MCP and capacity controls",authorized system administrator,"As an authorized system administrator, I want to inspect environment-managed authentication.",Open auth settings with environment-owned password enabled.,The UI honestly explains precedence and cannot claim a stored setting overrides active configuration.,"Without system/governance permission users cannot modify auth, restart services, restore checkpoints, change MCP state or adjust global limits.",REAL_BROWSER; ISOLATED_RUNTIME; RELOAD; NEGATIVE_SERVER,P0,NOT RUN,HISTORICAL_SOURCE_DERIVED,"static/panels.js (System, gateway, MCP, checkpoints, capacity controls)",WebUI HEAD 451acb916a33d9267713eaf57aba7f93e462993c; engine HEAD 97fbbecd35984d5e28a3482d60a1165121333fc9. Exact tested file fingerprints: evidence/source-provenance.json. Frozen run 20260909-080212-676633000; commits and content fingerprints are distinct provenance. Any explicitly permitted post-run operator additions are recorded separately as post_run_operator_scripts and are not browser-tested source.,NOT YET MAPPED TO EXECUTED FRONTEND CASE,NONE: no semantically matching actual frontend assertion found in current isolated run reports.,"LOCALLY MISSING: verify current exposure/contract and implement the stated real-browser workflow, fixture and negative path. Historical provenance alone does not establish current availability."
US-SP-SYS-003,"System, gateway, MCP and capacity controls",authorized system administrator,"As an authorized system administrator, I want to exercise passwordless and disabled-auth controls.","In an isolated fixture only, use each explicitly supported auth-mode action and confirmation.",The documented mode changes persist and warnings/available controls match actual authentication behavior.,"Without system/governance permission users cannot modify auth, restart services, restore checkpoints, change MCP state or adjust global limits.",REAL_BROWSER; ISOLATED_RUNTIME; RELOAD; NEGATIVE_SERVER,P0,NOT RUN,HISTORICAL_SOURCE_DERIVED,"static/panels.js (System, gateway, MCP, checkpoints, capacity controls)",WebUI HEAD 451acb916a33d9267713eaf57aba7f93e462993c; engine HEAD 97fbbecd35984d5e28a3482d60a1165121333fc9. Exact tested file fingerprints: evidence/source-provenance.json. Frozen run 20260909-080212-676633000; commits and content fingerprints are distinct provenance. Any explicitly permitted post-run operator additions are recorded separately as post_run_operator_scripts and are not browser-tested source.,NOT YET MAPPED TO EXECUTED FRONTEND CASE,NONE: no semantically matching actual frontend assertion found in current isolated run reports.,"LOCALLY MISSING: verify current exposure/contract and implement the stated real-browser workflow, fixture and negative path. Historical provenance alone does not establish current availability."
US-SP-SYS-004,"System, gateway, MCP and capacity controls",authorized system administrator,"As an authorized system administrator, I want to configure the external dashboard link.",Choose dashboard visibility mode; enter a safe fixture URL; Save; click the resulting link.,Visibility/target persist and unsafe schemes are refused.,"An ungranted identity cannot change the global dashboard target/visibility, and unsafe URL input cannot execute script or persist a dangerous target.",REAL_BROWSER; ISOLATED_RUNTIME; RELOAD; NEGATIVE_SERVER,P0,PARTIAL,HISTORICAL_SOURCE_DERIVED,"static/panels.js (System, gateway, MCP, checkpoints, capacity controls)",WebUI HEAD 451acb916a33d9267713eaf57aba7f93e462993c; engine HEAD 97fbbecd35984d5e28a3482d60a1165121333fc9. Exact tested file fingerprints: evidence/source-provenance.json. Frozen run 20260909-080212-676633000; commits and content fingerprints are distinct provenance. Any explicitly permitted post-run operator additions are recorded separately as post_run_operator_scripts and are not browser-tested source.,test-kit/tests/e2e/full/system-configuration.spec.ts:45,PASS subset [20260909-080212-676633000]: US-SP-SYSTEM-DASHBOARD all legacy dashboard modes save loopback URL reload and reject ungranted write; All three visibility modes and loopback origin URL persist after reload; unsupported URL path produces real400 and unchanged configuration; ungranted write is denied. No resulting-link click or unsafe-scheme variant is asserted. Frozen source: True; current spec: True; all tested source files unchanged: True. Any permitted new operator scripts have separate provenance and no browser certification. Delivered report: evidence/executed-scenarios.csv (match test title and run ID).,All rendered dashboard modes persist and invalid path/write denial are covered. Actual resulting-link click and unsafe URL schemes remain.
US-SP-SYS-005,"System, gateway, MCP and capacity controls",authorized system administrator,"As an authorized system administrator, I want to inspect gateway health.",Open Gateway status; refresh healthy/degraded/unavailable fixtures.,Actual readiness is distinct from process-active status and stale health is not reported current.,"Without system/governance permission users cannot modify auth, restart services, restore checkpoints, change MCP state or adjust global limits.",REAL_BROWSER; ISOLATED_RUNTIME; RELOAD; NEGATIVE_SERVER,P0,NOT RUN,HISTORICAL_SOURCE_DERIVED,"static/panels.js (System, gateway, MCP, checkpoints, capacity controls)",WebUI HEAD 451acb916a33d9267713eaf57aba7f93e462993c; engine HEAD 97fbbecd35984d5e28a3482d60a1165121333fc9. Exact tested file fingerprints: evidence/source-provenance.json. Frozen run 20260909-080212-676633000; commits and content fingerprints are distinct provenance. Any explicitly permitted post-run operator additions are recorded separately as post_run_operator_scripts and are not browser-tested source.,NOT YET MAPPED TO EXECUTED FRONTEND CASE,NONE: no semantically matching actual frontend assertion found in current isolated run reports.,"LOCALLY MISSING: verify current exposure/contract and implement the stated real-browser workflow, fixture and negative path. Historical provenance alone does not establish current availability."
US-SP-SYS-006,"System, gateway, MCP and capacity controls",authorized system administrator,"As an authorized system administrator, I want to execute allowed gateway actions.",On an isolated idle fixture click each exposed start/stop/restart action; inspect state/read-back.,The requested lifecycle action completes or fails visibly without affecting production services.,"Without system/governance permission users cannot modify auth, restart services, restore checkpoints, change MCP state or adjust global limits.",REAL_BROWSER; ISOLATED_RUNTIME; RELOAD; NEGATIVE_SERVER,P0,NOT RUN,HISTORICAL_SOURCE_DERIVED,"static/panels.js (System, gateway, MCP, checkpoints, capacity controls)",WebUI HEAD 451acb916a33d9267713eaf57aba7f93e462993c; engine HEAD 97fbbecd35984d5e28a3482d60a1165121333fc9. Exact tested file fingerprints: evidence/source-provenance.json. Frozen run 20260909-080212-676633000; commits and content fingerprints are distinct provenance. Any explicitly permitted post-run operator additions are recorded separately as post_run_operator_scripts and are not browser-tested source.,NOT YET MAPPED TO EXECUTED FRONTEND CASE,NONE: no semantically matching actual frontend assertion found in current isolated run reports.,"LOCALLY MISSING: verify current exposure/contract and implement the stated real-browser workflow, fixture and negative path. Historical provenance alone does not establish current availability."
US-SP-SYS-007,"System, gateway, MCP and capacity controls",authorized system administrator,"As an authorized system administrator, I want to inspect and toggle MCP servers.",Open configured servers; inspect details; toggle an editable fixture server; reload.,Supported state persists and current tools reflect availability; read-only controls report no mutation.,An ungranted identity cannot toggle an MCP server or obtain denied server/tool configuration; denied writes leave the configured state unchanged.,REAL_BROWSER; ISOLATED_RUNTIME; RELOAD; NEGATIVE_SERVER,P0,PARTIAL,HISTORICAL_SOURCE_DERIVED,"static/panels.js (System, gateway, MCP, checkpoints, capacity controls)",WebUI HEAD 451acb916a33d9267713eaf57aba7f93e462993c; engine HEAD 97fbbecd35984d5e28a3482d60a1165121333fc9. Exact tested file fingerprints: evidence/source-provenance.json. Frozen run 20260909-080212-676633000; commits and content fingerprints are distinct provenance. Any explicitly permitted post-run operator additions are recorded separately as post_run_operator_scripts and are not browser-tested source.,test-kit/tests/e2e/full/system-configuration.spec.ts:63,"PASS subset [20260909-080212-676633000]: US-SP-SYSTEM-MCP configured local server toggles persist and empty tool search and every page size remain honest; Actual qa-local server toggles on/off through PATCH and reload; denied write leaves it disabled. Empty tool search/no-match and every page-size selection are asserted; populated tools, paging and schema remain. Frozen source: True; current spec: True; all tested source files unchanged: True. Any permitted new operator scripts have separate provenance and no browser certification. Delivered report: evidence/executed-scenarios.csv (match test title and run ID).",Configured local server toggle/persistence/negative are covered. Successful initialized server tool availability and read-only deployment behavior remain.
US-SP-SYS-008,"System, gateway, MCP and capacity controls",authorized system administrator,"As an authorized system administrator, I want to search and page MCP tools.",Search fixture tools; change page size; move pages; inspect schema.,Filtering/pagination returns the correct permitted tools and complete selected schema.,"The tool search, pagination and schema views cannot reveal a tool outside the signed-in identity's permitted MCP scope.",REAL_BROWSER; ISOLATED_RUNTIME; RELOAD; NEGATIVE_SERVER,P0,PARTIAL,HISTORICAL_SOURCE_DERIVED,"static/panels.js (System, gateway, MCP, checkpoints, capacity controls)",WebUI HEAD 451acb916a33d9267713eaf57aba7f93e462993c; engine HEAD 97fbbecd35984d5e28a3482d60a1165121333fc9. Exact tested file fingerprints: evidence/source-provenance.json. Frozen run 20260909-080212-676633000; commits and content fingerprints are distinct provenance. Any explicitly permitted post-run operator additions are recorded separately as post_run_operator_scripts and are not browser-tested source.,test-kit/tests/e2e/full/system-configuration.spec.ts:63,"PASS subset [20260909-080212-676633000]: US-SP-SYSTEM-MCP configured local server toggles persist and empty tool search and every page size remain honest; Actual qa-local server toggles on/off through PATCH and reload; denied write leaves it disabled. Empty tool search/no-match and every page-size selection are asserted; populated tools, paging and schema remain. Frozen source: True; current spec: True; all tested source files unchanged: True. Any permitted new operator scripts have separate provenance and no browser certification. Delivered report: evidence/executed-scenarios.csv (match test title and run ID).","Empty search/no-match and every page size are covered. A populated permitted catalog, actual next/previous pages and selected schema remain."
US-SP-SYS-009,"System, gateway, MCP and capacity controls",authorized system administrator,"As an authorized system administrator, I want to inspect checkpoint differences.",Open checkpoint list; select two fixture checkpoints; inspect Diff.,The correct revision differences render safely without restoring anything.,"Without system/governance permission users cannot modify auth, restart services, restore checkpoints, change MCP state or adjust global limits.",REAL_BROWSER; ISOLATED_RUNTIME; RELOAD; NEGATIVE_SERVER,P0,NOT RUN,HISTORICAL_SOURCE_DERIVED,"static/panels.js (System, gateway, MCP, checkpoints, capacity controls)",WebUI HEAD 451acb916a33d9267713eaf57aba7f93e462993c; engine HEAD 97fbbecd35984d5e28a3482d60a1165121333fc9. Exact tested file fingerprints: evidence/source-provenance.json. Frozen run 20260909-080212-676633000; commits and content fingerprints are distinct provenance. Any explicitly permitted post-run operator additions are recorded separately as post_run_operator_scripts and are not browser-tested source.,NOT YET MAPPED TO EXECUTED FRONTEND CASE,NONE: no semantically matching actual frontend assertion found in current isolated run reports.,"LOCALLY MISSING: verify current exposure/contract and implement the stated real-browser workflow, fixture and negative path. Historical provenance alone does not establish current availability."
US-SP-SYS-010,"System, gateway, MCP and capacity controls",authorized system administrator,"As an authorized system administrator, I want to restore a disposable checkpoint.",Select a checkpoint in isolated state; inspect diff; confirm Restore; reopen affected artifact.,Only the documented checkpoint scope is restored and stored state matches the selected revision.,"Without system/governance permission users cannot modify auth, restart services, restore checkpoints, change MCP state or adjust global limits.",REAL_BROWSER; ISOLATED_RUNTIME; RELOAD; NEGATIVE_SERVER,P0,NOT RUN,HISTORICAL_SOURCE_DERIVED,"static/panels.js (System, gateway, MCP, checkpoints, capacity controls)",WebUI HEAD 451acb916a33d9267713eaf57aba7f93e462993c; engine HEAD 97fbbecd35984d5e28a3482d60a1165121333fc9. Exact tested file fingerprints: evidence/source-provenance.json. Frozen run 20260909-080212-676633000; commits and content fingerprints are distinct provenance. Any explicitly permitted post-run operator additions are recorded separately as post_run_operator_scripts and are not browser-tested source.,NOT YET MAPPED TO EXECUTED FRONTEND CASE,NONE: no semantically matching actual frontend assertion found in current isolated run reports.,"LOCALLY MISSING: verify current exposure/contract and implement the stated real-browser workflow, fixture and negative path. Historical provenance alone does not establish current availability."
US-SP-SYS-011,"System, gateway, MCP and capacity controls",authorized system administrator,"As an authorized system administrator, I want to configure and acknowledge capacity alerts.",Set fixture thresholds; save; trigger alert; open it; Acknowledge; reload.,Thresholds and acknowledgement persist; actual usage/alert state remains accurate.,An ungranted identity cannot change alert thresholds/destination or acknowledge an alert; denied changes preserve authoritative configuration and alert state.,REAL_BROWSER; ISOLATED_RUNTIME; RELOAD; NEGATIVE_SERVER,P0,PARTIAL,HISTORICAL_SOURCE_DERIVED,"static/panels.js (System, gateway, MCP, checkpoints, capacity controls)",WebUI HEAD 451acb916a33d9267713eaf57aba7f93e462993c; engine HEAD 97fbbecd35984d5e28a3482d60a1165121333fc9. Exact tested file fingerprints: evidence/source-provenance.json. Frozen run 20260909-080212-676633000; commits and content fingerprints are distinct provenance. Any explicitly permitted post-run operator additions are recorded separately as post_run_operator_scripts and are not browser-tested source.,test-kit/tests/e2e/full/system-configuration.spec.ts:29,PASS subset [20260909-080212-676633000]: US-SP-SYSTEM-CAPACITY four capacity controls save reload sanitize and refuse an ungranted identity; All four capacity configuration fields save/reload; out-of-range threshold is removed; Refresh is clicked; unauthorized write is refused and configuration stays unchanged. No actual alert trigger or acknowledgement is asserted. Frozen source: True; current spec: True; all tested source files unchanged: True. Any permitted new operator scripts have separate provenance and no browser certification. Delivered report: evidence/executed-scenarios.csv (match test title and run ID).,"Configuration sanitization, save/reload/Refresh and denied write are covered. Trigger a real local capacity alert, open and acknowledge it, then verify acknowledgement after reload."
US-SP-SYS-012,"System, gateway, MCP and capacity controls",authorized system administrator,"As an authorized system administrator, I want to check and inspect available updates.",Click Check updates; inspect unavailable/current/new-version states; open supported summary/diff.,The UI accurately identifies source/version; a check or summary is not represented as an installed update.,"Without system/governance permission users cannot modify auth, restart services, restore checkpoints, change MCP state or adjust global limits.",REAL_BROWSER; ISOLATED_RUNTIME; RELOAD; NEGATIVE_SERVER,P0,NOT RUN,HISTORICAL_SOURCE_DERIVED,"static/panels.js (System, gateway, MCP, checkpoints, capacity controls)",WebUI HEAD 451acb916a33d9267713eaf57aba7f93e462993c; engine HEAD 97fbbecd35984d5e28a3482d60a1165121333fc9. Exact tested file fingerprints: evidence/source-provenance.json. Frozen run 20260909-080212-676633000; commits and content fingerprints are distinct provenance. Any explicitly permitted post-run operator additions are recorded separately as post_run_operator_scripts and are not browser-tested source.,NOT YET MAPPED TO EXECUTED FRONTEND CASE,NONE: no semantically matching actual frontend assertion found in current isolated run reports.,"LOCALLY MISSING: verify current exposure/contract and implement the stated real-browser workflow, fixture and negative path. Historical provenance alone does not establish current availability."
US-SP-SYS-013,"System, gateway, MCP and capacity controls",authorized system administrator,"As an authorized system administrator, I want to open help and diagnostics links.",Open Help and each visible local/support link in the fixture UI.,Links resolve to intended safe destinations and private runtime data is not leaked in their URLs.,"Without system/governance permission users cannot modify auth, restart services, restore checkpoints, change MCP state or adjust global limits.",REAL_BROWSER; ISOLATED_RUNTIME; RELOAD; NEGATIVE_SERVER,P0,NOT RUN,HISTORICAL_SOURCE_DERIVED,"static/panels.js (System, gateway, MCP, checkpoints, capacity controls)",WebUI HEAD 451acb916a33d9267713eaf57aba7f93e462993c; engine HEAD 97fbbecd35984d5e28a3482d60a1165121333fc9. Exact tested file fingerprints: evidence/source-provenance.json. Frozen run 20260909-080212-676633000; commits and content fingerprints are distinct provenance. Any explicitly permitted post-run operator additions are recorded separately as post_run_operator_scripts and are not browser-tested source.,NOT YET MAPPED TO EXECUTED FRONTEND CASE,NONE: no semantically matching actual frontend assertion found in current isolated run reports.,"LOCALLY MISSING: verify current exposure/contract and implement the stated real-browser workflow, fixture and negative path. Historical provenance alone does not establish current availability."
US-SP-VOICE-001,"Dictation, speech and realtime voice",authorized voice user,"As an authorized voice user, I want to distinguish voice from dictation controls.",Open chat on desktop/mobile; inspect the waveform and microphone controls; activate each in a fixture.,Each action opens its documented mode and duplicate/confusing controls do not appear.,A user without voice/model permission cannot start a speech/provider session; denial or device refusal must not leak audio or invent transcription.,REAL_BROWSER; MEDIA_FIXTURE; NEGATIVE_SERVER,P1,PARTIAL,HISTORICAL_SOURCE_DERIVED,static/index.html; static/panels.js; September 6 voice release evidence,WebUI HEAD 451acb916a33d9267713eaf57aba7f93e462993c; engine HEAD 97fbbecd35984d5e28a3482d60a1165121333fc9. Exact tested file fingerprints: evidence/source-provenance.json. Frozen run 20260909-080212-676633000; commits and content fingerprints are distinct provenance. Any explicitly permitted post-run operator additions are recorded separately as post_run_operator_scripts and are not browser-tested source.,test-kit/tests/e2e/full/chat.spec.ts:30,"PASS subset [20260909-080212-676633000]: US-SP-VOICE-001 voice policy denial explains prerequisite without hanging; Disabled voice click gives prerequisite feedback; dictation, microphone and real voice connection remain untested. Frozen source: True; current spec: True; all tested source files unchanged: True. Any permitted new operator scripts have separate provenance and no browser certification. Delivered report: evidence/executed-scenarios.csv (match test title and run ID).",Realtime voice has16 distinct local runtime cases in VOICE-009 through 024. This older mixed dictation/voice-control story still lacks actual dictation activation; physical microphone/WebRTC/provider behavior is separately unprovisioned.
US-SP-VOICE-002,"Dictation, speech and realtime voice",authorized voice user,"As an authorized voice user, I want to handle microphone permission denial.",Click dictation/voice; deny browser permission; retry after permitted reset.,Clear recoverable feedback appears and no recording/transcript is claimed.,A user without voice/model permission cannot start a speech/provider session; denial or device refusal must not leak audio or invent transcription.,REAL_BROWSER; MEDIA_FIXTURE; NEGATIVE_SERVER,P1,PARTIAL,HISTORICAL_SOURCE_DERIVED,static/index.html; static/panels.js; September 6 voice release evidence,WebUI HEAD 451acb916a33d9267713eaf57aba7f93e462993c; engine HEAD 97fbbecd35984d5e28a3482d60a1165121333fc9. Exact tested file fingerprints: evidence/source-provenance.json. Frozen run 20260909-080212-676633000; commits and content fingerprints are distinct provenance. Any explicitly permitted post-run operator additions are recorded separately as post_run_operator_scripts and are not browser-tested source.,test-kit/tests/e2e/full/realtime-voice.spec.ts:221,PASS subset [20260909-080212-676633000]: US-SP-VOICE-REALTIME-MIC-DENIED microphone refusal fails without creating a provider call; Actual browser microphone refusal displays explicit feedback and creates no provider call. Dictation denial and retry after permission reset remain. Frozen source: True; current spec: True; all tested source files unchanged: True. Any permitted new operator scripts have separate provenance and no browser certification. Delivered report: evidence/executed-scenarios.csv (match test title and run ID).,"Only the listed assertions are evidenced; complete the remaining explicit frontend, persistence and permission requirements in this row."
US-SP-VOICE-003,"Dictation, speech and realtime voice",authorized voice user,"As an authorized voice user, I want to dictate into an empty composer.",Use deterministic speech-recognition fixture; start/stop dictation.,Expected transcript appears once and remains unsent until the configured explicit action.,A user without voice/model permission cannot start a speech/provider session; denial or device refusal must not leak audio or invent transcription.,REAL_BROWSER; MEDIA_FIXTURE; NEGATIVE_SERVER,P1,NOT RUN,HISTORICAL_SOURCE_DERIVED,static/index.html; static/panels.js; September 6 voice release evidence,WebUI HEAD 451acb916a33d9267713eaf57aba7f93e462993c; engine HEAD 97fbbecd35984d5e28a3482d60a1165121333fc9. Exact tested file fingerprints: evidence/source-provenance.json. Frozen run 20260909-080212-676633000; commits and content fingerprints are distinct provenance. Any explicitly permitted post-run operator additions are recorded separately as post_run_operator_scripts and are not browser-tested source.,NOT YET MAPPED TO EXECUTED FRONTEND CASE,NONE: no semantically matching actual frontend assertion found in current isolated run reports.,"LOCALLY MISSING: verify current exposure/contract and implement the stated real-browser workflow, fixture and negative path. Historical provenance alone does not establish current availability."
US-SP-VOICE-004,"Dictation, speech and realtime voice",authorized voice user,"As an authorized voice user, I want to append or replace existing draft by preference.",Seed a draft; dictate with append on/off; inspect result.,The stored draft matches the chosen behavior without cross-session text.,A user without voice/model permission cannot start a speech/provider session; denial or device refusal must not leak audio or invent transcription.,REAL_BROWSER; MEDIA_FIXTURE; NEGATIVE_SERVER,P1,NOT RUN,HISTORICAL_SOURCE_DERIVED,static/index.html; static/panels.js; September 6 voice release evidence,WebUI HEAD 451acb916a33d9267713eaf57aba7f93e462993c; engine HEAD 97fbbecd35984d5e28a3482d60a1165121333fc9. Exact tested file fingerprints: evidence/source-provenance.json. Frozen run 20260909-080212-676633000; commits and content fingerprints are distinct provenance. Any explicitly permitted post-run operator additions are recorded separately as post_run_operator_scripts and are not browser-tested source.,NOT YET MAPPED TO EXECUTED FRONTEND CASE,NONE: no semantically matching actual frontend assertion found in current isolated run reports.,"LOCALLY MISSING: verify current exposure/contract and implement the stated real-browser workflow, fixture and negative path. Historical provenance alone does not establish current availability."
US-SP-VOICE-005,"Dictation, speech and realtime voice",authorized voice user,"As an authorized voice user, I want to send raw audio where enabled.",Enable raw-audio mode; record a bounded fixture sample; stop; send to local-only fixture.,The correct audio attachment reaches the authorized worker with its metadata/bytes.,A user without voice/model permission cannot start a speech/provider session; denial or device refusal must not leak audio or invent transcription.,REAL_BROWSER; MEDIA_FIXTURE; NEGATIVE_SERVER,P1,NOT RUN,HISTORICAL_SOURCE_DERIVED,static/index.html; static/panels.js; September 6 voice release evidence,WebUI HEAD 451acb916a33d9267713eaf57aba7f93e462993c; engine HEAD 97fbbecd35984d5e28a3482d60a1165121333fc9. Exact tested file fingerprints: evidence/source-provenance.json. Frozen run 20260909-080212-676633000; commits and content fingerprints are distinct provenance. Any explicitly permitted post-run operator additions are recorded separately as post_run_operator_scripts and are not browser-tested source.,NOT YET MAPPED TO EXECUTED FRONTEND CASE,NONE: no semantically matching actual frontend assertion found in current isolated run reports.,"LOCALLY MISSING: verify current exposure/contract and implement the stated real-browser workflow, fixture and negative path. Historical provenance alone does not establish current availability."
US-SP-VOICE-006,"Dictation, speech and realtime voice",authorized voice user,"As an authorized voice user, I want to read and stop a response aloud.",Click response speaker; pause/stop; start typing during auto-read.,Speech follows controls/preferences and does not continue against the documented interruption behavior.,A user without voice/model permission cannot start a speech/provider session; denial or device refusal must not leak audio or invent transcription.,REAL_BROWSER; MEDIA_FIXTURE; NEGATIVE_SERVER,P1,NOT RUN,HISTORICAL_SOURCE_DERIVED,static/index.html; static/panels.js; September 6 voice release evidence,WebUI HEAD 451acb916a33d9267713eaf57aba7f93e462993c; engine HEAD 97fbbecd35984d5e28a3482d60a1165121333fc9. Exact tested file fingerprints: evidence/source-provenance.json. Frozen run 20260909-080212-676633000; commits and content fingerprints are distinct provenance. Any explicitly permitted post-run operator additions are recorded separately as post_run_operator_scripts and are not browser-tested source.,NOT YET MAPPED TO EXECUTED FRONTEND CASE,NONE: no semantically matching actual frontend assertion found in current isolated run reports.,"LOCALLY MISSING: verify current exposure/contract and implement the stated real-browser workflow, fixture and negative path. Historical provenance alone does not establish current availability."
US-SP-VOICE-007,"Dictation, speech and realtime voice",authorized voice user,"As an authorized voice user, I want to complete a real microphone realtime roundtrip.","In a disposable approved environment, start voice; speak a synthetic prompt; hear a response; end.","Actual capture, WebRTC/transport, speech/model response and cleanup are evidenced separately.",No unauthorized provider or conversation receives the sample.,REAL_BROWSER; REAL_DEVICE; REAL_EXTERNAL; NEGATIVE_SERVER,P1,NOT RUN,HISTORICAL_SOURCE_DERIVED,static/index.html; static/panels.js; September 6 voice release evidence,WebUI HEAD 451acb916a33d9267713eaf57aba7f93e462993c; engine HEAD 97fbbecd35984d5e28a3482d60a1165121333fc9. Exact tested file fingerprints: evidence/source-provenance.json. Frozen run 20260909-080212-676633000; commits and content fingerprints are distinct provenance. Any explicitly permitted post-run operator additions are recorded separately as post_run_operator_scripts and are not browser-tested source.,NOT YET MAPPED TO EXECUTED FRONTEND CASE,NONE: no semantically matching actual frontend assertion found in current isolated run reports.,UNPROVISIONED DEVICE/EXTERNAL: no physical microphone plus real provider/WebRTC roundtrip was exercised. Synthetic browser audio and disabled/error paths remain separate local tests.
US-SP-VOICE-008,"Dictation, speech and realtime voice",authorized voice user,"As an authorized voice user, I want to recover device or voice connection loss.",Start a fixture voice session; disconnect device/transport; reconnect/close.,"Status is truthful, resources are released and a later session can start without duplicate listeners.",A user without voice/model permission cannot start a speech/provider session; denial or device refusal must not leak audio or invent transcription.,REAL_BROWSER; MEDIA_FIXTURE; NEGATIVE_SERVER,P1,PARTIAL,HISTORICAL_SOURCE_DERIVED,static/index.html; static/panels.js; September 6 voice release evidence,WebUI HEAD 451acb916a33d9267713eaf57aba7f93e462993c; engine HEAD 97fbbecd35984d5e28a3482d60a1165121333fc9. Exact tested file fingerprints: evidence/source-provenance.json. Frozen run 20260909-080212-676633000; commits and content fingerprints are distinct provenance. Any explicitly permitted post-run operator additions are recorded separately as post_run_operator_scripts and are not browser-tested source.,test-kit/tests/e2e/full/realtime-voice.spec.ts:228,PASS subset [20260909-080212-676633000]: US-SP-VOICE-REALTIME-REMOTE-END removed server call stops browser microphone capture; Actual server-side end releases browser capture and reports404 afterward. Physical device loss and reconnect/retry remain. Frozen source: True; current spec: True; all tested source files unchanged: True. Any permitted new operator scripts have separate provenance and no browser certification. Delivered report: evidence/executed-scenarios.csv (match test title and run ID).,"Only the listed assertions are evidenced; complete the remaining explicit frontend, persistence and permission requirements in this row."
US-SP-TERM-001,Interactive terminal,user with explicit terminal access,"As an user with explicit terminal access, I want to open terminal in the current workspace.",Select a permitted fixture workspace; click terminal; run a harmless identity/path command.,The actual process belongs to the correct session/workspace and output agrees with the visible context.,A user without terminal/command/workspace permission cannot start or reuse a shell or execute a denied command through alternative UI/API routes.,REAL_BROWSER; ISOLATED_TERMINAL; RELOAD; NEGATIVE_SERVER,P0,PARTIAL,HISTORICAL_SOURCE_DERIVED,static/terminal.js,WebUI HEAD 451acb916a33d9267713eaf57aba7f93e462993c; engine HEAD 97fbbecd35984d5e28a3482d60a1165121333fc9. Exact tested file fingerprints: evidence/source-provenance.json. Frozen run 20260909-080212-676633000; commits and content fingerprints are distinct provenance. Any explicitly permitted post-run operator additions are recorded separately as post_run_operator_scripts and are not browser-tested source.,test-kit/tests/e2e/full/deep-workflows.spec.ts:12,"PASS subset [20260909-080212-676633000]: US-SP-TERM-DEEP actual terminal executes harmless local command collapses expands restarts closes; All four pinned terminal assets load from the real app origin with200 under loopback-only networking; real terminal harmless write and restart have exact disk effects; collapse/expand, clear and close are exercised. Resize/copy and further revocation variants remain. Frozen source: True; current spec: True; all tested source files unchanged: True. Any permitted new operator scripts have separate provenance and no browser certification. Delivered report: evidence/executed-scenarios.csv (match test title and run ID).","Only the listed assertions are evidenced; complete the remaining explicit frontend, persistence and permission requirements in this row."
US-SP-TERM-002,Interactive terminal,user with explicit terminal access,"As an user with explicit terminal access, I want to submit a harmless command.",Type a fixture echo/file-read command; submit; inspect output and status.,Command runs once under the user's current authority and produces expected bytes.,A user without terminal/command/workspace permission cannot start or reuse a shell or execute a denied command through alternative UI/API routes.,REAL_BROWSER; ISOLATED_TERMINAL; RELOAD; NEGATIVE_SERVER,P0,PARTIAL,HISTORICAL_SOURCE_DERIVED,static/terminal.js,WebUI HEAD 451acb916a33d9267713eaf57aba7f93e462993c; engine HEAD 97fbbecd35984d5e28a3482d60a1165121333fc9. Exact tested file fingerprints: evidence/source-provenance.json. Frozen run 20260909-080212-676633000; commits and content fingerprints are distinct provenance. Any explicitly permitted post-run operator additions are recorded separately as post_run_operator_scripts and are not browser-tested source.,test-kit/tests/e2e/full/deep-workflows.spec.ts:12,"PASS subset [20260909-080212-676633000]: US-SP-TERM-DEEP actual terminal executes harmless local command collapses expands restarts closes; All four pinned terminal assets load from the real app origin with200 under loopback-only networking; real terminal harmless write and restart have exact disk effects; collapse/expand, clear and close are exercised. Resize/copy and further revocation variants remain. Frozen source: True; current spec: True; all tested source files unchanged: True. Any permitted new operator scripts have separate provenance and no browser certification. Delivered report: evidence/executed-scenarios.csv (match test title and run ID).","Only the listed assertions are evidenced; complete the remaining explicit frontend, persistence and permission requirements in this row."
US-SP-TERM-003,Interactive terminal,user with explicit terminal access,"As an user with explicit terminal access, I want to collapse expand and resize terminal.",Collapse/expand; drag resize handle; exercise keyboard resizing; change viewport.,Geometry stays usable within bounds and the same terminal output remains intact.,A user without terminal/command/workspace permission cannot start or reuse a shell or execute a denied command through alternative UI/API routes.,REAL_BROWSER; ISOLATED_TERMINAL; RELOAD; NEGATIVE_SERVER,P0,PARTIAL,HISTORICAL_SOURCE_DERIVED,static/terminal.js,WebUI HEAD 451acb916a33d9267713eaf57aba7f93e462993c; engine HEAD 97fbbecd35984d5e28a3482d60a1165121333fc9. Exact tested file fingerprints: evidence/source-provenance.json. Frozen run 20260909-080212-676633000; commits and content fingerprints are distinct provenance. Any explicitly permitted post-run operator additions are recorded separately as post_run_operator_scripts and are not browser-tested source.,test-kit/tests/e2e/full/deep-workflows.spec.ts:12,"PASS subset [20260909-080212-676633000]: US-SP-TERM-DEEP actual terminal executes harmless local command collapses expands restarts closes; All four pinned terminal assets load from the real app origin with200 under loopback-only networking; real terminal harmless write and restart have exact disk effects; collapse/expand, clear and close are exercised. Resize/copy and further revocation variants remain. Frozen source: True; current spec: True; all tested source files unchanged: True. Any permitted new operator scripts have separate provenance and no browser certification. Delivered report: evidence/executed-scenarios.csv (match test title and run ID).","Only the listed assertions are evidenced; complete the remaining explicit frontend, persistence and permission requirements in this row."
US-SP-TERM-004,Interactive terminal,user with explicit terminal access,"As an user with explicit terminal access, I want to copy and clear output.",Emit known fixture output; Copy; verify clipboard; Clear.,Copied bytes match output and clearing affects the intended display/state contract only.,A user without terminal/command/workspace permission cannot start or reuse a shell or execute a denied command through alternative UI/API routes.,REAL_BROWSER; ISOLATED_TERMINAL; RELOAD; NEGATIVE_SERVER,P0,PARTIAL,HISTORICAL_SOURCE_DERIVED,static/terminal.js,WebUI HEAD 451acb916a33d9267713eaf57aba7f93e462993c; engine HEAD 97fbbecd35984d5e28a3482d60a1165121333fc9. Exact tested file fingerprints: evidence/source-provenance.json. Frozen run 20260909-080212-676633000; commits and content fingerprints are distinct provenance. Any explicitly permitted post-run operator additions are recorded separately as post_run_operator_scripts and are not browser-tested source.,test-kit/tests/e2e/full/deep-workflows.spec.ts:12,"PASS subset [20260909-080212-676633000]: US-SP-TERM-DEEP actual terminal executes harmless local command collapses expands restarts closes; All four pinned terminal assets load from the real app origin with200 under loopback-only networking; real terminal harmless write and restart have exact disk effects; collapse/expand, clear and close are exercised. Resize/copy and further revocation variants remain. Frozen source: True; current spec: True; all tested source files unchanged: True. Any permitted new operator scripts have separate provenance and no browser certification. Delivered report: evidence/executed-scenarios.csv (match test title and run ID).","Only the listed assertions are evidenced; complete the remaining explicit frontend, persistence and permission requirements in this row."
US-SP-TERM-005,Interactive terminal,user with explicit terminal access,"As an user with explicit terminal access, I want to interrupt a running command.",Run a bounded fixture process; send its interrupt control; inspect exit.,"The process stops, outcome is truthful and a later command can run.",A user without terminal/command/workspace permission cannot start or reuse a shell or execute a denied command through alternative UI/API routes.,REAL_BROWSER; ISOLATED_TERMINAL; RELOAD; NEGATIVE_SERVER,P0,NOT RUN,HISTORICAL_SOURCE_DERIVED,static/terminal.js,WebUI HEAD 451acb916a33d9267713eaf57aba7f93e462993c; engine HEAD 97fbbecd35984d5e28a3482d60a1165121333fc9. Exact tested file fingerprints: evidence/source-provenance.json. Frozen run 20260909-080212-676633000; commits and content fingerprints are distinct provenance. Any explicitly permitted post-run operator additions are recorded separately as post_run_operator_scripts and are not browser-tested source.,NOT YET MAPPED TO EXECUTED FRONTEND CASE,NONE: no semantically matching actual frontend assertion found in current isolated run reports.,"LOCALLY MISSING: verify current exposure/contract and implement the stated real-browser workflow, fixture and negative path. Historical provenance alone does not establish current availability."
US-SP-TERM-006,Interactive terminal,user with explicit terminal access,"As an user with explicit terminal access, I want to close and restart terminal.",Open terminal; close; reopen/restart using supported controls.,Process/socket ownership follows the documented lifecycle without orphaned active shells.,A user without terminal/command/workspace permission cannot start or reuse a shell or execute a denied command through alternative UI/API routes.,REAL_BROWSER; ISOLATED_TERMINAL; RELOAD; NEGATIVE_SERVER,P0,PARTIAL,HISTORICAL_SOURCE_DERIVED,static/terminal.js,WebUI HEAD 451acb916a33d9267713eaf57aba7f93e462993c; engine HEAD 97fbbecd35984d5e28a3482d60a1165121333fc9. Exact tested file fingerprints: evidence/source-provenance.json. Frozen run 20260909-080212-676633000; commits and content fingerprints are distinct provenance. Any explicitly permitted post-run operator additions are recorded separately as post_run_operator_scripts and are not browser-tested source.,test-kit/tests/e2e/full/deep-workflows.spec.ts:12,"PASS subset [20260909-080212-676633000]: US-SP-TERM-DEEP actual terminal executes harmless local command collapses expands restarts closes; All four pinned terminal assets load from the real app origin with200 under loopback-only networking; real terminal harmless write and restart have exact disk effects; collapse/expand, clear and close are exercised. Resize/copy and further revocation variants remain. Frozen source: True; current spec: True; all tested source files unchanged: True. Any permitted new operator scripts have separate provenance and no browser certification. Delivered report: evidence/executed-scenarios.csv (match test title and run ID).","Only the listed assertions are evidenced; complete the remaining explicit frontend, persistence and permission requirements in this row."
US-SP-TERM-007,Interactive terminal,user with explicit terminal access,"As an user with explicit terminal access, I want to handle unsupported backend or startup failure.",Choose an unsupported remote-backend fixture or fail terminal creation; click terminal.,The UI shows the correct limitation/error and does not leave a fake connected terminal.,A user without terminal/command/workspace permission cannot start or reuse a shell or execute a denied command through alternative UI/API routes.,REAL_BROWSER; ISOLATED_TERMINAL; RELOAD; NEGATIVE_SERVER,P0,NOT RUN,HISTORICAL_SOURCE_DERIVED,static/terminal.js,WebUI HEAD 451acb916a33d9267713eaf57aba7f93e462993c; engine HEAD 97fbbecd35984d5e28a3482d60a1165121333fc9. Exact tested file fingerprints: evidence/source-provenance.json. Frozen run 20260909-080212-676633000; commits and content fingerprints are distinct provenance. Any explicitly permitted post-run operator additions are recorded separately as post_run_operator_scripts and are not browser-tested source.,NOT YET MAPPED TO EXECUTED FRONTEND CASE,NONE: no semantically matching actual frontend assertion found in current isolated run reports.,"LOCALLY MISSING: verify current exposure/contract and implement the stated real-browser workflow, fixture and negative path. Historical provenance alone does not establish current availability."
US-SP-TERM-008,Interactive terminal,user with explicit terminal access,"As an user with explicit terminal access, I want to revoke terminal access while connected.",Open an allowed fixture shell; revoke terminal permission; submit another command.,Further privileged execution is denied and connection lifecycle follows documented revocation policy.,A user without terminal/command/workspace permission cannot start or reuse a shell or execute a denied command through alternative UI/API routes.,REAL_BROWSER; ISOLATED_TERMINAL; RELOAD; NEGATIVE_SERVER,P0,NOT RUN,HISTORICAL_SOURCE_DERIVED,static/terminal.js,WebUI HEAD 451acb916a33d9267713eaf57aba7f93e462993c; engine HEAD 97fbbecd35984d5e28a3482d60a1165121333fc9. Exact tested file fingerprints: evidence/source-provenance.json. Frozen run 20260909-080212-676633000; commits and content fingerprints are distinct provenance. Any explicitly permitted post-run operator additions are recorded separately as post_run_operator_scripts and are not browser-tested source.,NOT YET MAPPED TO EXECUTED FRONTEND CASE,NONE: no semantically matching actual frontend assertion found in current isolated run reports.,"LOCALLY MISSING: verify current exposure/contract and implement the stated real-browser workflow, fixture and negative path. Historical provenance alone does not establish current availability."
US-SP-TERM-009,Interactive terminal,user with explicit terminal access,"As an user with explicit terminal access, I want to retain authoritative command errors.",Run a fixture command with nonzero exit; inspect; reload the chat/runtime view.,The actual error is preserved where promised and never rewritten as successful completion.,A user without terminal/command/workspace permission cannot start or reuse a shell or execute a denied command through alternative UI/API routes.,REAL_BROWSER; ISOLATED_TERMINAL; RELOAD; NEGATIVE_SERVER,P0,NOT RUN,HISTORICAL_SOURCE_DERIVED,static/terminal.js,WebUI HEAD 451acb916a33d9267713eaf57aba7f93e462993c; engine HEAD 97fbbecd35984d5e28a3482d60a1165121333fc9. Exact tested file fingerprints: evidence/source-provenance.json. Frozen run 20260909-080212-676633000; commits and content fingerprints are distinct provenance. Any explicitly permitted post-run operator additions are recorded separately as post_run_operator_scripts and are not browser-tested source.,NOT YET MAPPED TO EXECUTED FRONTEND CASE,NONE: no semantically matching actual frontend assertion found in current isolated run reports.,"LOCALLY MISSING: verify current exposure/contract and implement the stated real-browser workflow, fixture and negative path. Historical provenance alone does not establish current availability."
US-SP-UX-001,Whole-application control coverage and resilience,user of each supported role,"As an user of each supported role, I want to account for every discovered interactive control.","On the current candidate enumerate visible buttons, links, inputs, selects, menus and dialogs for every seeded persona/state; map each to a story and exercised locator.",Every discovered control is explicitly covered or an explained gap; historical source counts are not reported as executed coverage.,Hidden/disabled UI is never the only authority; every negative case includes direct server/resource/runtime verification for the relevant boundary.,REAL_BROWSER; ALL_PERSONAS; DESKTOP_LAPTOP_MOBILE; CONTROL_MANIFEST; NEGATIVE_SERVER,P1,NOT RUN,HISTORICAL_SOURCE_DERIVED,All historical UI modules plus current runtime inventory required,WebUI HEAD 451acb916a33d9267713eaf57aba7f93e462993c; engine HEAD 97fbbecd35984d5e28a3482d60a1165121333fc9. Exact tested file fingerprints: evidence/source-provenance.json. Frozen run 20260909-080212-676633000; commits and content fingerprints are distinct provenance. Any explicitly permitted post-run operator additions are recorded separately as post_run_operator_scripts and are not browser-tested source.,NOT YET MAPPED TO EXECUTED FRONTEND CASE,NONE: no semantically matching actual frontend assertion found in current isolated run reports.,"LOCALLY MISSING: verify current exposure/contract and implement the stated real-browser workflow, fixture and negative path. Historical provenance alone does not establish current availability."
US-SP-UX-002,Whole-application control coverage and resilience,user of each supported role,"As an user of each supported role, I want to open every permitted navigation entry.",As each persona click every visible rail/sidebar/mobile item and return to chat.,Each entry loads its real backend-supported view with no silent errors or unintended mutations.,Hidden/disabled UI is never the only authority; every negative case includes direct server/resource/runtime verification for the relevant boundary.,REAL_BROWSER; ALL_PERSONAS; DESKTOP_LAPTOP_MOBILE; CONTROL_MANIFEST; NEGATIVE_SERVER,P1,PARTIAL,HISTORICAL_SOURCE_DERIVED,All historical UI modules plus current runtime inventory required,WebUI HEAD 451acb916a33d9267713eaf57aba7f93e462993c; engine HEAD 97fbbecd35984d5e28a3482d60a1165121333fc9. Exact tested file fingerprints: evidence/source-provenance.json. Frozen run 20260909-080212-676633000; commits and content fingerprints are distinct provenance. Any explicitly permitted post-run operator additions are recorded separately as post_run_operator_scripts and are not browser-tested source.,test-kit/tests/e2e/full/navigation.spec.ts:9 | test-kit/tests/e2e/full/recovery-navigation.spec.ts:5,PASS subset [20260909-080212-676633000]: US-SP-CHAT-NAV chat opens through visible navigation; Fifteen visible navigation panels open as bootstrap administrator; other personas and forbidden navigation remain. Frozen source: True; current spec: True; all tested source files unchanged: True. Any permitted new operator scripts have separate provenance and no browser certification. Delivered report: evidence/executed-scenarios.csv (match test title and run ID). | PASS subset [20260909-080212-676633000]: US-SP-BOT-NAV profiles opens through visible navigation; Fifteen visible navigation panels open as bootstrap administrator; other personas and forbidden navigation remain. Frozen source: True; current spec: True; all tested source files unchanged: True. Any permitted new operator scripts have separate provenance and no browser certification. Delivered report: evidence/executed-scenarios.csv (match test title and run ID). | PASS subset [20260909-080212-676633000]: US-SP-PROJ-NAV projects opens through visible navigation; Fifteen visible navigation panels open as bootstrap administrator; other personas and forbidden navigation remain. Frozen source: True; current spec: True; all tested source files unchanged: True. Any permitted new operator scripts have separate provenance and no browser certification. Delivered report: evidence/executed-scenarios.csv (match test title and run ID). | PASS subset [20260909-080212-676633000]: US-SP-CRON-NAV tasks opens through visible navigation; Fifteen visible navigation panels open as bootstrap administrator; other personas and forbidden navigation remain. Frozen source: True; current spec: True; all tested source files unchanged: True. Any permitted new operator scripts have separate provenance and no browser certification. Delivered report: evidence/executed-scenarios.csv (match test title and run ID). | PASS subset [20260909-080212-676633000]: US-SP-SKILL-NAV skills opens through visible navigation; Fifteen visible navigation panels open as bootstrap administrator; other personas and forbidden navigation remain. Frozen source: True; current spec: True; all tested source files unchanged: True. Any permitted new operator scripts have separate provenance and no browser certification. Delivered report: evidence/executed-scenarios.csv (match test title and run ID). | PASS subset [20260909-080212-676633000]: US-SP-CONN-NAV integrations opens through visible navigation; Fifteen visible navigation panels open as bootstrap administrator; other personas and forbidden navigation remain. Frozen source: True; current spec: True; all tested source files unchanged: True. Any permitted new operator scripts have separate provenance and no browser certification. Delivered report: evidence/executed-scenarios.csv (match test title and run ID). | PASS subset [20260909-080212-676633000]: US-SP-GOV-NAV approvals opens through visible navigation; Fifteen visible navigation panels open as bootstrap administrator; other personas and forbidden navigation remain. Frozen source: True; current spec: True; all tested source files unchanged: True. Any permitted new operator scripts have separate provenance and no browser certification. Delivered report: evidence/executed-scenarios.csv (match test title and run ID). | PASS subset [20260909-080212-676633000]: US-SP-MEM-NAV memory opens through visible navigation; Fifteen visible navigation panels open as bootstrap administrator; other personas and forbidden navigation remain. Frozen source: True; current spec: True; all tested source files unchanged: True. Any permitted new operator scripts have separate provenance and no browser certification. Delivered report: evidence/executed-scenarios.csv (match test title and run ID). | PASS subset [20260909-080212-676633000]: US-SP-KAN-NAV kanban opens through visible navigation; Fifteen visible navigation panels open as bootstrap administrator; other personas and forbidden navigation remain. Frozen source: True; current spec: True; all tested source files unchanged: True. Any permitted new operator scripts have separate provenance and no browser certification. Delivered report: evidence/executed-scenarios.csv (match test title and run ID). | PASS subset [20260909-080212-676633000]: US-SP-WS-NAV workspaces opens through visible navigation; Fifteen visible navigation panels open as bootstrap administrator; other personas and forbidden navigation remain. Frozen source: True; current spec: True; all tested source files unchanged: True. Any permitted new operator scripts have separate provenance and no browser certification. Delivered report: evidence/executed-scenarios.csv (match test title and run ID). | PASS subset [20260909-080212-676633000]: US-SP-TODO-NAV todos opens through visible navigation; Fifteen visible navigation panels open as bootstrap administrator; other personas and forbidden navigation remain. Frozen source: True; current spec: True; all tested source files unchanged: True. Any permitted new operator scripts have separate provenance and no browser certification. Delivered report: evidence/executed-scenarios.csv (match test title and run ID). | PASS subset [20260909-080212-676633000]: US-SP-INS-NAV insights opens through visible navigation; Fifteen visible navigation panels open as bootstrap administrator; other personas and forbidden navigation remain. Frozen source: True; current spec: True; all tested source files unchanged: True. Any permitted new operator scripts have separate provenance and no browser certification. Delivered report: evidence/executed-scenarios.csv (match test title and run ID). | PASS subset [20260909-080212-676633000]: US-SP-LOG-NAV logs opens through visible navigation; Fifteen visible navigation panels open as bootstrap administrator; other personas and forbidden navigation remain. Frozen source: True; current spec: True; all tested source files unchanged: True. Any permitted new operator scripts have separate provenance and no browser certification. Delivered report: evidence/executed-scenarios.csv (match test title and run ID). | PASS subset [20260909-080212-676633000]: US-SP-GOV-NAV governance opens through visible navigation; Fifteen visible navigation panels open as bootstrap administrator; other personas and forbidden navigation remain. Frozen source: True; current spec: True; all tested source files unchanged: True. Any permitted new operator scripts have separate provenance and no browser certification. Delivered report: evidence/executed-scenarios.csv (match test title and run ID). | PASS subset [20260909-080212-676633000]: US-SP-PREF-NAV settings opens through visible navigation; Fifteen visible navigation panels open as bootstrap administrator; other personas and forbidden navigation remain. Frozen source: True; current spec: True; all tested source files unchanged: True. Any permitted new operator scripts have separate provenance and no browser certification. Delivered report: evidence/executed-scenarios.csv (match test title and run ID). | PASS subset [20260909-080212-676633000]: US-SP-NAV-PANEL-CLICKS rail labels and workspace edge toggle preserve draft and workspace default survives reload; Rail label toggle updates aria state/label and local preference without losing an unsent draft. Workspace edge open and header close preserve the draft and show actual fixture files. Both browser-local default-workspace-pane preferences survive reload and a new chat. This does not assert every navigation entry/persona or cross-account preference isolation. Frozen source: True; current spec: True; all tested source files unchanged: True. Any permitted new operator scripts have separate provenance and no browser certification. Delivered report: evidence/executed-scenarios.csv (match test title and run ID).,"Remaining persona/state/control inventory and story-specific keyboard, network, browser, permission and response-status assertions."
US-SP-UX-003,Whole-application control coverage and resilience,user of each supported role,"As an user of each supported role, I want to use responsive layouts.","Run core flows at 1440x950, 1024x768 and 390x844; open menus/dialogs; scroll.",Content/control access remains usable without unintended horizontal overflow or clipped primary actions.,Hidden/disabled UI is never the only authority; every negative case includes direct server/resource/runtime verification for the relevant boundary.,REAL_BROWSER; ALL_PERSONAS; DESKTOP_LAPTOP_MOBILE; CONTROL_MANIFEST; NEGATIVE_SERVER,P1,PARTIAL,HISTORICAL_SOURCE_DERIVED,All historical UI modules plus current runtime inventory required,WebUI HEAD 451acb916a33d9267713eaf57aba7f93e462993c; engine HEAD 97fbbecd35984d5e28a3482d60a1165121333fc9. Exact tested file fingerprints: evidence/source-provenance.json. Frozen run 20260909-080212-676633000; commits and content fingerprints are distinct provenance. Any explicitly permitted post-run operator additions are recorded separately as post_run_operator_scripts and are not browser-tested source.,test-kit/tests/e2e/full/deep-workflows.spec.ts:24 | test-kit/tests/e2e/full/governance-policy.spec.ts:10 | test-kit/tests/e2e/full/mobile-summary-panels.spec.ts:7 | test-kit/tests/e2e/full/session-lifecycle.spec.ts:17,"PASS subset [20260909-080212-676633000]: US-SP-SESS-SPLIT all split counts create real independent frames and exit; Every rendered split count creates expected live chat frames and exit restores chat; cross-user isolation remains. Frozen source: True; current spec: True; all tested source files unchanged: True. Any permitted new operator scripts have separate provenance and no browser certification. Delivered report: evidence/executed-scenarios.csv (match test title and run ID). | PASS subset [20260909-080212-676633000]: US-SP-POL-RESPONSIVE desktop edits policy prompt and saves accessible last controls after reload; At the named viewport, role/mode/flow/prompt and Save stay within horizontal bounds; real save and reload preserve all four fields, with actual hamburger navigation on mobile. Frozen source: True; current spec: True; all tested source files unchanged: True. Any permitted new operator scripts have separate provenance and no browser certification. Delivered report: evidence/executed-scenarios.csv (match test title and run ID). | PASS subset [20260909-080212-676633000]: US-SP-POL-RESPONSIVE laptop edits policy prompt and saves accessible last controls after reload; At the named viewport, role/mode/flow/prompt and Save stay within horizontal bounds; real save and reload preserve all four fields, with actual hamburger navigation on mobile. Frozen source: True; current spec: True; all tested source files unchanged: True. Any permitted new operator scripts have separate provenance and no browser certification. Delivered report: evidence/executed-scenarios.csv (match test title and run ID). | PASS subset [20260909-080212-676633000]: US-SP-POL-RESPONSIVE mobile edits policy prompt and saves accessible last controls after reload; At the named viewport, role/mode/flow/prompt and Save stay within horizontal bounds; real save and reload preserve all four fields, with actual hamburger navigation on mobile. Frozen source: True; current spec: True; all tested source files unchanged: True. Any permitted new operator scripts have separate provenance and no browser certification. Delivered report: evidence/executed-scenarios.csv (match test title and run ID). | PASS subset [20260909-080212-676633000]: US-SP-UX-MOBILE approvals hamburger navigation allows actual main refresh control; 390px drawer navigation and chat mode remain reachable; other panels and laptop width remain. Frozen source: True; current spec: True; all tested source files unchanged: True. Any permitted new operator scripts have separate provenance and no browser certification. Delivered report: evidence/executed-scenarios.csv (match test title and run ID). | PASS subset [20260909-080212-676633000]: US-SP-UX-MOBILE integrations hamburger navigation allows actual main refresh control; 390px drawer navigation and chat mode remain reachable; other panels and laptop width remain. Frozen source: True; current spec: True; all tested source files unchanged: True. Any permitted new operator scripts have separate provenance and no browser certification. Delivered report: evidence/executed-scenarios.csv (match test title and run ID). | PASS subset [20260909-080212-676633000]: US-SP-UX-MOBILE drawer and chat mode remain reachable at 390px; 390px drawer navigation and chat mode remain reachable; other panels and laptop width remain. Frozen source: True; current spec: True; all tested source files unchanged: True. Any permitted new operator scripts have separate provenance and no browser certification. Delivered report: evidence/executed-scenarios.csv (match test title and run ID).","Remaining persona/state/control inventory and story-specific keyboard, network, browser, permission and response-status assertions."
US-SP-UX-004,Whole-application control coverage and resilience,user of each supported role,"As an user of each supported role, I want to navigate by keyboard.",Tab through navigation/composer/forms; use Enter/Space/arrows/Escape; inspect focus return.,"Controls are reachable, labels/focus are intelligible and modals preserve intended focus boundaries.",Hidden/disabled UI is never the only authority; every negative case includes direct server/resource/runtime verification for the relevant boundary.,REAL_BROWSER; ALL_PERSONAS; DESKTOP_LAPTOP_MOBILE; CONTROL_MANIFEST; NEGATIVE_SERVER,P1,PARTIAL,HISTORICAL_SOURCE_DERIVED,All historical UI modules plus current runtime inventory required,WebUI HEAD 451acb916a33d9267713eaf57aba7f93e462993c; engine HEAD 97fbbecd35984d5e28a3482d60a1165121333fc9. Exact tested file fingerprints: evidence/source-provenance.json. Frozen run 20260909-080212-676633000; commits and content fingerprints are distinct provenance. Any explicitly permitted post-run operator additions are recorded separately as post_run_operator_scripts and are not browser-tested source.,test-kit/tests/e2e/full/workflows.spec.ts:14,"PASS subset [20260909-080212-676633000]: US-SP-BOT-004 six editor tabs, keyboard navigation, and save from instructions preserve real configuration; Six bot tabs open, keyboard ArrowRight selects tab, instructions save is read back. Other save-tab origins remain. Frozen source: True; current spec: True; all tested source files unchanged: True. Any permitted new operator scripts have separate provenance and no browser certification. Delivered report: evidence/executed-scenarios.csv (match test title and run ID).","Remaining persona/state/control inventory and story-specific keyboard, network, browser, permission and response-status assertions."
US-SP-UX-005,Whole-application control coverage and resilience,user of each supported role,"As an user of each supported role, I want to handle empty one-item and many-item lists.","Seed each catalog/list with 0, 1 and many permitted records; filter/open/select them.",Empty/loading/pagination/selection behaviors are accurate and selection never falls onto a neighboring item.,Hidden/disabled UI is never the only authority; every negative case includes direct server/resource/runtime verification for the relevant boundary.,REAL_BROWSER; ALL_PERSONAS; DESKTOP_LAPTOP_MOBILE; CONTROL_MANIFEST; NEGATIVE_SERVER,P1,NOT RUN,HISTORICAL_SOURCE_DERIVED,All historical UI modules plus current runtime inventory required,WebUI HEAD 451acb916a33d9267713eaf57aba7f93e462993c; engine HEAD 97fbbecd35984d5e28a3482d60a1165121333fc9. Exact tested file fingerprints: evidence/source-provenance.json. Frozen run 20260909-080212-676633000; commits and content fingerprints are distinct provenance. Any explicitly permitted post-run operator additions are recorded separately as post_run_operator_scripts and are not browser-tested source.,NOT YET MAPPED TO EXECUTED FRONTEND CASE,NONE: no semantically matching actual frontend assertion found in current isolated run reports.,"LOCALLY MISSING: verify current exposure/contract and implement the stated real-browser workflow, fixture and negative path. Historical provenance alone does not establish current availability."
US-SP-UX-006,Whole-application control coverage and resilience,user of each supported role,"As an user of each supported role, I want to recover from API failures.",Inject bounded 400/401/403/409/429/500/timeout fixtures at user-action endpoints; exercise displayed retry.,"Each state has accurate recoverable feedback, draft preservation where relevant and no false success.",Hidden/disabled UI is never the only authority; every negative case includes direct server/resource/runtime verification for the relevant boundary.,REAL_BROWSER; ALL_PERSONAS; DESKTOP_LAPTOP_MOBILE; CONTROL_MANIFEST; NEGATIVE_SERVER,P1,PARTIAL,HISTORICAL_SOURCE_DERIVED,All historical UI modules plus current runtime inventory required,WebUI HEAD 451acb916a33d9267713eaf57aba7f93e462993c; engine HEAD 97fbbecd35984d5e28a3482d60a1165121333fc9. Exact tested file fingerprints: evidence/source-provenance.json. Frozen run 20260909-080212-676633000; commits and content fingerprints are distinct provenance. Any explicitly permitted post-run operator additions are recorded separately as post_run_operator_scripts and are not browser-tested source.,test-kit/tests/e2e/full/frontend-extras.spec.ts:24 | test-kit/tests/e2e/full/tool-result-status.spec.ts:19 | test-kit/tests/e2e/full/workspace-governance.spec.ts:54,"PASS subset [20260909-080212-676633000]: US-SP-UX-ERROR-TOAST error toast retains clickable dismiss control; Real invalid policy email displays error toast; visible dismiss button removes it. Other failures remain. Frozen source: True; current spec: True; all tested source files unchanged: True. Any permitted new operator scripts have separate provenance and no browser certification. Delivered report: evidence/executed-scenarios.csv (match test title and run ID). | PASS subset [20260909-080212-676633000]: US-SP-CHAT-TOOL-STATUS successful writes and reads of error-looking content remain successful after reload; Real write produces exact bytes; subsequent successful read of error-looking JSON retains a successful Read label. Both tool error flags remain false after reload. This supplements truthful error feedback, not all retry/error recovery states. Frozen source: True; current spec: True; all tested source files unchanged: True. Any permitted new operator scripts have separate provenance and no browser certification. Delivered report: evidence/executed-scenarios.csv (match test title and run ID). | PASS subset [20260909-080212-676633000]: US-SP-WS-RUNTIME revoking workspace member while real write awaits approval blocks engine effect after Allow once; After real membership revocation during parked approval, file remains absent and durable tool denial appears; settled and reloaded visible card must stay Failed, never Updated. This supplements truthful feedback, not general endpoint retry behavior. Frozen source: True; current spec: True; all tested source files unchanged: True. Any permitted new operator scripts have separate provenance and no browser certification. Delivered report: evidence/executed-scenarios.csv (match test title and run ID).","Remaining persona/state/control inventory and story-specific keyboard, network, browser, permission and response-status assertions."
US-SP-UX-007,Whole-application control coverage and resilience,user of each supported role,"As an user of each supported role, I want to ignore stale responses during rapid navigation.",Delay catalog/detail/save requests; switch panels/profiles/conversations; deliver old responses.,Stale results cannot reclaim focus or expose data from a previous identity/context.,Hidden/disabled UI is never the only authority; every negative case includes direct server/resource/runtime verification for the relevant boundary.,REAL_BROWSER; ALL_PERSONAS; DESKTOP_LAPTOP_MOBILE; CONTROL_MANIFEST; NEGATIVE_SERVER,P1,PARTIAL,HISTORICAL_SOURCE_DERIVED,All historical UI modules plus current runtime inventory required,WebUI HEAD 451acb916a33d9267713eaf57aba7f93e462993c; engine HEAD 97fbbecd35984d5e28a3482d60a1165121333fc9. Exact tested file fingerprints: evidence/source-provenance.json. Frozen run 20260909-080212-676633000; commits and content fingerprints are distinct provenance. Any explicitly permitted post-run operator additions are recorded separately as post_run_operator_scripts and are not browser-tested source.,test-kit/tests/e2e/full/governance-field-roundtrip.spec.ts:197 | test-kit/tests/e2e/full/governance-field-roundtrip.spec.ts:240 | test-kit/tests/e2e/full/governance-field-roundtrip.spec.ts:273,"PASS subset [20260909-080212-676633000]: US-SP-UX-007 [preview lifecycle] a stale preview for the same reselected user cannot replace its newer policy; Held real responses prove editor A→B→A preview and standalone A→B inspector do not overwrite newer results, and late save does not discard another user draft; other views remain. Frozen source: True; current spec: True; all tested source files unchanged: True. Any permitted new operator scripts have separate provenance and no browser certification. Delivered report: evidence/executed-scenarios.csv (match test title and run ID). | PASS subset [20260909-080212-676633000]: US-SP-UX-007 [save lifecycle] a late save cannot discard a newly selected user draft; Held real responses prove editor A→B→A preview and standalone A→B inspector do not overwrite newer results, and late save does not discard another user draft; other views remain. Frozen source: True; current spec: True; all tested source files unchanged: True. Any permitted new operator scripts have separate provenance and no browser certification. Delivered report: evidence/executed-scenarios.csv (match test title and run ID). | PASS subset [20260909-080212-676633000]: US-SP-UX-007 [inspector lifecycle] late standalone preview cannot replace a more recently requested user; Held real responses prove editor A→B→A preview and standalone A→B inspector do not overwrite newer results, and late save does not discard another user draft; other views remain. Frozen source: True; current spec: True; all tested source files unchanged: True. Any permitted new operator scripts have separate provenance and no browser certification. Delivered report: evidence/executed-scenarios.csv (match test title and run ID).","Remaining persona/state/control inventory and story-specific keyboard, network, browser, permission and response-status assertions."
US-SP-UX-008,Whole-application control coverage and resilience,user of each supported role,"As an user of each supported role, I want to survive offline and reconnect.",Open fixture chat; lose network; attempt supported action; reconnect; reload.,Offline/error state is explicit and retry cannot duplicate mutation or lose acknowledged data.,Hidden/disabled UI is never the only authority; every negative case includes direct server/resource/runtime verification for the relevant boundary.,REAL_BROWSER; ALL_PERSONAS; DESKTOP_LAPTOP_MOBILE; CONTROL_MANIFEST; NEGATIVE_SERVER,P1,NOT RUN,HISTORICAL_SOURCE_DERIVED,All historical UI modules plus current runtime inventory required,WebUI HEAD 451acb916a33d9267713eaf57aba7f93e462993c; engine HEAD 97fbbecd35984d5e28a3482d60a1165121333fc9. Exact tested file fingerprints: evidence/source-provenance.json. Frozen run 20260909-080212-676633000; commits and content fingerprints are distinct provenance. Any explicitly permitted post-run operator additions are recorded separately as post_run_operator_scripts and are not browser-tested source.,NOT YET MAPPED TO EXECUTED FRONTEND CASE,NONE: no semantically matching actual frontend assertion found in current isolated run reports.,"LOCALLY MISSING: verify current exposure/contract and implement the stated real-browser workflow, fixture and negative path. Historical provenance alone does not establish current availability."
US-SP-UX-009,Whole-application control coverage and resilience,user of each supported role,"As an user of each supported role, I want to reload and update the PWA safely.",Open installed/PWA-style fixture; exercise reload/version-skew recovery and cached assets.,Served assets belong to the intended candidate version and stale service-worker code does not masquerade as current QA.,Hidden/disabled UI is never the only authority; every negative case includes direct server/resource/runtime verification for the relevant boundary.,REAL_BROWSER; ALL_PERSONAS; DESKTOP_LAPTOP_MOBILE; CONTROL_MANIFEST; NEGATIVE_SERVER,P1,NOT RUN,HISTORICAL_SOURCE_DERIVED,All historical UI modules plus current runtime inventory required,WebUI HEAD 451acb916a33d9267713eaf57aba7f93e462993c; engine HEAD 97fbbecd35984d5e28a3482d60a1165121333fc9. Exact tested file fingerprints: evidence/source-provenance.json. Frozen run 20260909-080212-676633000; commits and content fingerprints are distinct provenance. Any explicitly permitted post-run operator additions are recorded separately as post_run_operator_scripts and are not browser-tested source.,NOT YET MAPPED TO EXECUTED FRONTEND CASE,NONE: no semantically matching actual frontend assertion found in current isolated run reports.,"LOCALLY MISSING: verify current exposure/contract and implement the stated real-browser workflow, fixture and negative path. Historical provenance alone does not establish current availability."
US-SP-UX-010,Whole-application control coverage and resilience,user of each supported role,"As an user of each supported role, I want to retain downloadable evidence.",Exercise every delivered file/link/download path; compare fixture file names and hashes.,Artifacts are actually retrievable with correct bytes by authorized actors and denied to outsiders.,Hidden/disabled UI is never the only authority; every negative case includes direct server/resource/runtime verification for the relevant boundary.,REAL_BROWSER; ALL_PERSONAS; DESKTOP_LAPTOP_MOBILE; CONTROL_MANIFEST; NEGATIVE_SERVER,P1,PARTIAL,HISTORICAL_SOURCE_DERIVED,All historical UI modules plus current runtime inventory required,WebUI HEAD 451acb916a33d9267713eaf57aba7f93e462993c; engine HEAD 97fbbecd35984d5e28a3482d60a1165121333fc9. Exact tested file fingerprints: evidence/source-provenance.json. Frozen run 20260909-080212-676633000; commits and content fingerprints are distinct provenance. Any explicitly permitted post-run operator additions are recorded separately as post_run_operator_scripts and are not browser-tested source.,test-kit/tests/e2e/full/session-lifecycle.spec.ts:10,PASS subset [20260909-080212-676633000]: US-SP-SESS-EXPORT-JSON actual download includes persisted transcript; Actual JSON and Markdown downloads contain persisted transcript markers. Frozen source: True; current spec: True; all tested source files unchanged: True. Any permitted new operator scripts have separate provenance and no browser certification. Delivered report: evidence/executed-scenarios.csv (match test title and run ID). | PASS subset [20260909-080212-676633000]: US-SP-SESS-EXPORT-Markdown actual download includes persisted transcript; Actual JSON and Markdown downloads contain persisted transcript markers. Frozen source: True; current spec: True; all tested source files unchanged: True. Any permitted new operator scripts have separate provenance and no browser certification. Delivered report: evidence/executed-scenarios.csv (match test title and run ID).,"Remaining persona/state/control inventory and story-specific keyboard, network, browser, permission and response-status assertions."
US-SP-UX-011,Whole-application control coverage and resilience,user of each supported role,"As an user of each supported role, I want to record browser errors and failed requests.","Collect pageerror, console errors and relevant failed/status responses during all executed stories.",Every unexpected event is linked to a case with a finding or documented expected denial; none are silently ignored.,Hidden/disabled UI is never the only authority; every negative case includes direct server/resource/runtime verification for the relevant boundary.,REAL_BROWSER; ALL_PERSONAS; DESKTOP_LAPTOP_MOBILE; CONTROL_MANIFEST; NEGATIVE_SERVER,P1,PARTIAL,HISTORICAL_SOURCE_DERIVED,All historical UI modules plus current runtime inventory required,WebUI HEAD 451acb916a33d9267713eaf57aba7f93e462993c; engine HEAD 97fbbecd35984d5e28a3482d60a1165121333fc9. Exact tested file fingerprints: evidence/source-provenance.json. Frozen run 20260909-080212-676633000; commits and content fingerprints are distinct provenance. Any explicitly permitted post-run operator additions are recorded separately as post_run_operator_scripts and are not browser-tested source.,test-kit/tests/e2e/full/workspace-governance.spec.ts:54,PASS subset [20260909-080212-676633000]: US-SP-WS-RUNTIME revoking workspace member while real write awaits approval blocks engine effect after Allow once; The current shared auto fixture collects uncaught page errors from page setup; this scenario has an attached empty error array. The pageerror result is independent of any separate functional failure. Full console/status/failed-request classification remains. Frozen source: True; current spec: True; all tested source files unchanged: True. Any permitted new operator scripts have separate provenance and no browser certification. Delivered report: evidence/executed-scenarios.csv (match test title and run ID).,"Remaining persona/state/control inventory and story-specific keyboard, network, browser, permission and response-status assertions."
US-SP-CHAT-019,"Composer, responses and runtime",authorized chat user,"As an authorized chat user, I want to attach and remove files before sending.",Choose two synthetic text files in the real attachment picker; remove one; send the remaining file with a prompt; hard reload.,The retained file uploads with exact fixture bytes; the tray clears after send; the persisted transcript retains its filename after reload and omits the removed file.,A file removed before Send must not appear in the reloaded transcript.,REAL_BROWSER; FILE_BYTES; DETERMINISTIC_PROVIDER; RELOAD,P1,PASS,CURRENT_RUNTIME_DISCOVERED,static/messages.js; tests/e2e/full/composer-content.spec.ts,WebUI HEAD 451acb916a33d9267713eaf57aba7f93e462993c; engine HEAD 97fbbecd35984d5e28a3482d60a1165121333fc9. Exact tested file fingerprints: evidence/source-provenance.json. Frozen run 20260909-080212-676633000; commits and content fingerprints are distinct provenance. Any explicitly permitted post-run operator additions are recorded separately as post_run_operator_scripts and are not browser-tested source.,test-kit/tests/e2e/full/additional-clicks.spec.ts:122 | test-kit/tests/e2e/full/composer-content.spec.ts:4,"PASS acceptance [20260909-080212-676633000]: US-SP-CHAT-ATTACH-CHOOSER-CLICKS attach opens real chooser and removal leaves draft and disk untouched; Visible Attach opens an actual browser file chooser; removing the selected file before Send leaves the draft intact, makes no upload request and leaves no transcript reference or workspace file. The separate attachment-send case covers exact uploaded bytes and reload. Frozen source: True; current spec: True; all tested source files unchanged: True. Any permitted new operator scripts have separate provenance and no browser certification. Delivered report: evidence/executed-scenarios.csv (match test title and run ID). | PASS acceptance [20260909-080212-676633000]: US-SP-CHAT-ATTACH actual text attachments remove one upload exact bytes and persist transcript; Both files enter the rendered tray; removed file is excluded; the retained upload has exact disk bytes, tray clears, and its filename survives transcript reload. Frozen source: True; current spec: True; all tested source files unchanged: True. Any permitted new operator scripts have separate provenance and no browser certification. Delivered report: evidence/executed-scenarios.csv (match test title and run ID).",None for this stated acceptance scope. Broader persona/security/device coverage remains in the dedicated catalog stories.
US-SP-CHAT-020,"Composer, responses and runtime",authorized chat user,"As an authorized chat user, I want to cancel editing then edit and regenerate a response.",Send a fixture prompt; Edit message and Cancel changed text; edit again and submit; Regenerate response; hard reload.,Cancelled text never persists; the edited user turn replaces the old text; regeneration completes and the reloaded conversation contains exactly one edited user turn.,Cancel preserves the original text; editing and regeneration must not retain the replaced old user text or duplicate its user turn.,REAL_BROWSER; DETERMINISTIC_PROVIDER; RELOAD,P1,PASS,CURRENT_RUNTIME_DISCOVERED,static/messages.js; tests/e2e/full/composer-content.spec.ts,WebUI HEAD 451acb916a33d9267713eaf57aba7f93e462993c; engine HEAD 97fbbecd35984d5e28a3482d60a1165121333fc9. Exact tested file fingerprints: evidence/source-provenance.json. Frozen run 20260909-080212-676633000; commits and content fingerprints are distinct provenance. Any explicitly permitted post-run operator additions are recorded separately as post_run_operator_scripts and are not browser-tested source.,test-kit/tests/e2e/full/composer-content.spec.ts:20,"PASS acceptance [20260909-080212-676633000]: US-SP-CHAT-EDIT actual cancel edit resubmit and regenerate preserve one edited user turn after reload; Cancelled message edit is absent from authoritative storage; actual edited send and regenerate finish, then reload confirms exactly one edited user turn and no old text. Frozen source: True; current spec: True; all tested source files unchanged: True. Any permitted new operator scripts have separate provenance and no browser certification. Delivered report: evidence/executed-scenarios.csv (match test title and run ID).",None for this stated acceptance scope. Broader persona/security/device coverage remains in the dedicated catalog stories.
US-SP-CHAT-021,"Composer, responses and runtime",authorized chat user,"As an authorized chat user, I want to save insert and delete a reusable prompt.",Open Saved prompts with an empty composer and attempt Save; enter a multiline prompt and save; reload; insert it; delete it; reload again.,The empty save produces a visible error; exact multiline content is inserted with the documented separator; deletion removes the row and persisted prompt.,An empty save attempt must show a validation error; deleting the selected prompt removes it after reload without silently reinserting it.,REAL_BROWSER; RELOAD; NEGATIVE_VALIDATION,P1,PASS,CURRENT_RUNTIME_DISCOVERED,static/commands.js; tests/e2e/full/composer-content.spec.ts,WebUI HEAD 451acb916a33d9267713eaf57aba7f93e462993c; engine HEAD 97fbbecd35984d5e28a3482d60a1165121333fc9. Exact tested file fingerprints: evidence/source-provenance.json. Frozen run 20260909-080212-676633000; commits and content fingerprints are distinct provenance. Any explicitly permitted post-run operator additions are recorded separately as post_run_operator_scripts and are not browser-tested source.,test-kit/tests/e2e/full/composer-content.spec.ts:38,PASS acceptance [20260909-080212-676633000]: US-SP-CHAT-PROMPTS saved prompt validates empty input saves reloads inserts exact text and deletes; Empty save visibly rejects; exact multiline saved prompt survives reload and inserts; deletion is confirmed by real prompts API and a second reload. Frozen source: True; current spec: True; all tested source files unchanged: True. Any permitted new operator scripts have separate provenance and no browser certification. Delivered report: evidence/executed-scenarios.csv (match test title and run ID).,None for this stated acceptance scope. Broader persona/security/device coverage remains in the dedicated catalog stories.
US-SP-VOICE-009,"Dictation, speech and realtime voice",authorized voice user in a disposable local fixture,"As an authorized voice user, I want to hold a realtime conversation while preserving my typed draft.",Start voice; unmute; receive two synthetic spoken user/reply pairs; inspect transcript; end.,Four exact turns appear in DOM and private voice journal; call ends and tracks stop.,"Typed draft stays intact; no chat turn, fallback speech request or duplicate response.create is submitted.",REAL_BROWSER; SYNTHETIC_MEDIA; REAL_HTTP_WS; REAL_ENGINE; AUTHORITATIVE_READBACK; NEGATIVE_STATE,P1,PASS,CURRENT_RUNTIME_DISCOVERED,static/realtime_voice.js; api/realtime_voice.py; tests/e2e/full/realtime-voice.spec.ts,WebUI HEAD 451acb916a33d9267713eaf57aba7f93e462993c; engine HEAD 97fbbecd35984d5e28a3482d60a1165121333fc9. Exact tested file fingerprints: evidence/source-provenance.json. Frozen run 20260909-080212-676633000; commits and content fingerprints are distinct provenance. Any explicitly permitted post-run operator additions are recorded separately as post_run_operator_scripts and are not browser-tested source.,test-kit/tests/e2e/full/realtime-voice.spec.ts:102,"PASS acceptance [20260909-080212-676633000]: US-SP-VOICE-REALTIME-TURNS native speech answers two turns without submitting chat or replacing draft; Four exact turns appear in DOM and private voice journal; call ends and tracks stop. Typed draft stays intact; no chat turn, fallback speech request or duplicate response.create is submitted. Browser media/WebRTC is synthetic; actual HTTP/WS/engine/storage are local and real. Frozen source: True; current spec: True; all tested source files unchanged: True. Any permitted new operator scripts have separate provenance and no browser certification. Delivered report: evidence/executed-scenarios.csv (match test title and run ID).",None for this stated acceptance scope. Broader persona/security/device coverage remains in the dedicated catalog stories.
US-SP-VOICE-010,"Dictation, speech and realtime voice",authorized voice user in a disposable local fixture,"As an authorized voice user, I want to dispatch one background job while continuing to speak.",Start voice; emit a duplicated dispatch event for one delayed file write; continue a second spoken exchange; expand completed task and open its chat.,Exactly one child task writes exact fixture bytes; function result returns once; task link opens the persisted engine result.,Duplicate provider dispatch must not create duplicate work; opening child leaves the voice call and unmuted microphone intact.,REAL_BROWSER; SYNTHETIC_MEDIA; REAL_HTTP_WS; REAL_ENGINE; AUTHORITATIVE_READBACK; NEGATIVE_STATE,P1,PASS,CURRENT_RUNTIME_DISCOVERED,static/realtime_voice.js; api/realtime_voice.py; tests/e2e/full/realtime-voice.spec.ts,WebUI HEAD 451acb916a33d9267713eaf57aba7f93e462993c; engine HEAD 97fbbecd35984d5e28a3482d60a1165121333fc9. Exact tested file fingerprints: evidence/source-provenance.json. Frozen run 20260909-080212-676633000; commits and content fingerprints are distinct provenance. Any explicitly permitted post-run operator additions are recorded separately as post_run_operator_scripts and are not browser-tested source.,test-kit/tests/e2e/full/realtime-voice.spec.ts:127,PASS acceptance [20260909-080212-676633000]: US-SP-VOICE-REALTIME-BACKGROUND native dispatch performs real file write once and preserves ongoing conversation; Exactly one child task writes exact fixture bytes; function result returns once; task link opens the persisted engine result. Duplicate provider dispatch must not create duplicate work; opening child leaves the voice call and unmuted microphone intact. Browser media/WebRTC is synthetic; actual HTTP/WS/engine/storage are local and real. Frozen source: True; current spec: True; all tested source files unchanged: True. Any permitted new operator scripts have separate provenance and no browser certification. Delivered report: evidence/executed-scenarios.csv (match test title and run ID).,None for this stated acceptance scope. Broader persona/security/device coverage remains in the dedicated catalog stories.
US-SP-VOICE-011,"Dictation, speech and realtime voice",authorized voice user in a disposable local fixture,"As an authorized voice user, I want to end voice capture without canceling already-started background work.",Start voice; dispatch a delayed chat job; end the call while task is running.,"Provider call ends, voice bar hides, microphone track stops and the existing child later stores its expected result.",Closing capture must not create another task or cancel the already-authorized child.,REAL_BROWSER; SYNTHETIC_MEDIA; REAL_HTTP_WS; REAL_ENGINE; AUTHORITATIVE_READBACK; NEGATIVE_STATE,P1,PASS,CURRENT_RUNTIME_DISCOVERED,static/realtime_voice.js; api/realtime_voice.py; tests/e2e/full/realtime-voice.spec.ts,WebUI HEAD 451acb916a33d9267713eaf57aba7f93e462993c; engine HEAD 97fbbecd35984d5e28a3482d60a1165121333fc9. Exact tested file fingerprints: evidence/source-provenance.json. Frozen run 20260909-080212-676633000; commits and content fingerprints are distinct provenance. Any explicitly permitted post-run operator additions are recorded separately as post_run_operator_scripts and are not browser-tested source.,test-kit/tests/e2e/full/realtime-voice.spec.ts:149,"PASS acceptance [20260909-080212-676633000]: US-SP-VOICE-REALTIME-END ending call leaves a real engine task running to completion; Provider call ends, voice bar hides, microphone track stops and the existing child later stores its expected result. Closing capture must not create another task or cancel the already-authorized child. Browser media/WebRTC is synthetic; actual HTTP/WS/engine/storage are local and real. Frozen source: True; current spec: True; all tested source files unchanged: True. Any permitted new operator scripts have separate provenance and no browser certification. Delivered report: evidence/executed-scenarios.csv (match test title and run ID).",None for this stated acceptance scope. Broader persona/security/device coverage remains in the dedicated catalog stories.
US-SP-VOICE-012,"Dictation, speech and realtime voice",authorized voice user in a disposable local fixture,"As an authorized voice user, I want to approve an eligible voice-dispatched action once from mobile.",Start voice on390px viewport; dispatch real write; inspect waiting approval; continue speaking; press Allow once.,Exact child session/approval identifiers reach the real approval endpoint; write occurs and task becomes done while voice stays open.,No bytes are written before approval; only Allow once and Deny exist and horizontal overflow is absent.,REAL_BROWSER; SYNTHETIC_MEDIA; REAL_HTTP_WS; REAL_ENGINE; AUTHORITATIVE_READBACK; NEGATIVE_STATE,P0,PASS,CURRENT_RUNTIME_DISCOVERED,static/realtime_voice.js; api/realtime_voice.py; tests/e2e/full/realtime-voice.spec.ts,WebUI HEAD 451acb916a33d9267713eaf57aba7f93e462993c; engine HEAD 97fbbecd35984d5e28a3482d60a1165121333fc9. Exact tested file fingerprints: evidence/source-provenance.json. Frozen run 20260909-080212-676633000; commits and content fingerprints are distinct provenance. Any explicitly permitted post-run operator additions are recorded separately as post_run_operator_scripts and are not browser-tested source.,test-kit/tests/e2e/full/realtime-voice.spec.ts:158,PASS acceptance [20260909-080212-676633000]: US-SP-VOICE-REALTIME-ONCE governed native action waits for exact child approval while voice stays open; Exact child session/approval identifiers reach the real approval endpoint; write occurs and task becomes done while voice stays open. No bytes are written before approval; only Allow once and Deny exist and horizontal overflow is absent. Browser media/WebRTC is synthetic; actual HTTP/WS/engine/storage are local and real. Frozen source: True; current spec: True; all tested source files unchanged: True. Any permitted new operator scripts have separate provenance and no browser certification. Delivered report: evidence/executed-scenarios.csv (match test title and run ID).,None for this stated acceptance scope. Broader persona/security/device coverage remains in the dedicated catalog stories.
US-SP-VOICE-013,"Dictation, speech and realtime voice",authorized voice user in a disposable local fixture,"As an authorized voice user, I want to deny a voice-dispatched action from mobile.",Start voice on390px viewport; dispatch real write; inspect waiting approval; continue speaking; press Deny.,Exact child session/approval identifiers reach the real endpoint; task reports its denied tool result and voice stays open.,Target file remains absent before and after denial; only the two eligible one-shot decision controls appear.,REAL_BROWSER; SYNTHETIC_MEDIA; REAL_HTTP_WS; REAL_ENGINE; AUTHORITATIVE_READBACK; NEGATIVE_STATE,P0,PASS,CURRENT_RUNTIME_DISCOVERED,static/realtime_voice.js; api/realtime_voice.py; tests/e2e/full/realtime-voice.spec.ts,WebUI HEAD 451acb916a33d9267713eaf57aba7f93e462993c; engine HEAD 97fbbecd35984d5e28a3482d60a1165121333fc9. Exact tested file fingerprints: evidence/source-provenance.json. Frozen run 20260909-080212-676633000; commits and content fingerprints are distinct provenance. Any explicitly permitted post-run operator additions are recorded separately as post_run_operator_scripts and are not browser-tested source.,test-kit/tests/e2e/full/realtime-voice.spec.ts:158,PASS acceptance [20260909-080212-676633000]: US-SP-VOICE-REALTIME-DENY governed native action waits for exact child approval while voice stays open; Exact child session/approval identifiers reach the real endpoint; task reports its denied tool result and voice stays open. Target file remains absent before and after denial; only the two eligible one-shot decision controls appear. Browser media/WebRTC is synthetic; actual HTTP/WS/engine/storage are local and real. Frozen source: True; current spec: True; all tested source files unchanged: True. Any permitted new operator scripts have separate provenance and no browser certification. Delivered report: evidence/executed-scenarios.csv (match test title and run ID).,None for this stated acceptance scope. Broader persona/security/device coverage remains in the dedicated catalog stories.
US-SP-VOICE-014,"Dictation, speech and realtime voice",authorized voice user in a disposable local fixture,"As an authorized voice user, I want to apply my automatic approval rules to a voice task.",Start voice as the automatic-approval fixture; dispatch a real write; await task and inspect audit.,Controlled classifier approval allows exact bytes; automatic source/tool/decision and policy revision persist in audit.,No manual approval controls appear and call identity remains unchanged; this tests deterministic classification plumbing.,REAL_BROWSER; SYNTHETIC_MEDIA; REAL_HTTP_WS; REAL_ENGINE; AUTHORITATIVE_READBACK; NEGATIVE_STATE,P0,PASS,CURRENT_RUNTIME_DISCOVERED,static/realtime_voice.js; api/realtime_voice.py; tests/e2e/full/realtime-voice.spec.ts,WebUI HEAD 451acb916a33d9267713eaf57aba7f93e462993c; engine HEAD 97fbbecd35984d5e28a3482d60a1165121333fc9. Exact tested file fingerprints: evidence/source-provenance.json. Frozen run 20260909-080212-676633000; commits and content fingerprints are distinct provenance. Any explicitly permitted post-run operator additions are recorded separately as post_run_operator_scripts and are not browser-tested source.,test-kit/tests/e2e/full/realtime-voice.spec.ts:181,PASS acceptance [20260909-080212-676633000]: US-SP-VOICE-REALTIME-AUTOAPPROVE native tool effect follows the user's real AI review decision; Controlled classifier approval allows exact bytes; automatic source/tool/decision and policy revision persist in audit. No manual approval controls appear and call identity remains unchanged; this tests deterministic classification plumbing. Browser media/WebRTC is synthetic; actual HTTP/WS/engine/storage are local and real. Frozen source: True; current spec: True; all tested source files unchanged: True. Any permitted new operator scripts have separate provenance and no browser certification. Delivered report: evidence/executed-scenarios.csv (match test title and run ID).,None for this stated acceptance scope. Broader persona/security/device coverage remains in the dedicated catalog stories.
US-SP-VOICE-015,"Dictation, speech and realtime voice",authorized voice user in a disposable local fixture,"As an authorized voice user, I want to apply my automatic denial rules to a voice task.",Start voice as the automatic-denial fixture; dispatch a real write; await task and inspect audit.,Controlled classifier denial leaves file absent; automatic source/tool/decision and policy revision persist in audit.,No manual approval controls appear and call identity remains unchanged; no real-model judgment-quality claim follows.,REAL_BROWSER; SYNTHETIC_MEDIA; REAL_HTTP_WS; REAL_ENGINE; AUTHORITATIVE_READBACK; NEGATIVE_STATE,P0,PASS,CURRENT_RUNTIME_DISCOVERED,static/realtime_voice.js; api/realtime_voice.py; tests/e2e/full/realtime-voice.spec.ts,WebUI HEAD 451acb916a33d9267713eaf57aba7f93e462993c; engine HEAD 97fbbecd35984d5e28a3482d60a1165121333fc9. Exact tested file fingerprints: evidence/source-provenance.json. Frozen run 20260909-080212-676633000; commits and content fingerprints are distinct provenance. Any explicitly permitted post-run operator additions are recorded separately as post_run_operator_scripts and are not browser-tested source.,test-kit/tests/e2e/full/realtime-voice.spec.ts:181,PASS acceptance [20260909-080212-676633000]: US-SP-VOICE-REALTIME-AUTODENY native tool effect follows the user's real AI review decision; Controlled classifier denial leaves file absent; automatic source/tool/decision and policy revision persist in audit. No manual approval controls appear and call identity remains unchanged; no real-model judgment-quality claim follows. Browser media/WebRTC is synthetic; actual HTTP/WS/engine/storage are local and real. Frozen source: True; current spec: True; all tested source files unchanged: True. Any permitted new operator scripts have separate provenance and no browser certification. Delivered report: evidence/executed-scenarios.csv (match test title and run ID).,None for this stated acceptance scope. Broader persona/security/device coverage remains in the dedicated catalog stories.
US-SP-VOICE-016,"Dictation, speech and realtime voice",authorized voice user in a disposable local fixture,"As an authorized voice user, I want to control microphone capture and interruption throughout a voice call.",Start muted; toggle mic twice; hold/release Space and pointer push-to-talk; interrupt native playback; send a typed turn then create another conversation.,Track enabled state follows each control; interruption emits cancel plus output clear; session switch ends provider call and stops capture.,Released push-to-talk cannot leave microphone enabled; playback must stop after interruption and capture cannot follow a different conversation.,REAL_BROWSER; SYNTHETIC_MEDIA; REAL_HTTP_WS; REAL_ENGINE; AUTHORITATIVE_READBACK; NEGATIVE_STATE,P1,PASS,CURRENT_RUNTIME_DISCOVERED,static/realtime_voice.js; api/realtime_voice.py; tests/e2e/full/realtime-voice.spec.ts,WebUI HEAD 451acb916a33d9267713eaf57aba7f93e462993c; engine HEAD 97fbbecd35984d5e28a3482d60a1165121333fc9. Exact tested file fingerprints: evidence/source-provenance.json. Frozen run 20260909-080212-676633000; commits and content fingerprints are distinct provenance. Any explicitly permitted post-run operator additions are recorded separately as post_run_operator_scripts and are not browser-tested source.,test-kit/tests/e2e/full/realtime-voice.spec.ts:198,"PASS acceptance [20260909-080212-676633000]: US-SP-VOICE-REALTIME-CONTROLS microphone, push to talk, interruption and session change release capture correctly; Track enabled state follows each control; interruption emits cancel plus output clear; session switch ends provider call and stops capture. Released push-to-talk cannot leave microphone enabled; playback must stop after interruption and capture cannot follow a different conversation. Browser media/WebRTC is synthetic; actual HTTP/WS/engine/storage are local and real. Frozen source: True; current spec: True; all tested source files unchanged: True. Any permitted new operator scripts have separate provenance and no browser certification. Delivered report: evidence/executed-scenarios.csv (match test title and run ID).",None for this stated acceptance scope. Broader persona/security/device coverage remains in the dedicated catalog stories.
US-SP-VOICE-017,"Dictation, speech and realtime voice",authorized voice user in a disposable local fixture,"As an authorized voice user, I want to receive truthful feedback when voice microphone access is refused.","Deny synthetic getUserMedia; click voice; inspect toast, call inventory and bar.",Explicit microphone refusal appears and voice bar remains hidden.,No provider call is created and no successful recording or transcript is fabricated.,REAL_BROWSER; SYNTHETIC_MEDIA; REAL_HTTP_WS; REAL_ENGINE; AUTHORITATIVE_READBACK; NEGATIVE_STATE,P1,PASS,CURRENT_RUNTIME_DISCOVERED,static/realtime_voice.js; api/realtime_voice.py; tests/e2e/full/realtime-voice.spec.ts,WebUI HEAD 451acb916a33d9267713eaf57aba7f93e462993c; engine HEAD 97fbbecd35984d5e28a3482d60a1165121333fc9. Exact tested file fingerprints: evidence/source-provenance.json. Frozen run 20260909-080212-676633000; commits and content fingerprints are distinct provenance. Any explicitly permitted post-run operator additions are recorded separately as post_run_operator_scripts and are not browser-tested source.,test-kit/tests/e2e/full/realtime-voice.spec.ts:221,PASS acceptance [20260909-080212-676633000]: US-SP-VOICE-REALTIME-MIC-DENIED microphone refusal fails without creating a provider call; Explicit microphone refusal appears and voice bar remains hidden. No provider call is created and no successful recording or transcript is fabricated. Browser media/WebRTC is synthetic; actual HTTP/WS/engine/storage are local and real. Frozen source: True; current spec: True; all tested source files unchanged: True. Any permitted new operator scripts have separate provenance and no browser certification. Delivered report: evidence/executed-scenarios.csv (match test title and run ID).,None for this stated acceptance scope. Broader persona/security/device coverage remains in the dedicated catalog stories.
US-SP-VOICE-018,"Dictation, speech and realtime voice",authorized voice user in a disposable local fixture,"As an authorized voice user, I want to stop browser capture when the server-side voice call ends.",Start voice; unmute; end this call using the authenticated real endpoint; inspect browser and status.,"Voice bar hides, track stops, provider is ended and subsequent status returns404.",A removed server call cannot leave microphone capture active.,REAL_BROWSER; SYNTHETIC_MEDIA; REAL_HTTP_WS; REAL_ENGINE; AUTHORITATIVE_READBACK; NEGATIVE_STATE,P1,PASS,CURRENT_RUNTIME_DISCOVERED,static/realtime_voice.js; api/realtime_voice.py; tests/e2e/full/realtime-voice.spec.ts,WebUI HEAD 451acb916a33d9267713eaf57aba7f93e462993c; engine HEAD 97fbbecd35984d5e28a3482d60a1165121333fc9. Exact tested file fingerprints: evidence/source-provenance.json. Frozen run 20260909-080212-676633000; commits and content fingerprints are distinct provenance. Any explicitly permitted post-run operator additions are recorded separately as post_run_operator_scripts and are not browser-tested source.,test-kit/tests/e2e/full/realtime-voice.spec.ts:228,"PASS acceptance [20260909-080212-676633000]: US-SP-VOICE-REALTIME-REMOTE-END removed server call stops browser microphone capture; Voice bar hides, track stops, provider is ended and subsequent status returns404. A removed server call cannot leave microphone capture active. Browser media/WebRTC is synthetic; actual HTTP/WS/engine/storage are local and real. Frozen source: True; current spec: True; all tested source files unchanged: True. Any permitted new operator scripts have separate provenance and no browser certification. Delivered report: evidence/executed-scenarios.csv (match test title and run ID).",None for this stated acceptance scope. Broader persona/security/device coverage remains in the dedicated catalog stories.
US-SP-VOICE-019,"Dictation, speech and realtime voice",authorized voice user in a disposable local fixture,"As an authorized voice user, I want to cancel a pending voice launch without reviving an older one.",Hold two actual capability responses; launch/cancel first and launch second; release first; cancel second; release second.,Voice remains closed with two capability reads and zero created peers.,A stale first response cannot release or start the newer canceled launch.,REAL_BROWSER; SYNTHETIC_MEDIA; REAL_HTTP_WS; REAL_ENGINE; AUTHORITATIVE_READBACK; NEGATIVE_STATE,P1,PASS,CURRENT_RUNTIME_DISCOVERED,static/realtime_voice.js; api/realtime_voice.py; tests/e2e/full/realtime-voice.spec.ts,WebUI HEAD 451acb916a33d9267713eaf57aba7f93e462993c; engine HEAD 97fbbecd35984d5e28a3482d60a1165121333fc9. Exact tested file fingerprints: evidence/source-provenance.json. Frozen run 20260909-080212-676633000; commits and content fingerprints are distinct provenance. Any explicitly permitted post-run operator additions are recorded separately as post_run_operator_scripts and are not browser-tested source.,test-kit/tests/e2e/full/realtime-voice.spec.ts:237,PASS acceptance [20260909-080212-676633000]: US-SP-VOICE-REALTIME-LAUNCH-RACE canceled capability response cannot release a newer pending launch; Voice remains closed with two capability reads and zero created peers. A stale first response cannot release or start the newer canceled launch. Browser media/WebRTC is synthetic; actual HTTP/WS/engine/storage are local and real. Frozen source: True; current spec: True; all tested source files unchanged: True. Any permitted new operator scripts have separate provenance and no browser certification. Delivered report: evidence/executed-scenarios.csv (match test title and run ID).,None for this stated acceptance scope. Broader persona/security/device coverage remains in the dedicated catalog stories.
US-SP-VOICE-020,"Dictation, speech and realtime voice",authorized voice user in a disposable local fixture,"As an authorized voice user, I want to dispatch governed engine work in voice chat mode and inspect status.",Start voice; dispatch chat-mode read of a known fixture file; request get_work_status; inspect task row.,"Real read returns exact marker; status output identifies same child session, chat mode and done state.",Task lookup must report the actual child and mode rather than a fabricated completion or parent conversation.,REAL_BROWSER; SYNTHETIC_MEDIA; REAL_HTTP_WS; REAL_ENGINE; AUTHORITATIVE_READBACK; NEGATIVE_STATE,P1,PASS,CURRENT_RUNTIME_DISCOVERED,static/realtime_voice.js; api/realtime_voice.py; tests/e2e/full/realtime-voice.spec.ts,WebUI HEAD 451acb916a33d9267713eaf57aba7f93e462993c; engine HEAD 97fbbecd35984d5e28a3482d60a1165121333fc9. Exact tested file fingerprints: evidence/source-provenance.json. Frozen run 20260909-080212-676633000; commits and content fingerprints are distinct provenance. Any explicitly permitted post-run operator additions are recorded separately as post_run_operator_scripts and are not browser-tested source.,test-kit/tests/e2e/full/realtime-voice.spec.ts:265,"PASS acceptance [20260909-080212-676633000]: US-SP-VOICE-REALTIME-CHAT native chat mode executes actual engine work and status tool; Real read returns exact marker; status output identifies same child session, chat mode and done state. Task lookup must report the actual child and mode rather than a fabricated completion or parent conversation. Browser media/WebRTC is synthetic; actual HTTP/WS/engine/storage are local and real. Frozen source: True; current spec: True; all tested source files unchanged: True. Any permitted new operator scripts have separate provenance and no browser certification. Delivered report: evidence/executed-scenarios.csv (match test title and run ID).",None for this stated acceptance scope. Broader persona/security/device coverage remains in the dedicated catalog stories.
US-SP-VOICE-021,"Dictation, speech and realtime voice",authorized voice user in a disposable local fixture,"As an authorized voice user, I want to dispatch two engine subagents through voice and receive their completion.",Start voice; dispatch subagents mode; await both actual children and parent continuation; request status.,Persisted batch completion names both distinct child markers with exactly two completed statuses; task/result/status are done.,Requested child goals alone are insufficient; both real completion outputs must exist before completion is reported.,REAL_BROWSER; SYNTHETIC_MEDIA; REAL_HTTP_WS; REAL_ENGINE; AUTHORITATIVE_READBACK; NEGATIVE_STATE,P1,PASS,CURRENT_RUNTIME_DISCOVERED,static/realtime_voice.js; api/realtime_voice.py; tests/e2e/full/realtime-voice.spec.ts,WebUI HEAD 451acb916a33d9267713eaf57aba7f93e462993c; engine HEAD 97fbbecd35984d5e28a3482d60a1165121333fc9. Exact tested file fingerprints: evidence/source-provenance.json. Frozen run 20260909-080212-676633000; commits and content fingerprints are distinct provenance. Any explicitly permitted post-run operator additions are recorded separately as post_run_operator_scripts and are not browser-tested source.,test-kit/tests/e2e/full/realtime-voice.spec.ts:265,PASS acceptance [20260909-080212-676633000]: US-SP-VOICE-REALTIME-SUBAGENTS native subagents mode executes actual engine work and status tool; Persisted batch completion names both distinct child markers with exactly two completed statuses; task/result/status are done. Requested child goals alone are insufficient; both real completion outputs must exist before completion is reported. Browser media/WebRTC is synthetic; actual HTTP/WS/engine/storage are local and real. Frozen source: True; current spec: True; all tested source files unchanged: True. Any permitted new operator scripts have separate provenance and no browser certification. Delivered report: evidence/executed-scenarios.csv (match test title and run ID).,None for this stated acceptance scope. Broader persona/security/device coverage remains in the dedicated catalog stories.
US-SP-VOICE-022,"Dictation, speech and realtime voice",authorized voice user in a disposable local fixture,"As an authorized voice user, I want to hear completed background results after current native playback finishes.",Start a slow job; begin native speech/audio playback; let job finish; emit response.done then audio-buffer.stopped.,Result response.create count remains unchanged through response.done and increments once only after playback stops.,A completed task cannot interrupt still-playing native audio merely because the model response is finished.,REAL_BROWSER; SYNTHETIC_MEDIA; REAL_HTTP_WS; REAL_ENGINE; AUTHORITATIVE_READBACK; NEGATIVE_STATE,P1,PASS,CURRENT_RUNTIME_DISCOVERED,static/realtime_voice.js; api/realtime_voice.py; tests/e2e/full/realtime-voice.spec.ts,WebUI HEAD 451acb916a33d9267713eaf57aba7f93e462993c; engine HEAD 97fbbecd35984d5e28a3482d60a1165121333fc9. Exact tested file fingerprints: evidence/source-provenance.json. Frozen run 20260909-080212-676633000; commits and content fingerprints are distinct provenance. Any explicitly permitted post-run operator additions are recorded separately as post_run_operator_scripts and are not browser-tested source.,test-kit/tests/e2e/full/realtime-voice.spec.ts:287,PASS acceptance [20260909-080212-676633000]: US-SP-VOICE-REALTIME-IDLE result speech waits until native audio playback is finished; Result response.create count remains unchanged through response.done and increments once only after playback stops. A completed task cannot interrupt still-playing native audio merely because the model response is finished. Browser media/WebRTC is synthetic; actual HTTP/WS/engine/storage are local and real. Frozen source: True; current spec: True; all tested source files unchanged: True. Any permitted new operator scripts have separate provenance and no browser certification. Delivered report: evidence/executed-scenarios.csv (match test title and run ID).,None for this stated acceptance scope. Broader persona/security/device coverage remains in the dedicated catalog stories.
US-SP-VOICE-023,"Dictation, speech and realtime voice",authorized voice user in a disposable local fixture,"As an authorized voice user, I want to see delegated work as running while an idle parent awaits delayed children.",Start voice subagent task with delayed children; observe parent idle and delegation pending; continue speaking; await continuation.,Status shows agent_running false and delegation_pending true while voice task remains running; two child results persist and final pending/running flags clear.,An idle parent must not be shown as done before its delayed children and continuation finish.,REAL_BROWSER; SYNTHETIC_MEDIA; REAL_HTTP_WS; REAL_ENGINE; AUTHORITATIVE_READBACK; NEGATIVE_STATE,P1,PASS,CURRENT_RUNTIME_DISCOVERED,static/realtime_voice.js; api/realtime_voice.py; tests/e2e/full/realtime-voice.spec.ts,WebUI HEAD 451acb916a33d9267713eaf57aba7f93e462993c; engine HEAD 97fbbecd35984d5e28a3482d60a1165121333fc9. Exact tested file fingerprints: evidence/source-provenance.json. Frozen run 20260909-080212-676633000; commits and content fingerprints are distinct provenance. Any explicitly permitted post-run operator additions are recorded separately as post_run_operator_scripts and are not browser-tested source.,test-kit/tests/e2e/full/realtime-voice.spec.ts:304,PASS acceptance [20260909-080212-676633000]: US-SP-VOICE-REALTIME-SLOW-SUBAGENTS idle parent remains running until delayed actual children and their continuation finish; Status shows agent_running false and delegation_pending true while voice task remains running; two child results persist and final pending/running flags clear. An idle parent must not be shown as done before its delayed children and continuation finish. Browser media/WebRTC is synthetic; actual HTTP/WS/engine/storage are local and real. Frozen source: True; current spec: True; all tested source files unchanged: True. Any permitted new operator scripts have separate provenance and no browser certification. Delivered report: evidence/executed-scenarios.csv (match test title and run ID).,None for this stated acceptance scope. Broader persona/security/device coverage remains in the dedicated catalog stories.
US-SP-VOICE-024,"Dictation, speech and realtime voice",authorized voice user in a disposable local fixture,"As an authorized voice user, I want to preserve my original signed access restrictions after delegated work resumes.",Start voice as a restricted SSO fixture; dispatch two children and a parent follow-up attempting a denied write; await completion and inspect private authority proof.,Both real child completions persist; captured email/group/profile and original denied glob remain; continuation returns file_denied_glob.,Protected file stays absent after wakeup; reconstruction must not discard the original signed group restriction.,REAL_BROWSER; SYNTHETIC_MEDIA; REAL_HTTP_WS; REAL_ENGINE; AUTHORITATIVE_READBACK; NEGATIVE_STATE,P0,PASS,CURRENT_RUNTIME_DISCOVERED,static/realtime_voice.js; api/realtime_voice.py; tests/e2e/full/realtime-voice.spec.ts,WebUI HEAD 451acb916a33d9267713eaf57aba7f93e462993c; engine HEAD 97fbbecd35984d5e28a3482d60a1165121333fc9. Exact tested file fingerprints: evidence/source-provenance.json. Frozen run 20260909-080212-676633000; commits and content fingerprints are distinct provenance. Any explicitly permitted post-run operator additions are recorded separately as post_run_operator_scripts and are not browser-tested source.,test-kit/tests/e2e/full/realtime-voice.spec.ts:330,PASS acceptance [20260909-080212-676633000]: US-SP-VOICE-REALTIME-CONTINUATION original signed SSO restriction survives actual child completion and parent wakeup; Both real child completions persist; captured email/group/profile and original denied glob remain; continuation returns file_denied_glob. Protected file stays absent after wakeup; reconstruction must not discard the original signed group restriction. Browser media/WebRTC is synthetic; actual HTTP/WS/engine/storage are local and real. Frozen source: True; current spec: True; all tested source files unchanged: True. Any permitted new operator scripts have separate provenance and no browser certification. Delivered report: evidence/executed-scenarios.csv (match test title and run ID).,None for this stated acceptance scope. Broader persona/security/device coverage remains in the dedicated catalog stories.
US-SP-CHAT-022,"Composer, responses and runtime",authorized chat user in a disposable local fixture,"As an authorized chat user, I want tool cards to show successful and denied outcomes accurately.","Perform a real successful write; expand its Processed details; read a file containing error-looking JSON; inspect settled cards and reload. Separately revoke workspace membership while a real write waits for Allow once; respond, settle, expand the denied card and reload.","Successful write has exact bytes and successful write/read labels. Denied tool has a durable structured error, no file effect and a Failed label both settled and reloaded.",File contents resembling an error must not turn a successful read into a failure. A denied write must not be labeled Updated or Updating after rebuild/reload.,REAL_BROWSER; REAL_ENGINE; RELOAD; AUTHORITATIVE_READBACK; NEGATIVE_STATE,P1,PASS,CURRENT_RUNTIME_DISCOVERED,static/ui.js; api/streaming.py; tests/e2e/full/tool-result-status.spec.ts; tests/e2e/full/workspace-governance.spec.ts,WebUI HEAD 451acb916a33d9267713eaf57aba7f93e462993c; engine HEAD 97fbbecd35984d5e28a3482d60a1165121333fc9. Exact tested file fingerprints: evidence/source-provenance.json. Frozen run 20260909-080212-676633000; commits and content fingerprints are distinct provenance. Any explicitly permitted post-run operator additions are recorded separately as post_run_operator_scripts and are not browser-tested source.,test-kit/tests/e2e/full/tool-result-status.spec.ts:19 | test-kit/tests/e2e/full/workspace-governance.spec.ts:54,"PASS acceptance [20260909-080212-676633000]: US-SP-CHAT-TOOL-STATUS successful writes and reads of error-looking content remain successful after reload; Real write produces exact bytes; subsequent successful read of error-looking JSON retains a successful Read label. Both tool error flags remain false after reload. This supplements truthful error feedback, not all retry/error recovery states. Frozen source: True; current spec: True; all tested source files unchanged: True. Any permitted new operator scripts have separate provenance and no browser certification. Delivered report: evidence/executed-scenarios.csv (match test title and run ID). | PASS acceptance [20260909-080212-676633000]: US-SP-WS-RUNTIME revoking workspace member while real write awaits approval blocks engine effect after Allow once; After real membership revocation during parked approval, file remains absent and durable tool denial appears; settled and reloaded visible card must stay Failed, never Updated. This supplements truthful feedback, not general endpoint retry behavior. Frozen source: True; current spec: True; all tested source files unchanged: True. Any permitted new operator scripts have separate provenance and no browser certification. Delivered report: evidence/executed-scenarios.csv (match test title and run ID).",None for this stated acceptance scope. Broader persona/security/device coverage remains in the dedicated catalog stories.
